ID,City,Location,Area,Bedrooms,Bathrooms,Floor,YearBuilt,Seller,View,Payment,Finishing,Furnished,Parking,Security,SchoolDist,Color,Price
EG-10001,Cairo,Shubra,120.0,2.0,3.0,3.0,2025,Developer,Street,Installments,Unfinished,Furnished,Yes,No,10.26,Beige,2069000.0
EG-10002,Cairo,Al-Haram,162.0,3.0,2.0,6.0,2024,Developer,Other,Installments,Unfinished,Furnished,No,Yes,9.54,Beige,2849000.0
EG-10003,Cairo,Al-Haram,122.0,3.0,,4.0,2024,Developer,Street,Installments,Unfinished,Unfurnished,Yes,Yes,6.47,White,2461000.0
EG-10004,Cairo,Sheikh Zayed,212.0,4.0,3.0,13.0,2027,Broker,Garden,Installments,Finished,Unfurnished,Yes,No,13.5,Grey,13092000.0
EG-10005,Cairo,Maadi,,2.0,1.0,6.0,2025,Developer,Garden,Installments,Finished,Unfurnished,Yes,Yes,7.84,Off-White,6254000.0
EG-10006,Cairo,Shubra,140.0,3.0,1.0,9.0,2014,Broker,Street,Cash,Finished,Furnished,Yes,No,7.64,White,1648000.0
EG-10007,Cairo,6th of October,145.0,3.0,3.0,2.0,2027,Broker,Other,Installments,Unfinished,Furnished,Yes,No,1.03,Brown,5548000.0
EG-10008,Cairo,Heliopolis,133.0,2.0,2.0,3.0,2025,Broker,Garden,Installments,Finished,Unfurnished,No,No,13.84,Grey,4205000.0
EG-10009,Cairo,6th of October,145.0,3.0,2.0,2.0,2025,Broker,Other,Cash,Finished,Unfurnished,Yes,Yes,2.74,Grey,2444000.0
EG-10010,Cairo,Shubra,125.0,3.0,2.0,4.0,2019,Developer,Street,Installments,Unfinished,Furnished,No,Yes,7.97,White,1329000.0
EG-10011,Cairo,6th of October,185.0,3.0,3.0,3.0,2024,Broker,Other,Installments,Unfinished,Unfurnished,No,Yes,12.07,Grey,1038000.0
EG-10012,Cairo,Ain Shams,154.0,3.0,3.0,4.0,2025,Broker,Street,Installments,Unfinished,Furnished,Yes,No,3.31,Grey,1200000.0
EG-10013,Cairo,6th of October,,3.0,3.0,2.0,2027,Broker,Street,Installments,Unfinished,Furnished,Yes,No,7.96,Brown,4941000.0
EG-10014,Cairo,Al-Haram,160.0,3.0,3.0,2.0,2026,Broker,Other,Installments,Unfinished,Furnished,Yes,Yes,3.69,Brown,4227000.0
EG-10015,Cairo,Al-Haram,157.0,3.0,2.0,3.0,2026,Broker,Street,Installments,Unfinished,Unfurnished,Yes,No,11.42,Off-White,3107000.0
EG-10016,Cairo,Nasr City,127.0,1.0,,0.0,2026,Broker,Street,Installments,Finished,Unfurnished,Yes,Yes,8.51,Brown,6523000.0
EG-10017,Cairo,Ain Shams,130.0,3.0,2.0,0.0,2027,Broker,Street,Installments,Unfinished,Furnished,Yes,Yes,12.85,Off-White,3607000.0
EG-10018,Cairo,New Cairo,151.0,2.0,1.0,3.0,2028,Broker,Pool,Installments,Finished,Furnished,Yes,Yes,13.43,Brown,21410000.0
EG-10019,Cairo,Sheikh Zayed,115.0,1.0,1.0,0.0,2028,Broker,Garden,Installments,Finished,Unfurnished,Yes,Yes,9.77,Off-White,10975000.0
EG-10020,Cairo,Madinaty,260.0,,3.0,,2018,Broker,Street,Cash,Finished,Unfurnished,Yes,No,10.91,Brown,9457000.0
EG-10021,Cairo,Shubra,140.0,3.0,1.0,9.0,2014,Broker,Street,Cash,Finished,Furnished,No,Yes,8.28,Brown,1648000.0
EG-10022,Cairo,Maadi,134.0,3.0,2.0,2.0,2027,Broker,Garden,Installments,Unfinished,Unfurnished,Yes,No,5.83,White,4289000.0
EG-10023,Cairo,New Cairo,317.0,,2.0,3.0,2028,Broker,Pool,Installments,Finished,Furnished,Yes,No,9.76,Brown,37846000.0
EG-10024,Cairo,Madinaty,163.0,2.0,1.0,2.0,2028,Broker,Pool,Installments,Finished,Furnished,Yes,No,13.63,Off-White,22432000.0
EG-10025,Cairo,New Cairo,178.0,3.0,3.0,7.0,2025,Developer,Street,Installments,Unfinished,Unfurnished,Yes,Yes,6.31,White,8589000.0
EG-10026,Cairo,Heliopolis,176.0,3.0,1.0,13.0,2027,Broker,Street,Installments,Finished,Unfurnished,No,No,4.78,Off-White,9122000.0
EG-10027,Cairo,Al-Haram,190.0,3.0,3.0,1.0,2025,Broker,Street,Cash,Unfinished,Unfurnished,Yes,Yes,5.89,Brown,5950000.0
EG-10028,Cairo,New Cairo,200.0,3.0,2.0,2.0,2024,Broker,Garden,Cash,Finished,Unfurnished,Yes,No,6.59,Brown,8442000.0
EG-10029,Cairo,Sheikh Zayed,144.0,2.0,2.0,2.0,2020,Broker,Garden,Installments,Finished,Unfurnished,No,Yes,1.2,Off-White,8234000.0
EG-10030,Cairo,Nasr City,250.0,4.0,2.0,2.0,2026,Developer,Street,Installments,Unfinished,Unfurnished,Yes,No,7.53,Grey,4056000.0
EG-10031,Cairo,6th of October,167.0,3.0,2.0,2.0,2027,Broker,Other,Installments,Unfinished,Furnished,Yes,No,7.47,White,3132000.0
EG-10032,Cairo,Heliopolis,120.0,2.0,2.0,2.0,2025,Broker,Garden,Installments,Finished,Furnished,Yes,No,8.87,White,14854000.0
EG-10033,Cairo,New Cairo,133.0,2.0,1.0,4.0,2025,Broker,Garden,Installments,Finished,Unfurnished,Yes,No,5.51,Brown,11102000.0
EG-10034,Cairo,Al-Haram,220.0,3.0,3.0,3.0,2025,Broker,Street,Cash,Unfinished,Unfurnished,Yes,Yes,9.24,White,4589000.0
EG-10035,Cairo,Sheikh Zayed,240.0,3.0,2.0,2.0,2025,Broker,Street,Cash,Finished,Furnished,No,Yes,13.19,Off-White,7395000.0
EG-10036,Cairo,Heliopolis,89.0,2.0,2.0,3.0,2025,Broker,Garden,Cash,Finished,Unfurnished,Yes,Yes,14.34,Brown,5436000.0
EG-10037,Cairo,New Cairo,240.0,3.0,3.0,3.0,2025,Broker,Garden,Cash,Finished,Furnished,No,Yes,8.8,White,7839000.0
EG-10038,Cairo,Sheikh Zayed,130.0,2.0,3.0,1.0,2030,Broker,Pool,Installments,Finished,Unfurnished,No,Yes,0.73,Beige,12248000.0
EG-10039,Cairo,Al-Haram,122.0,3.0,1.0,2.0,2024,Developer,Other,Installments,Unfinished,Furnished,No,Yes,14.54,White,2498000.0
EG-10040,Cairo,Maadi,128.0,2.0,2.0,3.0,2025,Broker,Street,Cash,Unfinished,Unfurnished,No,No,10.62,Off-White,6188000.0
EG-10041,Cairo,Madinaty,243.0,3.0,4.0,1.0,2026,Broker,Pool,Installments,Finished,Furnished,No,No,5.11,White,18181000.0
EG-10042,Cairo,Sheikh Zayed,127.0,2.0,2.0,3.0,2026,Broker,Garden,Installments,Unfinished,Unfurnished,Yes,Yes,2.29,Grey,9843000.0
EG-10043,Cairo,Heliopolis,127.0,1.0,1.0,0.0,2026,Broker,Pool,Installments,Finished,Furnished,Yes,Yes,2.24,Grey,7084000.0
EG-10044,Cairo,New Cairo,176.0,3.0,1.0,13.0,2027,Broker,Pool,Installments,Finished,Unfurnished,No,Yes,2.6,Brown,9963000.0
EG-10045,Cairo,6th of October,190.0,3.0,3.0,1.0,2025,Broker,Other,Cash,Unfinished,Unfurnished,No,Yes,0.78,Grey,5293000.0
EG-10046,Cairo,Heliopolis,,1.0,1.0,0.0,2026,Broker,Garden,Installments,Finished,Furnished,Yes,No,13.54,Off-White,5846000.0
EG-10047,Cairo,Sheikh Zayed,144.0,2.0,2.0,2.0,2020,Broker,Garden,Installments,Finished,Furnished,Yes,Yes,8.16,Beige,9003000.0
EG-10048,Cairo,6th of October,250.0,4.0,2.0,2.0,2026,Developer,Street,Installments,Unfinished,Furnished,No,No,10.53,Beige,4177000.0
EG-10049,Cairo,Nasr City,167.0,3.0,2.0,2.0,2027,Broker,Street,Installments,Unfinished,Unfurnished,Yes,Yes,12.44,Brown,3318000.0
EG-10050,Cairo,6th of October,110.0,1.0,1.0,,2026,Broker,Other,Installments,Finished,Unfurnished,No,No,11.89,Brown,5241000.0
EG-10051,Cairo,New Cairo,120.0,2.0,2.0,2.0,2025,Broker,Garden,Installments,Finished,Furnished,Yes,No,13.25,Grey,14854000.0
EG-10052,Cairo,Madinaty,240.0,3.0,2.0,2.0,2025,Broker,Pool,Cash,Finished,Unfurnished,No,No,14.51,Off-White,7169000.0
EG-10053,Cairo,Heliopolis,78.0,1.0,1.0,0.0,2026,Broker,Garden,Installments,Finished,Unfurnished,Yes,Yes,6.64,Grey,4963000.0
EG-10054,Cairo,Shubra,47.0,1.0,1.0,1.0,2027,Broker,Street,Cash,Finished,Furnished,Yes,Yes,14.26,Off-White,2521000.0
EG-10055,Cairo,Al-Haram,85.0,2.0,1.0,0.0,2025,Broker,Street,Installments,Finished,Unfurnished,Yes,Yes,10.88,Off-White,5102000.0
EG-10056,Cairo,New Cairo,240.0,3.0,3.0,3.0,2025,Broker,Garden,Cash,Finished,Unfurnished,Yes,No,1.15,Beige,7386000.0
EG-10057,Cairo,Sheikh Zayed,130.0,2.0,3.0,1.0,2030,Broker,Garden,Installments,Finished,Unfurnished,Yes,Yes,10.26,Off-White,12619000.0
EG-10058,Cairo,Al-Haram,104.0,1.0,1.0,2.0,2026,Broker,Street,Installments,Finished,Furnished,No,No,10.33,White,5655000.0
EG-10059,Cairo,New Cairo,243.0,3.0,4.0,1.0,2026,Broker,Pool,Installments,Finished,Furnished,Yes,No,13.6,Off-White,18732000.0
EG-10060,Cairo,Madinaty,127.0,2.0,2.0,3.0,2026,Broker,Garden,Installments,Unfinished,Furnished,Yes,Yes,5.66,Beige,10446000.0
EG-10061,Cairo,Heliopolis,,3.0,,2.0,2025,Broker,Street,Cash,Unfinished,Unfurnished,Yes,No,8.82,Grey,3973000.0
EG-10062,Cairo,New Cairo,235.0,4.0,3.0,9.0,2023,Broker,Pool,Installments,Finished,Unfurnished,No,Yes,0.28,Off-White,11610000.0
EG-10063,Cairo,Nasr City,175.0,3.0,2.0,4.0,2000,Broker,Other,Cash,Finished,Furnished,Yes,Yes,5.05,White,4090000.0
EG-10064,Cairo,Sheikh Zayed,197.0,4.0,4.0,2.0,2025,Broker,Garden,Installments,Unfinished,Furnished,No,No,1.03,Brown,13638000.0
EG-10065,Cairo,Sheikh Zayed,345.0,3.0,4.0,12.0,2013,Broker,Garden,Cash,Finished,Furnished,No,No,7.88,Grey,15216000.0
EG-10066,Cairo,Shubra,150.0,3.0,2.0,3.0,2019,Private Owner,Street,Cash,Unfinished,Unfurnished,No,No,12.28,Brown,2511000.0
EG-10067,Cairo,Nasr City,230.0,4.0,2.0,1.0,2026,Developer,Street,Installments,Unfinished,Furnished,Yes,No,3.18,White,4151000.0
EG-10068,Cairo,Nasr City,140.0,2.0,2.0,10.0,1999,Broker,Street,Cash,Finished,Unfurnished,No,No,7.96,Beige,3285000.0
EG-10069,Cairo,Heliopolis,230.0,3.0,3.0,1.0,2026,Private Owner,Street,Installments,Unfinished,Unfurnished,Yes,Yes,3.14,Beige,5339000.0
EG-10070,Cairo,Al-Haram,62.0,1.0,1.0,1.0,2025,Broker,Street,Cash,Unfinished,Unfurnished,No,No,1.9,Grey,2560000.0
EG-10071,Cairo,Sheikh Zayed,164.0,2.0,3.0,4.0,2027,Cash or Installments,Garden,Installments,Finished,Unfurnished,Yes,Yes,7.71,Off-White,28631000.0
EG-10072,Cairo,Shubra,120.0,3.0,1.0,8.0,2000,Private Owner,Street,Cash,Finished,Furnished,No,Yes,1.28,Off-White,3275000.0
EG-10073,Cairo,Maadi,119.0,2.0,2.0,1.0,2029,Broker,Lake,Installments,Unfinished,Unfurnished,Yes,Yes,8.85,Brown,7651000.0
EG-10074,Cairo,Heliopolis,237.0,4.0,3.0,2.0,2025,Developer,Pool,Installments,Unfinished,Unfurnished,Yes,Yes,0.57,Beige,7235000.0
EG-10075,Cairo,Ain Shams,100.0,,1.0,,2019,Developer,Street,Cash,Unfinished,Unfurnished,Yes,Yes,1.69,Off-White,1618000.0
EG-10076,Cairo,6th of October,51.0,1.0,1.0,1.0,2029,Developer,Other,Installments,Unfinished,Furnished,Yes,Yes,8.29,Off-White,2393000.0
EG-10077,Cairo,Maadi,108.0,2.0,1.0,3.0,2024,Developer,Pool,Installments,Unfinished,Furnished,No,Yes,8.91,Beige,7431000.0
EG-10078,Cairo,6th of October,140.0,2.0,1.0,5.0,1999,Private Owner,Street,Cash,Finished,Unfurnished,No,Yes,0.53,Beige,1195000.0
EG-10079,Cairo,Nasr City,155.0,3.0,3.0,1.0,2025,Broker,Street,Installments,Unfinished,Unfurnished,No,Yes,8.64,White,4506000.0
EG-10080,Cairo,Maadi,235.0,3.0,3.0,2.0,2025,Private Owner,Pool,Installments,Unfinished,Unfurnished,Yes,No,12.59,Brown,6926000.0
EG-10081,Cairo,New Cairo,173.0,3.0,3.0,1.0,2025,Broker,Pool,Cash,Unfinished,Unfurnished,Yes,Yes,10.86,Beige,15109000.0
EG-10082,Cairo,Al-Haram,90.0,2.0,1.0,2.0,2026,Broker,Street,Cash,Unfinished,Unfurnished,Yes,Yes,2.05,White,3904000.0
EG-10083,Cairo,Maadi,135.0,2.0,2.0,2.0,2025,Broker,Pool,Cash,Finished,Furnished,Yes,Yes,8.93,Beige,13268000.0
EG-10084,Cairo,Maadi,152.0,3.0,2.0,1.0,2028,Compound Developer,Lake,Installments,Unfinished,Unfurnished,No,Yes,10.12,Grey,4763000.0
EG-10085,Cairo,Ain Shams,120.0,3.0,1.0,7.0,1997,Private Owner,Other,Cash,Finished,Unfurnished,Yes,No,0.65,Grey,1505000.0
EG-10086,Cairo,Maadi,185.0,3.0,4.0,4.0,2025,Developer,Lake,Installments,Unfinished,Unfurnished,No,No,12.84,Grey,3896000.0
EG-10087,Cairo,Sheikh Zayed,133.0,2.0,2.0,,2018,Private Owner,Pool,Cash,Finished,Unfurnished,No,No,13.6,Beige,10703000.0
EG-10088,Cairo,Maadi,161.0,3.0,3.0,2.0,2025,Broker,Street,Cash,Finished,Unfurnished,No,Yes,12.77,Off-White,10452000.0
EG-10089,Cairo,Nasr City,138.0,3.0,2.0,2.0,2027,Broker,Street,Installments,Unfinished,Furnished,No,Yes,12.39,Off-White,4256000.0
EG-10090,Cairo,Ain Shams,80.0,2.0,1.0,3.0,2000,Private Owner,Street,Cash,Finished,Unfurnished,Yes,Yes,11.2,Grey,2256000.0
EG-10091,Cairo,Shubra,144.0,3.0,1.0,9.0,2015,Broker,Street,Installments,Finished,Furnished,Yes,No,9.54,Brown,1587000.0
EG-10092,Cairo,Maadi,87.0,2.0,2.0,1.0,2025,Developer,Pool,Installments,Unfinished,Unfurnished,No,No,10.21,White,6009000.0
EG-10093,Cairo,Ain Shams,160.0,3.0,3.0,3.0,2012,Broker,Other,Installments,Unfinished,Unfurnished,No,No,12.12,Grey,2942000.0
EG-10094,Cairo,Al-Haram,130.0,3.0,1.0,4.0,2025,Broker,Street,Cash,Finished,Furnished,Yes,Yes,9.97,White,3810000.0
EG-10095,Cairo,Shubra,123.0,3.0,3.0,3.0,2027,Broker,Street,Installments,Unfinished,Unfurnished,Yes,Yes,4.98,White,2855000.0
EG-10096,Cairo,Al-Haram,196.0,3.0,3.0,1.0,2024,Broker,Other,Installments,Finished,Furnished,No,Yes,5.7,Grey,5525000.0
EG-10097,Cairo,Maadi,145.0,3.0,3.0,2.0,2029,Broker,Garden,Installments,Unfinished,Unfurnished,Yes,No,13.47,Off-White,4066000.0
EG-10098,Cairo,Nasr City,138.0,3.0,2.0,2.0,2027,Broker,Street,Installments,Unfinished,Furnished,No,Yes,0.36,Brown,4256000.0
EG-10099,Cairo,Heliopolis,180.0,3.0,3.0,3.0,2025,Broker,Pool,Cash,Finished,Unfurnished,Yes,Yes,10.51,Grey,6197000.0
EG-10100,Cairo,Ain Shams,144.0,3.0,1.0,9.0,2015,Broker,Street,Installments,Finished,Unfurnished,No,No,14.33,White,1451000.0
EG-10101,Cairo,Ain Shams,161.0,3.0,2.0,1.0,2025,Broker,Street,Installments,Unfinished,Unfurnished,No,No,10.62,Beige,2948000.0
EG-10102,Cairo,Al-Haram,173.0,3.0,2.0,3.0,2025,Broker,Street,Installments,Unfinished,Unfurnished,No,Yes,14.91,Beige,4443000.0
EG-10103,Cairo,Al-Haram,90.0,2.0,1.0,2.0,2026,Broker,Street,Cash,Unfinished,Unfurnished,Yes,Yes,10.34,White,3904000.0
EG-10104,Cairo,New Cairo,135.0,2.0,2.0,2.0,2025,Broker,Street,Cash,Finished,Unfurnished,No,No,0.61,Grey,11111000.0
EG-10105,Cairo,Sheikh Zayed,260.0,4.0,3.0,0.0,2018,Private Owner,Pool,Cash,Unfinished,Unfurnished,No,Yes,12.42,Off-White,7248000.0
EG-10106,Cairo,Al-Haram,93.0,1.0,1.0,0.0,2026,Broker,Street,Installments,Finished,Unfurnished,No,No,4.34,Grey,5274000.0
EG-10107,Cairo,Sheikh Zayed,230.0,4.0,4.0,1.0,2024,Broker,Garden,Cash,Unfinished,Unfurnished,Yes,Yes,6.75,Brown,8073000.0
EG-10108,Cairo,Al-Haram,95.0,3.0,1.0,7.0,2015,Private Owner,Street,Cash,Finished,Furnished,Yes,No,4.75,Beige,2208000.0
EG-10109,Cairo,Shubra,142.0,3.0,3.0,0.0,2027,Broker,Street,Installments,Unfinished,Unfurnished,Yes,No,4.1,White,3245000.0
EG-10110,Cairo,6th of October,120.0,3.0,1.0,7.0,1997,Private Owner,Other,Cash,Finished,Furnished,Yes,No,6.53,Off-White,1598000.0
EG-10111,Cairo,Al-Haram,200.0,3.0,1.0,5.0,2000,Broker,Street,Cash,Finished,Unfurnished,No,Yes,5.74,Grey,4480000.0
EG-10112,Cairo,Sheikh Zayed,133.0,2.0,2.0,2.0,2018,Private Owner,Street,Cash,Finished,Furnished,Yes,Yes,9.54,Brown,11374000.0
EG-10113,Cairo,Sheikh Zayed,161.0,3.0,3.0,2.0,2025,Broker,Pool,Cash,Finished,Unfurnished,No,Yes,12.22,Grey,11080000.0
EG-10114,Cairo,Al-Haram,80.0,2.0,,3.0,2000,Private Owner,Street,Cash,Finished,Unfurnished,Yes,No,4.53,Brown,2190000.0
EG-10115,Cairo,Heliopolis,133.0,1.0,1.0,0.0,2026,Broker,Pool,Installments,Finished,Unfurnished,Yes,Yes,3.28,Grey,7032000.0
EG-10116,Cairo,Sheikh Zayed,200.0,3.0,3.0,3.0,2000,Private Owner,Street,Cash,Finished,Unfurnished,No,Yes,10.04,Off-White,12941000.0
EG-10117,Cairo,Maadi,107.0,3.0,2.0,2.0,2024,Broker,Street,Cash,Finished,Unfurnished,No,Yes,10.09,Off-White,5475000.0
EG-10118,Cairo,New Cairo,210.0,3.0,2.0,2.0,2025,Broker,Garden,Cash,Unfinished,Unfurnished,No,No,13.53,White,7130000.0
EG-10119,Cairo,Sheikh Zayed,132.0,3.0,2.0,3.0,2025,Broker,Pool,Cash,Finished,Unfurnished,No,No,0.34,Off-White,7681000.0
EG-10120,Cairo,Nasr City,170.0,3.0,3.0,2.0,2026,Broker,Street,Installments,Unfinished,Furnished,No,No,12.81,Brown,4177000.0
EG-10121,Cairo,Nasr City,78.0,1.0,1.0,2.0,2025,Broker,Street,Installments,Finished,Unfurnished,No,Yes,7.86,White,4852000.0
EG-10122,Cairo,Sheikh Zayed,144.0,3.0,2.0,2.0,2025,Broker,Garden,Cash,Finished,Unfurnished,No,No,9.36,Off-White,10242000.0
EG-10123,Cairo,Maadi,160.0,2.0,2.0,10.0,2016,Developer,Street,Cash,Finished,Furnished,No,Yes,1.46,Beige,18650000.0
EG-10124,Cairo,Nasr City,130.0,3.0,1.0,8.0,2025,Cash or Installments,Other,Installments,Finished,Furnished,Yes,No,6.55,Brown,4481000.0
EG-10125,Cairo,Heliopolis,205.0,3.0,3.0,1.0,2025,Broker,Garden,Installments,Finished,Furnished,No,Yes,3.49,White,9502000.0
EG-10126,Cairo,Nasr City,160.0,3.0,3.0,3.0,2027,Broker,Other,Installments,Unfinished,Furnished,No,Yes,3.89,Brown,3542000.0
EG-10127,Cairo,New Cairo,200.0,3.0,2.0,2.0,2025,Broker,Garden,Cash,Finished,Unfurnished,Yes,Yes,7.61,White,11959000.0
EG-10128,Cairo,Maadi,160.0,3.0,2.0,2.0,2025,Broker,Lake,Installments,Unfinished,Unfurnished,Yes,Yes,12.21,Brown,4876000.0
EG-10129,Cairo,Nasr City,170.0,3.0,3.0,2.0,2026,Broker,Street,Installments,Unfinished,Unfurnished,No,Yes,11.18,Beige,4777000.0
EG-10130,Cairo,Al-Haram,230.0,3.0,3.0,3.0,2026,Broker,Street,Installments,Unfinished,Unfurnished,Yes,Yes,8.91,Off-White,3714000.0
EG-10131,Cairo,Maadi,160.0,3.0,3.0,10.0,2026,Broker,Street,Cash,Unfinished,Unfurnished,No,Yes,8.14,Grey,6875000.0
EG-10132,Cairo,Sheikh Zayed,170.0,3.0,3.0,9.0,2026,Broker,Garden,Cash,Unfinished,Unfurnished,Yes,Yes,6.47,Grey,7977000.0
EG-10133,Cairo,Shubra,136.0,3.0,2.0,3.0,2027,Broker,Street,Installments,Unfinished,Furnished,Yes,Yes,14.59,Grey,3414000.0
EG-10134,Cairo,Maadi,,3.0,1.0,,2027,Broker,Lake,Installments,Finished,Unfurnished,Yes,No,8.45,White,6753000.0
EG-10135,Cairo,Nasr City,128.0,2.0,,1.0,2027,Broker,Street,Installments,Finished,Unfurnished,Yes,No,3.88,Off-White,5049000.0
EG-10136,Cairo,Al-Haram,85.0,2.0,1.0,2.0,2025,Broker,Street,Installments,Unfinished,Furnished,No,No,3.53,White,2489000.0
EG-10137,Cairo,Sheikh Zayed,245.0,,3.0,3.0,2025,Broker,Pool,Cash,Finished,Furnished,No,No,9.21,White,13586000.0
EG-10138,Cairo,6th of October,135.0,3.0,2.0,9.0,2026,Broker,Street,Cash,Unfinished,Unfurnished,Yes,No,7.89,White,5801000.0
EG-10139,Cairo,Heliopolis,150.0,3.0,2.0,3.0,2025,Broker,Street,Installments,Finished,Unfurnished,Yes,No,0.21,White,5146000.0
EG-10140,Cairo,Shubra,110.0,2.0,2.0,3.0,2028,Broker,Other,Installments,Unfinished,Unfurnished,Yes,No,12.47,Off-White,2917000.0
EG-10141,Cairo,Maadi,200.0,3.0,2.0,4.0,2020,Broker,Lake,Cash,Unfinished,Unfurnished,No,Yes,10.59,Grey,8898000.0
EG-10142,Cairo,Maadi,161.0,3.0,1.0,13.0,2027,Broker,Street,Installments,Finished,Unfurnished,Yes,Yes,9.96,Brown,6002000.0
EG-10143,Cairo,Nasr City,260.0,4.0,3.0,2.0,2022,Broker,Street,Cash,Unfinished,Furnished,Yes,Yes,1.12,White,5809000.0
EG-10144,Cairo,Shubra,37.0,1.0,1.0,1.0,2027,Broker,Street,Installments,Finished,Furnished,Yes,No,5.49,Off-White,1906000.0
EG-10145,Cairo,Madinaty,152.0,3.0,2.0,,2026,Broker,Garden,Cash,Unfinished,Unfurnished,No,No,14.04,Beige,6719000.0
EG-10146,Cairo,Maadi,200.0,3.0,3.0,1.0,2025,Broker,Lake,Installments,Unfinished,Unfurnished,Yes,Yes,12.95,Brown,6061000.0
EG-10147,Cairo,Ain Shams,52.0,,1.0,2.0,2027,Broker,Street,Installments,Finished,Unfurnished,Yes,Yes,4.35,White,2861000.0
EG-10148,Cairo,Ain Shams,170.0,3.0,3.0,1.0,2000,Broker,Other,Cash,Finished,Furnished,No,Yes,2.44,White,3486000.0
EG-10149,Cairo,Shubra,69.0,1.0,,1.0,2027,Broker,Street,Installments,Unfinished,Furnished,No,No,6.79,Brown,3620000.0
EG-10150,Cairo,Al-Haram,165.0,3.0,2.0,1.0,2026,Developer,Street,Installments,Unfinished,Furnished,No,Yes,5.4,Brown,2678000.0
EG-10151,Cairo,6th of October,119.0,3.0,1.0,7.0,2027,Developer,Street,Installments,Unfinished,Unfurnished,Yes,Yes,10.27,White,2210000.0
EG-10152,Cairo,Sheikh Zayed,126.0,2.0,2.0,2.0,2029,Broker,Pool,Installments,Unfinished,Unfurnished,Yes,Yes,14.5,Off-White,7294000.0
EG-10153,Cairo,Shubra,165.0,3.0,2.0,5.0,2013,Developer,Street,Installments,Finished,Furnished,No,No,5.51,Beige,2475000.0
EG-10154,Cairo,Al-Haram,142.0,3.0,2.0,2.0,2025,Developer,Street,Cash,Unfinished,Furnished,Yes,No,1.03,Off-White,2942000.0
EG-10155,Cairo,Madinaty,,4.0,4.0,1.0,2025,Broker,Garden,Installments,Unfinished,Furnished,Yes,No,13.47,Grey,9665000.0
EG-10156,Cairo,Shubra,165.0,3.0,2.0,1.0,2026,Developer,Street,Installments,Unfinished,Unfurnished,Yes,Yes,0.67,Grey,2600000.0
EG-10157,Cairo,Heliopolis,133.0,3.0,2.0,1.0,2027,Broker,Pool,Installments,Unfinished,Unfurnished,No,Yes,14.3,Grey,4447000.0
EG-10158,Cairo,Shubra,120.0,3.0,2.0,2.0,2028,Broker,Other,Installments,Unfinished,Furnished,No,Yes,10.0,White,2735000.0
EG-10159,Cairo,New Cairo,165.0,3.0,3.0,5.0,2027,Developer,Garden,Installments,Unfinished,Furnished,No,Yes,14.13,Beige,9023000.0
EG-10160,Cairo,Shubra,144.0,3.0,3.0,2.0,2029,Broker,Street,Installments,Unfinished,Unfurnished,Yes,No,3.07,Beige,2855000.0
EG-10161,Cairo,Nasr City,142.0,3.0,2.0,2.0,2025,Developer,Street,Installments,Unfinished,Unfurnished,No,Yes,0.71,White,2704000.0
EG-10162,Cairo,Al-Haram,155.0,3.0,3.0,3.0,2025,Broker,Other,Installments,Unfinished,Unfurnished,Yes,No,7.37,White,1033000.0
EG-10163,Cairo,6th of October,185.0,3.0,2.0,7.0,2005,Broker,Street,Cash,Finished,Unfurnished,Yes,Yes,6.81,White,3031000.0
EG-10164,Cairo,Maadi,188.0,3.0,2.0,10.0,2013,Broker,Garden,Cash,Finished,Unfurnished,No,No,5.04,Beige,5940000.0
EG-10165,Cairo,Heliopolis,183.0,3.0,3.0,1.0,2028,Broker,Street,Installments,Unfinished,Furnished,Yes,Yes,14.37,White,8392000.0
EG-10166,Cairo,Nasr City,225.0,4.0,3.0,3.0,2025,Broker,Street,Cash,Finished,Unfurnished,Yes,Yes,12.36,Brown,6974000.0
EG-10167,Cairo,Sheikh Zayed,162.0,2.0,3.0,3.0,2015,Broker,Garden,Cash,Unfinished,Furnished,No,No,9.96,Brown,12106000.0
EG-10168,Cairo,Maadi,165.0,3.0,3.0,1.0,2025,Broker,Lake,Installments,Unfinished,Unfurnished,Yes,No,2.53,Brown,5593000.0
EG-10169,Cairo,Sheikh Zayed,143.0,2.0,2.0,0.0,2026,Broker,Garden,Installments,Unfinished,Unfurnished,No,Yes,11.04,White,13566000.0
EG-10170,Cairo,Al-Haram,171.0,3.0,3.0,1.0,2025,Broker,Street,Cash,Unfinished,Unfurnished,No,No,10.93,Brown,4484000.0
EG-10171,Cairo,Heliopolis,350.0,3.0,3.0,3.0,2025,Broker,Pool,Cash,Finished,Unfurnished,No,Yes,6.43,White,11080000.0
EG-10172,Cairo,New Cairo,126.0,2.0,2.0,1.0,2025,Broker,Garden,Installments,Unfinished,Unfurnished,No,Yes,13.88,Brown,8560000.0
EG-10173,Cairo,Heliopolis,175.0,3.0,3.0,1.0,2025,Broker,Pool,Cash,Finished,Unfurnished,No,No,2.59,White,6657000.0
EG-10174,Cairo,Shubra,120.0,3.0,2.0,3.0,2025,Broker,Street,Cash,Unfinished,Furnished,Yes,Yes,4.08,Off-White,3435000.0
EG-10175,Cairo,Maadi,250.0,3.0,,3.0,2025,Broker,Garden,Cash,Unfinished,Unfurnished,Yes,Yes,1.04,Grey,6004000.0
EG-10176,Cairo,Maadi,101.0,2.0,2.0,5.0,2026,Broker,Street,Installments,Unfinished,Unfurnished,No,No,11.95,Off-White,5240000.0
EG-10177,Cairo,Al-Haram,140.0,3.0,2.0,0.0,2025,Broker,Other,Cash,Unfinished,Unfurnished,Yes,No,9.36,Grey,3133000.0
EG-10178,Cairo,Shubra,123.0,3.0,3.0,2.0,2027,Broker,Street,Installments,Unfinished,Unfurnished,No,Yes,4.79,Grey,2771000.0
EG-10179,Cairo,Nasr City,175.0,3.0,,1.0,2025,Broker,Other,Cash,Unfinished,Unfurnished,Yes,Yes,2.54,Brown,5192000.0
EG-10180,Cairo,Nasr City,225.0,3.0,3.0,3.0,2025,Broker,Street,Cash,Unfinished,Unfurnished,Yes,Yes,0.7,Grey,5712000.0
EG-10181,Cairo,New Cairo,255.0,3.0,2.0,2.0,2012,Broker,Garden,Cash,Finished,Furnished,Yes,Yes,2.58,Grey,10211000.0
EG-10182,Cairo,New Cairo,118.0,2.0,2.0,6.0,2029,Broker,Garden,Installments,Finished,Unfurnished,Yes,No,6.85,Off-White,8039000.0
EG-10183,Cairo,Heliopolis,162.0,3.0,2.0,5.0,2025,Broker,Garden,Cash,Finished,Unfurnished,No,Yes,3.78,Grey,9180000.0
EG-10184,Cairo,Maadi,177.0,3.0,3.0,0.0,2028,Broker,Lake,Installments,Unfinished,Furnished,No,Yes,3.96,White,8718000.0
EG-10185,Cairo,Nasr City,158.0,3.0,2.0,2.0,2028,Broker,Street,Installments,Unfinished,Unfurnished,Yes,No,13.15,White,5238000.0
EG-10186,Cairo,Nasr City,165.0,3.0,2.0,5.0,2025,Broker,Other,Cash,Finished,Furnished,No,No,7.78,Brown,6108000.0
EG-10187,Cairo,6th of October,155.0,2.0,3.0,1.0,2025,Broker,Street,Cash,Unfinished,Furnished,No,No,10.97,Off-White,4378000.0
EG-10188,Cairo,6th of October,198.0,3.0,3.0,1.0,2028,Developer,Street,Installments,Unfinished,Unfurnished,No,Yes,0.63,Beige,5710000.0
EG-10189,Cairo,Sheikh Zayed,200.0,4.0,3.0,2.0,2028,Broker,Garden,Installments,Unfinished,Unfurnished,No,No,5.54,Off-White,8082000.0
EG-10190,Cairo,Heliopolis,83.0,2.0,1.0,1.0,2025,Developer,Street,Installments,Finished,Furnished,Yes,Yes,7.24,Beige,6168000.0
EG-10191,Cairo,6th of October,83.0,2.0,1.0,1.0,2025,Developer,Street,Installments,Finished,Unfurnished,Yes,Yes,2.88,Grey,5812000.0
EG-10192,Cairo,Nasr City,225.0,,3.0,3.0,2025,Broker,Street,Cash,Unfinished,Unfurnished,No,No,1.89,Beige,5381000.0
EG-10193,Cairo,New Cairo,255.0,3.0,2.0,2.0,2012,Broker,Pool,Cash,Finished,Unfurnished,No,Yes,13.07,Grey,9339000.0
EG-10194,Cairo,Sheikh Zayed,162.0,3.0,2.0,5.0,2025,Broker,Pool,Cash,Finished,Unfurnished,No,No,14.1,Off-White,8910000.0
EG-10195,Cairo,6th of October,140.0,3.0,1.0,9.0,2003,Broker,Other,Cash,Finished,Unfurnished,No,Yes,1.27,Off-White,1505000.0
EG-10196,Cairo,Madinaty,164.0,3.0,3.0,1.0,2025,Broker,Pool,Installments,Unfinished,Unfurnished,No,No,5.3,Brown,7325000.0
EG-10197,Cairo,Ain Shams,426.0,3.0,3.0,3.0,2027,Broker,Street,Installments,Unfinished,Unfurnished,No,Yes,14.38,Brown,2757000.0
EG-10198,Cairo,Nasr City,115.0,2.0,1.0,4.0,2025,Broker,Other,Installments,Finished,Furnished,No,No,1.34,Grey,3566000.0
EG-10199,Cairo,Nasr City,119.0,3.0,1.0,12.0,2026,Broker,Street,Installments,Unfinished,Furnished,Yes,No,9.69,Grey,3984000.0
EG-10200,Cairo,Nasr City,198.0,3.0,3.0,1.0,2028,Developer,Street,Installments,Unfinished,Furnished,Yes,No,14.59,White,6060000.0
EG-10201,Cairo,Maadi,220.0,3.0,3.0,0.0,2025,Broker,Street,Cash,Unfinished,Unfurnished,No,Yes,14.68,White,6099000.0
EG-10202,Cairo,Maadi,79.0,1.0,1.0,1.0,2025,Developer,Garden,Cash,Finished,Furnished,Yes,No,7.12,White,8231000.0
EG-10203,Cairo,Heliopolis,66.0,1.0,2.0,5.0,2025,Broker,Pool,Installments,Finished,Furnished,Yes,Yes,2.52,Off-White,10691000.0
EG-10204,Cairo,Heliopolis,181.0,3.0,3.0,3.0,2027,Broker,Garden,Installments,Unfinished,Unfurnished,No,Yes,3.11,Beige,4150000.0
EG-10205,Cairo,Nasr City,178.0,3.0,2.0,2.0,2025,Broker,Street,Installments,Unfinished,Unfurnished,Yes,No,13.36,Grey,5029000.0
EG-10206,Cairo,Maadi,178.0,2.0,2.0,3.0,2027,Broker,Pool,Installments,Unfinished,Unfurnished,No,Yes,13.68,Brown,13677000.0
EG-10207,Cairo,Sheikh Zayed,168.0,3.0,2.0,3.0,2022,Broker,Garden,Cash,Finished,Furnished,No,Yes,9.16,Grey,9742000.0
EG-10208,Cairo,Heliopolis,170.0,,3.0,2.0,2024,Broker,Garden,Cash,Unfinished,Unfurnished,Yes,No,11.52,Beige,4746000.0
EG-10209,Cairo,Heliopolis,160.0,3.0,,1.0,2030,Broker,Pool,Installments,Unfinished,Furnished,Yes,Yes,11.12,Grey,7416000.0
EG-10210,Cairo,Maadi,208.0,3.0,3.0,1.0,2015,Broker,Street,Cash,Finished,Furnished,No,No,9.96,Brown,20507000.0
EG-10211,Cairo,Shubra,140.0,3.0,3.0,5.0,2010,Broker,Street,Cash,Finished,Furnished,Yes,No,12.43,Brown,4067000.0
EG-10212,Cairo,Nasr City,181.0,3.0,3.0,,2027,Broker,Street,Installments,Unfinished,Unfurnished,Yes,Yes,10.31,Beige,4216000.0
EG-10213,Cairo,Maadi,158.0,3.0,3.0,,2028,Broker,Pool,Installments,Unfinished,Furnished,No,Yes,8.06,Brown,4645000.0
EG-10214,Cairo,Nasr City,101.0,2.0,1.0,3.0,2025,Broker,Street,Installments,Unfinished,Unfurnished,No,No,3.63,Off-White,5591000.0
EG-10215,Cairo,Sheikh Zayed,280.0,4.0,3.0,2.0,2025,Developer,Garden,Cash,Finished,Unfurnished,Yes,No,11.18,Brown,10024000.0
EG-10216,Cairo,Sheikh Zayed,110.0,2.0,2.0,0.0,2025,Broker,Garden,Installments,Finished,Furnished,No,Yes,7.15,Beige,9830000.0
EG-10217,Cairo,6th of October,186.0,3.0,,1.0,2025,Broker,Street,Cash,Finished,Unfurnished,No,Yes,4.49,Beige,6172000.0
EG-10218,Cairo,6th of October,162.0,3.0,3.0,1.0,2025,Broker,Street,Cash,Unfinished,Unfurnished,Yes,Yes,12.05,Grey,4189000.0
EG-10219,Cairo,Maadi,163.0,3.0,3.0,2.0,2017,Broker,Lake,Cash,Finished,Unfurnished,No,No,10.48,Brown,6203000.0
EG-10220,Cairo,Al-Haram,95.0,1.0,1.0,1.0,2029,Broker,Other,Installments,Unfinished,Unfurnished,Yes,No,14.07,Brown,3893000.0
EG-10221,Cairo,Sheikh Zayed,110.0,2.0,2.0,3.0,2025,Broker,Garden,Installments,Unfinished,Unfurnished,Yes,Yes,2.57,Beige,8959000.0
EG-10222,Cairo,Nasr City,140.0,3.0,2.0,0.0,2020,Broker,Street,Cash,Finished,Unfurnished,No,No,9.77,Grey,4638000.0
EG-10223,Cairo,Shubra,157.0,3.0,2.0,3.0,2026,Broker,Street,Installments,Unfinished,Unfurnished,No,No,3.74,Grey,3015000.0
EG-10224,Cairo,New Cairo,330.0,4.0,5.0,3.0,2025,Broker,Pool,Cash,Finished,Unfurnished,Yes,Yes,13.56,Off-White,11633000.0
EG-10225,Cairo,Heliopolis,95.0,1.0,1.0,3.0,2029,Broker,Pool,Installments,Unfinished,Furnished,No,No,1.58,Off-White,4750000.0
EG-10226,Cairo,Al-Haram,157.0,3.0,2.0,3.0,2026,Broker,Street,Installments,Unfinished,Unfurnished,Yes,No,9.88,Beige,3107000.0
EG-10227,Cairo,Maadi,155.0,3.0,3.0,1.0,2015,Broker,Garden,Cash,Finished,Unfurnished,Yes,No,11.89,Grey,7703000.0
EG-10228,Cairo,Maadi,128.0,2.0,2.0,2.0,2029,Broker,Lake,Installments,Unfinished,Unfurnished,Yes,Yes,5.39,Grey,6171000.0
EG-10229,Cairo,Maadi,190.0,,2.0,2.0,2010,Broker,Street,Cash,Finished,Unfurnished,Yes,Yes,14.32,Off-White,7179000.0
EG-10230,Cairo,Nasr City,185.0,3.0,3.0,1.0,2027,Broker,Other,Installments,Unfinished,Unfurnished,Yes,No,12.78,Off-White,4362000.0
EG-10231,Cairo,Ain Shams,161.0,3.0,2.0,1.0,2025,Broker,Street,Installments,Unfinished,Unfurnished,No,Yes,4.49,Beige,3037000.0
EG-10232,Cairo,Maadi,101.0,2.0,1.0,3.0,2025,Broker,Garden,Installments,Unfinished,Unfurnished,Yes,Yes,0.21,Grey,6291000.0
EG-10233,Cairo,New Cairo,168.0,3.0,4.0,5.0,2029,Broker,Garden,Installments,Unfinished,Furnished,Yes,Yes,4.52,Beige,9395000.0
EG-10234,Cairo,Al-Haram,128.0,2.0,2.0,5.0,2029,Broker,Street,Installments,Unfinished,Furnished,No,No,4.29,Off-White,5481000.0
EG-10235,Cairo,New Cairo,138.0,2.0,2.0,2.0,2029,Broker,Garden,Installments,Unfinished,Unfurnished,Yes,Yes,13.36,Brown,6968000.0
EG-10236,Cairo,Maadi,,1.0,1.0,2.0,2029,Broker,Lake,Installments,Unfinished,Unfurnished,No,No,14.51,Off-White,4625000.0
EG-10237,Cairo,Maadi,128.0,2.0,2.0,1.0,2029,Broker,Garden,Installments,Unfinished,Furnished,Yes,Yes,1.15,Grey,6328000.0
EG-10238,Cairo,Heliopolis,186.0,3.0,4.0,2.0,2029,Broker,Garden,Installments,Unfinished,Unfurnished,Yes,No,7.12,Beige,9019000.0
EG-10239,Cairo,Nasr City,128.0,2.0,2.0,4.0,2029,Broker,Street,Installments,Unfinished,Unfurnished,No,Yes,8.27,Grey,5321000.0
EG-10240,Cairo,New Cairo,168.0,3.0,4.0,4.0,2029,Broker,Garden,Installments,Unfinished,Furnished,Yes,Yes,1.48,Off-White,9395000.0
EG-10241,Cairo,Nasr City,95.0,1.0,1.0,1.0,2029,Broker,Street,Installments,Unfinished,Unfurnished,Yes,Yes,5.72,Off-White,4376000.0
EG-10242,Cairo,Al-Haram,128.0,2.0,2.0,4.0,2029,Broker,Street,Installments,Unfinished,Unfurnished,Yes,No,4.82,White,6165000.0
EG-10243,Cairo,Heliopolis,128.0,2.0,3.0,1.0,2029,Broker,Garden,Installments,Unfinished,Unfurnished,Yes,Yes,8.09,Off-White,5963000.0
EG-10244,Cairo,Maadi,145.0,2.0,2.0,1.0,2029,Broker,Garden,Installments,Unfinished,Unfurnished,No,No,9.95,Grey,6717000.0
EG-10245,Cairo,Sheikh Zayed,186.0,3.0,3.0,4.0,2029,Broker,Street,Installments,Unfinished,Furnished,Yes,No,10.58,Beige,8602000.0
EG-10246,Cairo,Maadi,128.0,2.0,3.0,22.0,2029,Broker,Street,Installments,Unfinished,Unfurnished,No,Yes,2.14,Beige,5598000.0
EG-10247,Cairo,Nasr City,95.0,1.0,1.0,3.0,2029,Broker,Street,Installments,Unfinished,Unfurnished,No,No,12.21,White,4222000.0
EG-10248,Cairo,Nasr City,95.0,1.0,1.0,1.0,2029,Broker,Street,Installments,Unfinished,Unfurnished,Yes,Yes,10.21,Grey,4482000.0
EG-10249,Cairo,Heliopolis,128.0,2.0,2.0,4.0,2029,Broker,Street,Installments,Unfinished,Furnished,No,No,13.35,Off-White,5481000.0
EG-10250,Cairo,Madinaty,140.0,2.0,2.0,3.0,2029,Broker,Garden,Installments,Unfinished,Unfurnished,No,Yes,6.8,Brown,6856000.0
EG-10251,Cairo,Al-Haram,128.0,2.0,2.0,2.0,2029,Broker,Street,Installments,Unfinished,Unfurnished,No,No,13.42,Beige,5433000.0
EG-10252,Cairo,Al-Haram,128.0,2.0,2.0,5.0,2029,Broker,Other,Installments,Unfinished,Furnished,Yes,No,13.0,Grey,5176000.0
EG-10253,Cairo,Nasr City,114.0,2.0,2.0,,2024,Broker,Other,Cash,Unfinished,Unfurnished,Yes,Yes,6.63,White,3228000.0
EG-10254,Cairo,Ain Shams,144.0,3.0,3.0,2.0,2028,Broker,Other,Installments,Unfinished,Furnished,Yes,Yes,5.78,Brown,2861000.0
EG-10255,Cairo,Madinaty,186.0,3.0,4.0,2.0,2029,Broker,Street,Installments,Unfinished,Unfurnished,Yes,Yes,14.0,Grey,8767000.0
EG-10256,Cairo,Al-Haram,155.0,3.0,3.0,1.0,2027,Broker,Other,Installments,Unfinished,Unfurnished,Yes,No,10.76,Off-White,4036000.0
EG-10257,Cairo,New Cairo,160.0,3.0,2.0,3.0,2028,Broker,Garden,Installments,Unfinished,Unfurnished,No,Yes,13.93,Beige,8077000.0
EG-10258,Cairo,Madinaty,166.0,3.0,3.0,4.0,2025,Broker,Garden,Installments,Finished,Unfurnished,Yes,Yes,11.97,Off-White,10074000.0
EG-10259,Cairo,Madinaty,186.0,3.0,3.0,1.0,2029,Broker,Pool,Installments,Unfinished,Unfurnished,No,Yes,9.18,White,8806000.0
EG-10260,Cairo,Nasr City,130.0,3.0,2.0,0.0,2027,Broker,Street,Installments,Unfinished,Unfurnished,Yes,No,1.83,Beige,3299000.0
EG-10261,Cairo,Sheikh Zayed,186.0,3.0,4.0,3.0,2029,Broker,Pool,Installments,Unfinished,Furnished,No,Yes,4.44,Brown,9572000.0
EG-10262,Cairo,New Cairo,186.0,3.0,4.0,2.0,2029,Broker,Garden,Installments,Unfinished,Unfurnished,No,Yes,14.54,Beige,9019000.0
EG-10263,Cairo,Heliopolis,186.0,3.0,4.0,0.0,2029,Broker,Garden,Installments,Unfinished,Unfurnished,Yes,No,4.86,Off-White,8854000.0
EG-10264,Cairo,Maadi,93.0,,1.0,,2026,Broker,Garden,Installments,Finished,Furnished,No,No,1.49,Grey,6552000.0
EG-10265,Cairo,Sheikh Zayed,186.0,3.0,4.0,3.0,2029,Broker,Garden,Installments,Unfinished,Furnished,Yes,No,10.64,Grey,9572000.0
EG-10266,Cairo,Nasr City,175.0,3.0,3.0,1.0,2025,Broker,Street,Cash,Finished,Unfurnished,No,Yes,11.04,Grey,5973000.0
EG-10267,Cairo,6th of October,167.0,3.0,3.0,1.0,2025,Broker,Street,Cash,Unfinished,Unfurnished,No,Yes,4.35,White,6006000.0
EG-10268,Cairo,6th of October,139.0,3.0,3.0,2.0,2025,Broker,Street,Cash,Unfinished,Furnished,Yes,Yes,4.54,White,4445000.0
EG-10269,Cairo,Maadi,200.0,5.0,2.0,2.0,1990,Broker,Lake,Cash,Finished,Unfurnished,No,Yes,7.09,Grey,5858000.0
EG-10270,Cairo,6th of October,,2.0,,2.0,2025,Broker,Street,Cash,Finished,Unfurnished,Yes,Yes,0.42,Brown,4359000.0
EG-10271,Cairo,6th of October,128.0,2.0,2.0,1.0,2025,Broker,Street,Cash,Unfinished,Unfurnished,Yes,No,11.86,Off-White,6376000.0
EG-10272,Cairo,Sheikh Zayed,,3.0,3.0,3.0,2024,Broker,Garden,Cash,Finished,Furnished,Yes,No,4.82,Brown,8399000.0
EG-10273,Cairo,6th of October,147.0,3.0,2.0,4.0,2028,Broker,Street,Installments,Unfinished,Unfurnished,Yes,No,12.82,Grey,5932000.0
EG-10274,Cairo,Nasr City,,3.0,2.0,1.0,2026,Broker,Street,Installments,Unfinished,Unfurnished,No,Yes,12.06,Off-White,3281000.0
EG-10275,Cairo,Ain Shams,64.0,1.0,,1.0,2026,Broker,Street,Installments,Finished,Unfurnished,Yes,No,9.95,White,3348000.0
EG-10276,Cairo,Ain Shams,125.0,3.0,2.0,4.0,2026,Broker,Other,Installments,Unfinished,Unfurnished,No,Yes,4.94,Beige,2840000.0
EG-10277,Cairo,Ain Shams,64.0,1.0,1.0,1.0,2026,Broker,Street,Installments,Finished,Unfurnished,Yes,Yes,7.79,Beige,3083000.0
EG-10278,Cairo,New Cairo,235.0,4.0,4.0,1.0,2025,Broker,Pool,Cash,Unfinished,Unfurnished,No,Yes,6.73,Off-White,8423000.0
EG-10279,Cairo,Al-Haram,110.0,2.0,1.0,1.0,2025,Broker,Street,Cash,Finished,Unfurnished,Yes,Yes,5.15,Brown,6769000.0
EG-10280,Cairo,6th of October,85.0,2.0,1.0,1.0,2013,Broker,Street,Cash,Finished,Unfurnished,Yes,Yes,12.74,Off-White,4103000.0
EG-10281,Cairo,6th of October,143.0,3.0,2.0,2.0,2029,Broker,Street,Installments,Unfinished,Furnished,No,Yes,7.3,Brown,4046000.0
EG-10282,Cairo,Heliopolis,180.0,3.0,2.0,0.0,2028,Broker,Garden,Installments,Unfinished,Unfurnished,No,Yes,12.51,Brown,8273000.0
EG-10283,Cairo,Heliopolis,172.0,3.0,3.0,3.0,2024,Broker,Pool,Installments,Finished,Unfurnished,No,Yes,1.67,Beige,15756000.0
EG-10284,Cairo,Al-Haram,139.0,3.0,3.0,,2025,Broker,Street,Cash,Unfinished,Unfurnished,Yes,Yes,2.2,White,4189000.0
EG-10285,Cairo,Sheikh Zayed,205.0,3.0,2.0,1.0,2025,Broker,Garden,Cash,Finished,Furnished,Yes,No,14.66,Grey,8399000.0
EG-10286,Cairo,Sheikh Zayed,105.0,,1.0,1.0,2026,Broker,Pool,Installments,Finished,Unfurnished,Yes,No,8.86,White,7284000.0
EG-10287,Cairo,Ain Shams,64.0,1.0,1.0,4.0,2026,Broker,Street,Installments,Finished,Unfurnished,Yes,No,7.7,Grey,2992000.0
EG-10288,Cairo,Heliopolis,119.0,3.0,1.0,12.0,2026,Broker,Street,Installments,Unfinished,Unfurnished,Yes,No,7.9,Beige,3754000.0
EG-10289,Cairo,Ain Shams,64.0,1.0,1.0,1.0,2026,Broker,Street,Installments,Finished,Unfurnished,Yes,No,3.31,Grey,2992000.0
EG-10290,Cairo,Ain Shams,76.0,,1.0,1.0,2026,Broker,Street,Installments,Finished,Furnished,No,No,10.81,Brown,3496000.0
EG-10291,Cairo,Heliopolis,216.0,3.0,3.0,2.0,2020,Broker,Garden,Cash,Unfinished,Unfurnished,No,No,1.36,Off-White,11408000.0
EG-10292,Cairo,Heliopolis,81.0,2.0,1.0,1.0,2026,Broker,Pool,Installments,Finished,Unfurnished,No,No,8.64,Grey,4127000.0
EG-10293,Cairo,Maadi,,3.0,1.0,0.0,2025,Broker,Street,Installments,Unfinished,Unfurnished,Yes,No,8.6,White,4538000.0
EG-10294,Cairo,Al-Haram,64.0,1.0,1.0,1.0,2026,Broker,Street,Installments,Finished,Furnished,No,Yes,13.72,Beige,3176000.0
EG-10295,Cairo,Heliopolis,130.0,3.0,3.0,0.0,2028,Broker,Street,Installments,Unfinished,Furnished,Yes,No,7.94,Beige,6222000.0
EG-10296,Cairo,Ain Shams,64.0,1.0,1.0,1.0,2026,Broker,Street,Installments,Finished,Unfurnished,Yes,No,2.14,Off-White,2992000.0
EG-10297,Cairo,Al-Haram,125.0,3.0,2.0,2.0,2027,Broker,Other,Installments,Unfinished,Furnished,No,Yes,8.63,Brown,2302000.0
EG-10298,Cairo,Maadi,173.0,,2.0,4.0,2028,Broker,Lake,Installments,Unfinished,Unfurnished,No,Yes,1.46,Brown,8969000.0
EG-10299,Cairo,Maadi,176.0,3.0,2.0,2.0,2026,Broker,Street,Installments,Unfinished,Furnished,No,Yes,3.14,Beige,5819000.0
EG-10300,Cairo,New Cairo,205.0,3.0,2.0,1.0,2025,Broker,Pool,Cash,Finished,Unfurnished,Yes,No,0.56,Brown,7914000.0
EG-10301,Cairo,Ain Shams,100.0,2.0,,3.0,2029,Broker,Street,Installments,Unfinished,Unfurnished,No,No,7.75,Off-White,3412000.0
EG-10302,Cairo,Al-Haram,60.0,1.0,1.0,2.0,2028,Broker,Street,Installments,Unfinished,Unfurnished,Yes,Yes,1.36,Beige,2321000.0
EG-10303,Cairo,New Cairo,185.0,5.0,4.0,,2025,Broker,Garden,Installments,Unfinished,Unfurnished,No,Yes,7.09,Brown,20928000.0
EG-10304,Cairo,Sheikh Zayed,252.0,4.0,4.0,2.0,2025,Broker,Street,Installments,Unfinished,Furnished,Yes,No,14.0,Grey,9118000.0
EG-10305,Cairo,Sheikh Zayed,275.0,3.0,4.0,2.0,2022,Broker,Garden,Cash,Unfinished,Unfurnished,Yes,No,10.82,Grey,15672000.0
EG-10306,Cairo,Maadi,163.0,3.0,2.0,3.0,2026,Broker,Lake,Installments,Unfinished,Unfurnished,Yes,Yes,1.25,Brown,5465000.0
EG-10307,Cairo,Heliopolis,211.0,3.0,3.0,,2027,Broker,Pool,Installments,Unfinished,Unfurnished,Yes,No,3.44,Grey,5183000.0
EG-10308,Cairo,Al-Haram,176.0,3.0,2.0,2.0,2026,Broker,Street,Installments,Unfinished,Unfurnished,Yes,Yes,10.14,Off-White,5649000.0
EG-10309,Cairo,New Cairo,191.0,3.0,3.0,3.0,2025,Broker,Pool,Cash,Unfinished,Furnished,No,Yes,13.43,White,14552000.0
EG-10310,Cairo,Nasr City,76.0,2.0,1.0,1.0,2026,Broker,Street,Installments,Finished,Unfurnished,Yes,No,0.59,Off-White,3394000.0
EG-10311,Cairo,Shubra,64.0,,1.0,1.0,2026,Broker,Street,Installments,Finished,Unfurnished,No,No,12.21,Off-White,2774000.0
EG-10312,Cairo,Maadi,230.0,4.0,,3.0,2025,Broker,Pool,Cash,Finished,Furnished,No,Yes,8.47,Brown,8623000.0
EG-10313,Cairo,Sheikh Zayed,176.0,2.0,2.0,4.0,2019,Broker,Garden,Cash,Finished,Unfurnished,No,Yes,8.24,Off-White,8705000.0
EG-10314,Cairo,Al-Haram,205.0,4.0,3.0,2.0,2027,Broker,Street,Installments,Unfinished,Furnished,Yes,Yes,14.37,Brown,4390000.0
EG-10315,Cairo,Shubra,,1.0,1.0,1.0,2026,Broker,Street,Installments,Finished,Furnished,No,No,11.24,Beige,2944000.0
EG-10316,Cairo,New Cairo,163.0,3.0,3.0,10.0,2028,Broker,Pool,Installments,Finished,Furnished,Yes,No,12.77,Brown,18284000.0
EG-10317,Cairo,Maadi,155.0,3.0,3.0,1.0,2025,Broker,Lake,Cash,Unfinished,Furnished,Yes,Yes,5.37,Brown,5675000.0
EG-10318,Cairo,Maadi,140.0,3.0,3.0,1.0,2029,Broker,Garden,Installments,Unfinished,Furnished,No,Yes,8.36,Beige,8288000.0
EG-10319,Cairo,Ain Shams,63.0,1.0,1.0,1.0,2026,Broker,Street,Installments,Finished,Unfurnished,Yes,Yes,9.27,White,3037000.0
EG-10320,Cairo,6th of October,,2.0,1.0,1.0,2026,Broker,Street,Installments,Finished,Unfurnished,No,No,4.89,Beige,3295000.0
EG-10321,Cairo,Ain Shams,170.0,3.0,3.0,1.0,2028,Broker,Other,Installments,Unfinished,Unfurnished,Yes,Yes,8.6,Brown,2979000.0
EG-10322,Cairo,Al-Haram,187.0,3.0,3.0,6.0,2025,Broker,Street,Cash,Unfinished,Furnished,Yes,Yes,3.63,Grey,3536000.0
EG-10323,Cairo,Nasr City,76.0,2.0,1.0,1.0,2026,Broker,Street,Installments,Finished,Unfurnished,Yes,No,2.24,Brown,3394000.0
EG-10324,Cairo,Maadi,75.0,1.0,,2.0,2013,Private Owner,Street,Cash,Finished,Unfurnished,No,Yes,5.67,Beige,4480000.0
EG-10325,Cairo,Al-Haram,59.0,1.0,2.0,2.0,2028,Compound Developer,Other,Installments,Unfinished,Unfurnished,No,Yes,11.12,Brown,2103000.0
EG-10326,Cairo,Shubra,86.0,2.0,1.0,1.0,2008,Broker,Street,Cash,Finished,Unfurnished,Yes,Yes,13.75,Beige,2000000.0
EG-10327,Cairo,Shubra,150.0,3.0,2.0,11.0,2013,Broker,Street,Cash,Finished,Unfurnished,Yes,No,6.92,Off-White,3484000.0
EG-10328,Cairo,Al-Haram,155.0,3.0,2.0,6.0,2015,Broker,Street,Cash,Finished,Furnished,Yes,No,9.68,White,5599000.0
EG-10329,Cairo,Shubra,58.0,1.0,1.0,,2028,Broker,Other,Installments,Finished,Unfurnished,No,Yes,1.64,White,2436000.0
EG-10330,Cairo,Nasr City,205.0,4.0,3.0,2.0,2027,Broker,Other,Installments,Unfinished,Furnished,No,Yes,13.58,Beige,3905000.0
EG-10331,Cairo,Ain Shams,57.0,1.0,1.0,1.0,2028,Broker,Street,Installments,Finished,Furnished,No,Yes,8.57,White,2995000.0
EG-10332,Cairo,Sheikh Zayed,170.0,3.0,3.0,18.0,1990,Broker,Garden,Cash,Finished,Unfurnished,No,Yes,11.73,Grey,7914000.0
EG-10333,Cairo,6th of October,63.0,1.0,1.0,1.0,2026,Broker,Street,Installments,Finished,Unfurnished,No,Yes,11.94,Grey,2948000.0
EG-10334,Cairo,New Cairo,250.0,3.0,2.0,1.0,2025,Broker,Pool,Cash,Finished,Unfurnished,Yes,Yes,3.92,White,30952000.0
EG-10335,Cairo,Shubra,61.0,1.0,1.0,2.0,2027,Broker,Street,Installments,Finished,Furnished,Yes,No,7.98,Beige,3520000.0
EG-10336,Cairo,Shubra,59.0,1.0,1.0,1.0,2027,Broker,Street,Installments,Finished,Unfurnished,No,No,14.41,Grey,3058000.0
EG-10337,Cairo,Shubra,64.0,1.0,1.0,1.0,2026,Broker,Other,Installments,Finished,Unfurnished,Yes,No,1.44,White,2743000.0
EG-10338,Cairo,6th of October,170.0,3.0,3.0,1.0,2028,Broker,Street,Installments,Unfinished,Unfurnished,No,No,10.28,Brown,3062000.0
EG-10339,Cairo,Nasr City,73.0,1.0,1.0,1.0,2028,Broker,Street,Installments,Finished,Unfurnished,Yes,No,14.44,Grey,4108000.0
EG-10340,Cairo,6th of October,59.0,,1.0,4.0,2028,Compound Developer,Street,Installments,Unfinished,Unfurnished,Yes,No,4.58,Off-White,2273000.0
EG-10341,Cairo,Ain Shams,64.0,1.0,1.0,1.0,2026,Broker,Street,Installments,Finished,Furnished,Yes,No,12.94,Grey,3553000.0
EG-10342,Cairo,Ain Shams,58.0,1.0,1.0,3.0,2027,Broker,Street,Installments,Finished,Furnished,No,Yes,14.01,White,3347000.0
EG-10343,Cairo,Ain Shams,85.0,2.0,1.0,1.0,1997,Broker,Street,Cash,Finished,Furnished,No,Yes,11.23,White,2208000.0
EG-10344,Cairo,New Cairo,350.0,5.0,5.0,1.0,2019,Broker,Pool,Cash,Finished,Unfurnished,Yes,Yes,3.55,White,13807000.0
EG-10345,Cairo,Heliopolis,180.0,3.0,3.0,3.0,2021,Broker,Street,Cash,Finished,Unfurnished,No,No,5.08,Beige,6522000.0
EG-10346,Cairo,New Cairo,250.0,3.0,2.0,1.0,2019,Broker,Pool,Cash,Finished,Unfurnished,Yes,Yes,0.63,Beige,30676000.0
EG-10347,Cairo,Maadi,100.0,2.0,1.0,2.0,2014,Broker,Garden,Cash,Finished,Furnished,Yes,Yes,12.49,Brown,5192000.0
EG-10348,Cairo,Heliopolis,230.0,3.0,3.0,8.0,2020,Broker,Garden,Cash,Finished,Unfurnished,Yes,No,12.76,Brown,8969000.0
EG-10349,Cairo,Shubra,64.0,1.0,1.0,1.0,2026,Broker,Other,Installments,Finished,Furnished,No,Yes,9.53,Grey,2659000.0
EG-10350,Cairo,Shubra,130.0,2.0,3.0,1.0,2025,Broker,Other,Cash,Unfinished,Unfurnished,Yes,No,5.35,White,2795000.0
EG-10351,Cairo,Shubra,130.0,3.0,2.0,1.0,2020,Broker,Street,Cash,Finished,Furnished,No,Yes,1.24,Brown,3962000.0
EG-10352,Cairo,Shubra,69.0,2.0,1.0,1.0,2026,Broker,Street,Installments,Finished,Unfurnished,No,No,11.32,White,2861000.0
EG-10353,Cairo,Heliopolis,240.0,3.0,3.0,1.0,2020,Broker,Garden,Cash,Finished,Unfurnished,Yes,No,10.93,Grey,20049000.0
EG-10354,Cairo,Ain Shams,64.0,1.0,1.0,1.0,2026,Broker,Street,Installments,Finished,Furnished,Yes,No,13.7,Beige,2902000.0
EG-10355,Cairo,Al-Haram,185.0,3.0,3.0,3.0,2025,Broker,Street,Cash,Finished,Furnished,No,Yes,10.98,Brown,3486000.0
EG-10356,Cairo,6th of October,165.0,3.0,3.0,6.0,2025,Broker,Other,Cash,Unfinished,Unfurnished,No,No,12.45,Off-White,4932000.0
EG-10357,Cairo,Nasr City,69.0,2.0,1.0,1.0,2026,Broker,Other,Installments,Finished,Furnished,Yes,Yes,11.21,Off-White,3424000.0
EG-10358,Cairo,Nasr City,64.0,1.0,1.0,1.0,2026,Broker,Street,Installments,Finished,Unfurnished,Yes,Yes,9.5,Off-White,2949000.0
EG-10359,Cairo,Al-Haram,61.0,1.0,1.0,1.0,2027,Broker,Other,Installments,Finished,Unfurnished,Yes,Yes,6.46,Off-White,3020000.0
EG-10360,Cairo,Al-Haram,64.0,1.0,1.0,1.0,2026,Broker,Other,Installments,Finished,Furnished,Yes,No,13.54,Off-White,2784000.0
EG-10361,Cairo,Al-Haram,181.0,3.0,2.0,7.0,2015,Developer,Street,Cash,Finished,Unfurnished,Yes,Yes,9.8,Off-White,6974000.0
EG-10362,Cairo,6th of October,92.0,2.0,1.0,1.0,2027,Broker,Street,Installments,Finished,Unfurnished,Yes,Yes,6.04,Off-White,4234000.0
EG-10363,Cairo,Ain Shams,55.0,1.0,1.0,1.0,2027,Broker,Other,Installments,Finished,Unfurnished,No,Yes,1.34,Brown,2643000.0
EG-10364,Cairo,Ain Shams,64.0,1.0,1.0,1.0,2026,Broker,Street,Installments,Finished,Unfurnished,Yes,Yes,4.43,Off-White,2949000.0
EG-10365,Cairo,Shubra,63.0,1.0,1.0,1.0,2026,Broker,Other,Installments,Finished,Furnished,No,Yes,8.2,Off-White,2743000.0
EG-10366,Cairo,6th of October,92.0,2.0,1.0,,2027,Broker,Other,Installments,Finished,Unfurnished,No,Yes,4.21,Grey,3766000.0
EG-10367,Cairo,Ain Shams,56.0,1.0,1.0,1.0,2027,Broker,Street,Installments,Finished,Unfurnished,Yes,No,3.4,Brown,2936000.0
EG-10368,Cairo,6th of October,220.0,3.0,3.0,1.0,2018,Broker,Other,Cash,Unfinished,Unfurnished,No,Yes,7.96,Grey,4234000.0
EG-10369,Cairo,Ain Shams,52.0,1.0,1.0,1.0,2027,Broker,Street,Installments,Finished,Furnished,Yes,Yes,2.63,White,2981000.0
EG-10370,Cairo,Ain Shams,75.0,1.0,1.0,1.0,2027,Broker,Street,Installments,Finished,Furnished,No,No,12.03,Off-White,3450000.0
EG-10371,Cairo,Maadi,225.0,3.0,,3.0,2010,Developer,Lake,Cash,Finished,Furnished,Yes,Yes,7.32,Beige,9550000.0
EG-10372,Cairo,Ain Shams,52.0,1.0,1.0,1.0,2027,Broker,Street,Installments,Finished,Unfurnished,Yes,Yes,8.65,Off-White,2809000.0
EG-10373,Cairo,6th of October,75.0,1.0,1.0,1.0,2025,Broker,Street,Installments,Finished,Unfurnished,No,Yes,2.3,Off-White,3641000.0
EG-10374,Cairo,6th of October,42.0,1.0,,1.0,2027,Broker,Street,Installments,Finished,Unfurnished,Yes,No,4.94,Grey,2243000.0
EG-10375,Cairo,Heliopolis,90.0,2.0,1.0,1.0,2026,Broker,Garden,Installments,Finished,Furnished,Yes,No,6.21,White,4522000.0
EG-10376,Cairo,Maadi,102.0,2.0,1.0,1.0,2027,Broker,Lake,Installments,Finished,Furnished,Yes,Yes,12.14,Grey,5330000.0
EG-10377,Cairo,Nasr City,63.0,1.0,1.0,1.0,2027,Broker,Street,Installments,Finished,Furnished,Yes,Yes,11.58,Brown,3679000.0
EG-10378,Cairo,Ain Shams,59.0,1.0,1.0,1.0,2027,Broker,Street,Installments,Finished,Unfurnished,No,Yes,3.42,White,3093000.0
EG-10379,Cairo,Maadi,106.0,3.0,1.0,1.0,2027,Broker,Pool,Installments,Finished,Unfurnished,Yes,Yes,9.28,White,6182000.0
EG-10380,Cairo,Ain Shams,68.0,1.0,1.0,1.0,2028,Broker,Other,Installments,Finished,Unfurnished,Yes,Yes,3.73,White,3190000.0
EG-10381,Cairo,New Cairo,137.0,2.0,3.0,3.0,2028,Broker,Pool,Installments,Finished,Unfurnished,Yes,No,14.82,Grey,15644000.0
EG-10382,Cairo,Maadi,91.0,3.0,1.0,1.0,2027,Broker,Street,Installments,Finished,Furnished,Yes,Yes,14.29,Off-White,5313000.0
EG-10383,Cairo,Maadi,180.0,3.0,2.0,4.0,2015,Broker,Street,Cash,Finished,Unfurnished,No,No,8.49,Off-White,4831000.0
EG-10384,Cairo,Al-Haram,98.0,2.0,1.0,1.0,2026,Broker,Street,Installments,Finished,Unfurnished,Yes,Yes,10.51,Off-White,4510000.0
EG-10385,Cairo,Ain Shams,63.0,1.0,1.0,1.0,2027,Broker,Street,Installments,Finished,Furnished,No,No,12.04,Off-White,3465000.0
EG-10386,Cairo,Nasr City,130.0,2.0,2.0,12.0,2020,Broker,Street,Cash,Finished,Furnished,Yes,Yes,10.84,Off-White,6857000.0
EG-10387,Cairo,6th of October,59.0,,1.0,1.0,2027,Broker,Other,Installments,Finished,Unfurnished,Yes,No,10.53,Brown,2835000.0
EG-10388,Cairo,6th of October,63.0,1.0,1.0,1.0,2027,Broker,Street,Installments,Finished,Furnished,No,No,14.38,Beige,3465000.0
EG-10389,Cairo,Heliopolis,181.0,3.0,2.0,7.0,2015,Developer,Garden,Cash,Finished,Unfurnished,No,No,8.99,White,6964000.0
EG-10390,Cairo,Sheikh Zayed,250.0,4.0,4.0,1.0,1990,Broker,Pool,Cash,Finished,Unfurnished,Yes,Yes,9.58,Beige,9785000.0
EG-10391,Cairo,Shubra,211.0,2.0,2.0,0.0,2025,Broker,Street,Cash,Unfinished,Unfurnished,Yes,Yes,12.75,Brown,2856000.0
EG-10392,Cairo,6th of October,115.0,2.0,2.0,2.0,2028,Broker,Street,Installments,Unfinished,Unfurnished,Yes,No,10.08,Off-White,5664000.0
EG-10393,Cairo,Al-Haram,106.0,2.0,2.0,,2029,Broker,Street,Installments,Unfinished,Furnished,Yes,No,11.02,Brown,4968000.0
EG-10394,Cairo,Maadi,55.0,1.0,1.0,2.0,2026,Broker,Lake,Installments,Finished,Furnished,Yes,Yes,3.59,Brown,5182000.0
EG-10395,Cairo,Maadi,229.0,3.0,3.0,1.0,2025,Broker,Street,Cash,Finished,Unfurnished,No,Yes,5.63,Beige,10452000.0
EG-10396,Cairo,Nasr City,64.0,1.0,1.0,2.0,2026,Broker,Street,Installments,Finished,Unfurnished,No,Yes,2.29,White,5154000.0
EG-10397,Cairo,6th of October,68.0,1.0,1.0,2.0,2026,Broker,Street,Installments,Finished,Unfurnished,No,No,7.64,Grey,5315000.0
EG-10398,Cairo,Al-Haram,145.0,3.0,3.0,4.0,2025,Broker,Street,Cash,Unfinished,Unfurnished,No,No,6.89,Grey,5157000.0
EG-10399,Cairo,Nasr City,178.0,3.0,2.0,1.0,2026,Broker,Street,Installments,Unfinished,Unfurnished,No,No,14.96,White,2974000.0
EG-10400,Cairo,6th of October,111.0,2.0,2.0,2.0,2029,Broker,Street,Installments,Finished,Furnished,No,Yes,9.21,Off-White,5696000.0
EG-10401,Cairo,New Cairo,225.0,3.0,3.0,3.0,2010,Developer,Pool,Cash,Finished,Unfurnished,No,Yes,11.82,Brown,8653000.0
EG-10402,Cairo,Maadi,90.0,2.0,1.0,1.0,2026,Broker,Street,Installments,Finished,Unfurnished,Yes,No,5.08,Off-White,4020000.0
EG-10403,Cairo,Al-Haram,110.0,2.0,1.0,5.0,1998,Private Owner,Street,Cash,Finished,Unfurnished,Yes,Yes,12.49,Brown,1692000.0
EG-10404,Cairo,Heliopolis,76.0,2.0,1.0,1.0,2025,Broker,Street,Installments,Finished,Unfurnished,Yes,Yes,9.26,Grey,4030000.0
EG-10405,Cairo,Maadi,229.0,3.0,3.0,1.0,2025,Broker,Lake,Cash,Finished,Furnished,Yes,Yes,10.49,White,12229000.0
EG-10406,Cairo,New Cairo,,3.0,,2.0,1992,Broker,Garden,Cash,Finished,Furnished,Yes,Yes,4.49,Beige,8076000.0
EG-10407,Cairo,Maadi,154.0,3.0,3.0,,2029,Developer,Pool,Installments,Unfinished,Unfurnished,Yes,No,8.27,Beige,4370000.0
EG-10408,Cairo,Heliopolis,160.0,3.0,2.0,16.0,2015,Broker,Garden,Cash,Finished,Unfurnished,Yes,Yes,9.55,White,8154000.0
EG-10409,Cairo,Ain Shams,61.0,1.0,1.0,1.0,2026,Broker,Street,Installments,Finished,Unfurnished,No,Yes,8.88,Grey,2858000.0
EG-10410,Cairo,Al-Haram,119.0,,2.0,2.0,2027,Broker,Street,Installments,Unfinished,Unfurnished,No,Yes,13.74,Brown,5153000.0
EG-10411,Cairo,Al-Haram,185.0,3.0,3.0,6.0,2025,Broker,Street,Cash,Unfinished,Unfurnished,No,No,13.48,Beige,4305000.0
EG-10412,Cairo,Nasr City,85.0,2.0,1.0,1.0,2026,Broker,Street,Installments,Finished,Furnished,Yes,Yes,14.57,Grey,6733000.0
EG-10413,Cairo,Heliopolis,55.0,1.0,1.0,2.0,2026,Broker,Street,Installments,Finished,Unfurnished,No,No,10.04,White,4299000.0
EG-10414,Cairo,Sheikh Zayed,182.0,3.0,4.0,5.0,2025,Broker,Pool,Cash,Unfinished,Furnished,No,Yes,14.58,Off-White,8835000.0
EG-10415,Cairo,Nasr City,67.0,1.0,1.0,1.0,2026,Broker,Street,Installments,Finished,Unfurnished,No,Yes,12.5,Grey,4151000.0
EG-10416,Cairo,New Cairo,119.0,3.0,3.0,3.0,2025,Broker,Street,Cash,Finished,Unfurnished,No,Yes,4.14,Grey,7068000.0
EG-10417,Cairo,Maadi,215.0,3.0,3.0,8.0,2012,Cash,Pool,Cash,Finished,Furnished,Yes,No,6.47,Off-White,5487000.0
EG-10418,Cairo,6th of October,40.0,1.0,1.0,0.0,2025,Developer,Street,Cash,Finished,Unfurnished,Yes,Yes,3.65,Grey,1467000.0
EG-10419,Cairo,Heliopolis,160.0,3.0,2.0,13.0,2012,Developer,Garden,Cash,Finished,Unfurnished,No,No,0.16,Beige,5223000.0
EG-10420,Cairo,New Cairo,94.0,2.0,1.0,1.0,2026,Broker,Street,Installments,Finished,Furnished,Yes,No,2.9,Beige,7619000.0
EG-10421,Cairo,Al-Haram,81.0,,1.0,1.0,2026,Broker,Street,Installments,Finished,Unfurnished,Yes,Yes,0.16,Beige,3934000.0
EG-10422,Cairo,Heliopolis,133.0,3.0,1.0,,2027,Broker,Pool,Installments,Finished,Furnished,Yes,No,10.83,Grey,6828000.0
EG-10423,Cairo,Al-Haram,66.0,1.0,1.0,1.0,2027,Broker,Other,Installments,Finished,Unfurnished,Yes,Yes,6.44,Grey,3328000.0
EG-10424,Cairo,Heliopolis,150.0,3.0,1.0,1.0,2027,Broker,Pool,Installments,Finished,Furnished,No,Yes,4.76,Grey,7700000.0
EG-10425,Cairo,Nasr City,133.0,3.0,1.0,1.0,2027,Broker,Street,Installments,Finished,Unfurnished,Yes,Yes,11.45,White,6253000.0
EG-10426,Cairo,Maadi,95.0,2.0,1.0,1.0,2027,Broker,Street,Installments,Finished,Unfurnished,Yes,No,12.5,Off-White,4243000.0
EG-10427,Cairo,Nasr City,76.0,1.0,1.0,2.0,2026,Broker,Street,Installments,Finished,Unfurnished,No,Yes,14.63,Grey,6466000.0
EG-10428,Cairo,New Cairo,157.0,3.0,3.0,3.0,2027,Broker,Pool,Installments,Unfinished,Unfurnished,Yes,Yes,9.67,Off-White,9434000.0
EG-10429,Cairo,Nasr City,99.0,2.0,1.0,1.0,2027,Broker,Street,Installments,Finished,Furnished,No,Yes,6.98,Brown,4692000.0
EG-10430,Cairo,Heliopolis,222.0,4.0,3.0,4.0,2025,Developer,Garden,Installments,Unfinished,Furnished,Yes,Yes,4.65,Beige,6790000.0
EG-10431,Cairo,Nasr City,81.0,1.0,1.0,1.0,2026,Broker,Street,Installments,Finished,Furnished,No,No,3.41,White,3933000.0
EG-10432,Cairo,New Cairo,,3.0,3.0,2.0,2026,Developer,Garden,Installments,Unfinished,Furnished,Yes,Yes,3.27,Off-White,9573000.0
EG-10433,Cairo,Maadi,213.0,3.0,2.0,3.0,2025,Developer,Lake,Cash,Finished,Unfurnished,Yes,No,6.2,Beige,6284000.0
EG-10434,Cairo,Shubra,62.0,1.0,1.0,1.0,2027,Broker,Street,Installments,Finished,Unfurnished,Yes,No,14.88,White,3251000.0
EG-10435,Cairo,Sheikh Zayed,120.0,2.0,2.0,2.0,2029,Broker,Garden,Installments,Finished,Unfurnished,No,No,0.11,Beige,8031000.0
EG-10436,Cairo,6th of October,185.0,3.0,3.0,3.0,2025,Broker,Other,Cash,Finished,Unfurnished,Yes,Yes,3.04,Grey,3102000.0
EG-10437,Cairo,Maadi,128.0,3.0,1.0,1.0,2027,Broker,Lake,Installments,Finished,Furnished,Yes,Yes,2.91,Grey,6834000.0
EG-10438,Cairo,Sheikh Zayed,225.0,3.0,3.0,1.0,2019,Broker,Pool,Cash,Finished,Furnished,No,Yes,10.79,Beige,9686000.0
EG-10439,Cairo,New Cairo,91.0,2.0,1.0,1.0,2026,Broker,Street,Installments,Finished,Unfurnished,Yes,Yes,5.35,White,7976000.0
EG-10440,Cairo,Madinaty,240.0,3.0,3.0,2.0,2020,Broker,Pool,Cash,Finished,Unfurnished,No,Yes,6.91,Beige,20576000.0
EG-10441,Cairo,Heliopolis,158.0,3.0,3.0,2.0,2028,Broker,Pool,Installments,Unfinished,Furnished,No,Yes,2.31,Brown,5126000.0
EG-10442,Cairo,New Cairo,200.0,3.0,3.0,2.0,2023,Broker,Street,Cash,Unfinished,Furnished,Yes,No,6.13,White,11473000.0
EG-10443,Cairo,Maadi,,3.0,3.0,5.0,2025,Broker,Lake,Cash,Finished,Unfurnished,Yes,Yes,1.64,White,10096000.0
EG-10444,Cairo,Al-Haram,120.0,3.0,1.0,13.0,2011,Broker,Street,Cash,Finished,Furnished,No,Yes,8.04,Beige,2440000.0
EG-10445,Cairo,Al-Haram,159.0,3.0,3.0,2.0,2028,Broker,Street,Cash,Unfinished,Unfurnished,Yes,No,1.56,Off-White,3335000.0
EG-10446,Cairo,Al-Haram,75.0,2.0,1.0,1.0,2026,Broker,Street,Installments,Finished,Furnished,Yes,Yes,11.88,Beige,3503000.0
EG-10447,Cairo,Maadi,170.0,3.0,2.0,0.0,2018,Broker,Pool,Installments,Finished,Furnished,No,Yes,8.54,Off-White,8392000.0
EG-10448,Cairo,Heliopolis,145.0,3.0,2.0,9.0,2025,Broker,Garden,Cash,Finished,Unfurnished,Yes,Yes,10.89,White,7610000.0
EG-10449,Cairo,Nasr City,116.0,3.0,1.0,1.0,2027,Broker,Other,Installments,Finished,Unfurnished,No,Yes,6.34,Grey,4852000.0
EG-10450,Cairo,Sheikh Zayed,91.0,2.0,1.0,1.0,2026,Broker,Pool,Installments,Finished,Unfurnished,Yes,Yes,5.78,Grey,8455000.0
EG-10451,Cairo,Al-Haram,88.0,2.0,1.0,1.0,2027,Broker,Street,Installments,Finished,Unfurnished,No,Yes,1.56,Beige,4016000.0
EG-10452,Cairo,6th of October,133.0,3.0,2.0,7.0,2025,Broker,Street,Cash,Finished,Furnished,Yes,Yes,7.91,Off-White,7075000.0
EG-10453,Cairo,6th of October,70.0,2.0,1.0,3.0,2020,Broker,Street,Cash,Finished,Unfurnished,Yes,Yes,7.77,Beige,2205000.0
EG-10454,Cairo,6th of October,225.0,4.0,3.0,3.0,2016,Broker,Street,Cash,Finished,Furnished,No,Yes,7.07,Brown,6339000.0
EG-10455,Cairo,Al-Haram,98.0,,1.0,1.0,2026,Broker,Street,Installments,Finished,Unfurnished,Yes,No,11.13,Beige,4187000.0
EG-10456,Cairo,Ain Shams,115.0,3.0,,0.0,2020,Broker,Other,Installments,Finished,Unfurnished,Yes,Yes,12.5,Beige,2200000.0
EG-10457,Cairo,Ain Shams,55.0,1.0,1.0,1.0,2027,Broker,Other,Installments,Finished,Furnished,No,Yes,11.29,Beige,2805000.0
EG-10458,Cairo,Ain Shams,55.0,1.0,1.0,1.0,2027,Broker,Street,Installments,Finished,Furnished,No,No,2.24,Beige,2970000.0
EG-10459,Cairo,Madinaty,450.0,5.0,4.0,4.0,2020,Developer,Garden,Cash,Finished,Unfurnished,Yes,No,9.37,Off-White,19521000.0
EG-10460,Cairo,Nasr City,84.0,2.0,1.0,1.0,2027,Broker,Other,Installments,Finished,Unfurnished,Yes,Yes,1.3,Off-White,4159000.0
EG-10461,Cairo,Nasr City,71.0,2.0,1.0,0.0,2021,Broker,Street,Cash,Finished,Unfurnished,No,No,10.45,Off-White,3275000.0
EG-10462,Cairo,Ain Shams,55.0,1.0,1.0,1.0,2027,Broker,Other,Installments,Finished,Furnished,Yes,No,5.79,Brown,2805000.0
EG-10463,Cairo,Al-Haram,93.0,2.0,1.0,1.0,2025,Broker,Street,Installments,Finished,Unfurnished,No,Yes,2.07,Brown,6444000.0
EG-10464,Cairo,Nasr City,55.0,1.0,1.0,1.0,2027,Broker,Street,Installments,Finished,Furnished,Yes,No,12.94,Beige,3060000.0
EG-10465,Cairo,Al-Haram,64.0,1.0,1.0,1.0,2027,Broker,Other,Installments,Finished,Furnished,No,Yes,9.25,Off-White,3324000.0
EG-10466,Cairo,6th of October,116.0,3.0,1.0,1.0,2027,Broker,Street,Installments,Finished,Unfurnished,Yes,No,5.39,Brown,6082000.0
EG-10467,Cairo,New Cairo,320.0,4.0,3.0,7.0,2025,Broker,Street,Cash,Finished,Unfurnished,Yes,Yes,0.56,Grey,33222000.0
EG-10468,Cairo,Maadi,195.0,3.0,2.0,3.0,2024,Developer,Pool,Cash,Finished,Furnished,Yes,Yes,8.11,Beige,6922000.0
EG-10469,Cairo,Ain Shams,130.0,2.0,1.0,3.0,2019,Broker,Street,Cash,Finished,Unfurnished,Yes,No,13.86,White,3235000.0
EG-10470,Cairo,Shubra,38.0,1.0,1.0,1.0,2027,Broker,Street,Installments,Finished,Unfurnished,Yes,Yes,8.99,Off-White,2091000.0
EG-10471,Cairo,Sheikh Zayed,210.0,3.0,2.0,1.0,2025,Developer,Street,Cash,Finished,Furnished,Yes,Yes,14.58,Beige,8490000.0
EG-10472,Cairo,6th of October,38.0,1.0,1.0,1.0,2027,Broker,Other,Installments,Finished,Unfurnished,No,No,2.13,Beige,1806000.0
EG-10473,Cairo,Al-Haram,76.0,2.0,1.0,1.0,2026,Broker,Street,Installments,Finished,Unfurnished,Yes,Yes,8.57,White,3345000.0
EG-10474,Cairo,Al-Haram,76.0,2.0,1.0,1.0,2026,Broker,Other,Installments,Finished,Unfurnished,No,No,11.99,Grey,2888000.0
EG-10475,Cairo,Nasr City,58.0,1.0,1.0,3.0,2027,Broker,Street,Installments,Finished,Unfurnished,Yes,Yes,7.93,Brown,3249000.0
EG-10476,Cairo,6th of October,85.0,2.0,1.0,,1997,Broker,Street,Cash,Finished,Unfurnished,No,No,1.46,Brown,2019000.0
EG-10477,Cairo,Madinaty,350.0,5.0,5.0,1.0,2019,Broker,Street,Cash,Finished,Unfurnished,No,Yes,8.79,White,12643000.0
EG-10478,Cairo,Heliopolis,250.0,3.0,2.0,1.0,2019,Broker,Garden,Cash,Finished,Furnished,No,Yes,9.21,White,31597000.0
EG-10479,Cairo,Heliopolis,100.0,2.0,1.0,2.0,2014,Broker,Street,Cash,Finished,Furnished,Yes,Yes,10.96,Brown,4898000.0
EG-10480,Cairo,Sheikh Zayed,,3.0,3.0,8.0,2020,Broker,Garden,Cash,Finished,Unfurnished,No,No,11.44,Grey,8705000.0
EG-10481,Cairo,Nasr City,64.0,1.0,1.0,1.0,2026,Broker,Street,Installments,Finished,Unfurnished,Yes,Yes,11.58,Grey,2817000.0
EG-10482,Cairo,Ain Shams,130.0,2.0,3.0,1.0,2025,Broker,Street,Cash,Unfinished,Unfurnished,Yes,Yes,9.99,Beige,3142000.0
EG-10483,Cairo,Al-Haram,130.0,,,1.0,2020,Broker,Street,Cash,Finished,Furnished,No,Yes,3.32,White,3962000.0
EG-10484,Cairo,6th of October,69.0,2.0,1.0,1.0,2026,Broker,Street,Installments,Finished,Unfurnished,Yes,Yes,6.12,White,3037000.0
EG-10485,Cairo,Sheikh Zayed,240.0,3.0,3.0,1.0,2020,Broker,Garden,Cash,Finished,Furnished,Yes,Yes,11.66,White,21921000.0
EG-10486,Cairo,Al-Haram,64.0,1.0,1.0,,2026,Broker,Street,Installments,Finished,Unfurnished,Yes,No,14.31,Brown,2734000.0
EG-10487,Cairo,Al-Haram,165.0,3.0,3.0,6.0,2025,Broker,Street,Cash,Unfinished,Furnished,Yes,Yes,1.28,Brown,6062000.0
EG-10488,Cairo,Al-Haram,69.0,2.0,1.0,1.0,2026,Broker,Street,Installments,Finished,Unfurnished,Yes,Yes,8.08,Brown,3520000.0
EG-10489,Cairo,Ain Shams,53.0,1.0,1.0,1.0,2027,Broker,Other,Installments,Finished,Furnished,No,No,4.76,Grey,2623000.0
EG-10490,Cairo,Heliopolis,108.0,2.0,1.0,2.0,2027,Broker,Garden,Installments,Finished,Unfurnished,Yes,No,3.46,Brown,6114000.0
EG-10491,Cairo,Shubra,72.0,1.0,1.0,1.0,2025,Broker,Street,Installments,Finished,Unfurnished,No,No,7.64,Beige,3460000.0
EG-10492,Cairo,Al-Haram,98.0,2.0,1.0,1.0,2027,Broker,Street,Installments,Finished,Unfurnished,No,No,9.13,Brown,4341000.0
EG-10493,Cairo,Heliopolis,220.0,3.0,2.0,2.0,2017,Broker,Pool,Cash,Finished,Furnished,No,Yes,0.25,Grey,9518000.0
EG-10494,Cairo,Ain Shams,157.0,3.0,2.0,3.0,2025,Broker,Street,Cash,Finished,Furnished,No,No,11.73,White,3907000.0
EG-10495,Cairo,Ain Shams,53.0,1.0,1.0,1.0,2027,Broker,Street,Installments,Finished,Furnished,No,Yes,12.32,Beige,2949000.0
EG-10496,Cairo,Heliopolis,91.0,2.0,1.0,1.0,2026,Broker,Pool,Installments,Finished,Unfurnished,Yes,No,14.49,Grey,5788000.0
EG-10497,Cairo,6th of October,72.0,1.0,1.0,1.0,2025,Broker,Street,Installments,Finished,Unfurnished,Yes,Yes,2.79,Off-White,3601000.0
EG-10498,Cairo,New Cairo,100.0,2.0,1.0,1.0,2026,Broker,Street,Installments,Finished,Furnished,No,Yes,8.96,White,7674000.0
EG-10499,Cairo,Al-Haram,58.0,1.0,1.0,2.0,2027,Broker,Street,Installments,Finished,Unfurnished,No,No,6.46,Brown,3006000.0
EG-10500,Cairo,Nasr City,77.0,1.0,1.0,1.0,2025,Broker,Street,Installments,Finished,Unfurnished,No,No,5.09,Grey,3265000.0
EG-10501,Cairo,Shubra,158.0,2.0,2.0,2.0,2025,Broker,Street,Cash,Finished,Unfurnished,Yes,No,8.53,Off-White,3707000.0
EG-10502,Cairo,6th of October,,1.0,1.0,1.0,2025,Broker,Street,Installments,Finished,Furnished,Yes,Yes,11.76,Grey,3898000.0
EG-10503,Cairo,Shubra,121.0,3.0,2.0,3.0,2020,Broker,Street,Cash,Finished,Unfurnished,Yes,Yes,0.44,Brown,2974000.0
EG-10504,Cairo,Al-Haram,88.0,2.0,1.0,1.0,2027,Broker,Street,Installments,Finished,Unfurnished,No,No,14.54,Grey,4478000.0
EG-10505,Cairo,Shubra,165.0,3.0,2.0,2.0,2000,Broker,Street,Cash,Finished,Unfurnished,No,Yes,12.17,Off-White,3783000.0
EG-10506,Cairo,Al-Haram,120.0,2.0,3.0,2.0,2030,Broker,Street,Installments,Unfinished,Unfurnished,Yes,No,11.29,Grey,6021000.0
EG-10507,Cairo,Shubra,61.0,1.0,1.0,1.0,2025,Broker,Street,Installments,Finished,Unfurnished,No,Yes,11.43,Beige,3198000.0
EG-10508,Cairo,6th of October,63.0,1.0,1.0,1.0,2025,Broker,Street,Installments,Finished,Furnished,Yes,Yes,5.9,Beige,3612000.0
EG-10509,Cairo,6th of October,64.0,1.0,1.0,1.0,2026,Broker,Street,Installments,Finished,Unfurnished,No,No,11.3,Brown,2778000.0
EG-10510,Cairo,Heliopolis,105.0,,1.0,1.0,2027,Broker,Garden,Installments,Finished,Unfurnished,Yes,No,5.86,Off-White,4647000.0
EG-10511,Cairo,New Cairo,,3.0,2.0,3.0,2010,Broker,Garden,Cash,Finished,Unfurnished,No,No,13.49,Off-White,7425000.0
EG-10512,Cairo,Heliopolis,160.0,3.0,3.0,3.0,2025,Broker,Pool,Cash,Finished,Unfurnished,Yes,Yes,2.74,Off-White,5871000.0
EG-10513,Cairo,Shubra,62.0,1.0,1.0,1.0,2025,Broker,Street,Installments,Finished,Furnished,Yes,No,4.46,Off-White,3450000.0
EG-10514,Cairo,Shubra,71.0,1.0,1.0,1.0,2025,Broker,Street,Installments,Finished,Unfurnished,Yes,No,8.31,Off-White,3654000.0
EG-10515,Cairo,Sheikh Zayed,220.0,3.0,2.0,1.0,2024,Broker,Garden,Cash,Finished,Unfurnished,No,No,4.86,White,9218000.0
EG-10516,Cairo,Al-Haram,61.0,1.0,1.0,1.0,2025,Broker,Street,Installments,Finished,Unfurnished,No,No,6.42,Grey,3104000.0
EG-10517,Cairo,6th of October,75.0,1.0,1.0,1.0,2025,Broker,Street,Installments,Finished,Furnished,Yes,No,7.44,Off-White,3864000.0
EG-10518,Cairo,Maadi,102.0,2.0,1.0,1.0,2025,Broker,Garden,Installments,Finished,Unfurnished,No,Yes,12.86,Beige,5459000.0
EG-10519,Cairo,6th of October,56.0,1.0,1.0,1.0,2025,Broker,Street,Installments,Finished,Unfurnished,No,Yes,7.9,Grey,2882000.0
EG-10520,Cairo,Nasr City,77.0,2.0,1.0,,2024,Broker,Street,Cash,Finished,Unfurnished,No,No,5.5,Brown,6063000.0
EG-10521,Cairo,6th of October,165.0,3.0,2.0,1.0,2010,Broker,Street,Cash,Finished,Unfurnished,Yes,No,3.79,Brown,2140000.0
EG-10522,Cairo,Madinaty,230.0,2.0,,1.0,2019,Broker,Street,Cash,Finished,Furnished,Yes,Yes,6.19,Off-White,31736000.0
EG-10523,Cairo,Sheikh Zayed,173.0,3.0,,2.0,2026,Broker,Garden,Installments,Unfinished,Furnished,Yes,No,7.78,White,8719000.0
EG-10524,Cairo,Heliopolis,211.0,3.0,2.0,4.0,2025,Broker,Garden,Cash,Unfinished,Unfurnished,Yes,No,11.22,White,5093000.0
EG-10525,Cairo,Sheikh Zayed,171.0,3.0,3.0,2.0,2025,Broker,Street,Cash,Finished,Unfurnished,No,Yes,1.9,Grey,7367000.0
EG-10526,Cairo,Al-Haram,58.0,1.0,1.0,1.0,2025,Broker,Other,Installments,Finished,Furnished,Yes,Yes,3.4,White,2991000.0
EG-10527,Cairo,6th of October,215.0,3.0,3.0,1.0,2026,Developer,Street,Installments,Unfinished,Unfurnished,Yes,No,5.76,Brown,3668000.0
EG-10528,Cairo,Shubra,58.0,1.0,1.0,1.0,2025,Broker,Street,Installments,Finished,Unfurnished,Yes,Yes,5.47,Off-White,3075000.0
EG-10529,Cairo,6th of October,80.0,1.0,1.0,1.0,2025,Broker,Street,Installments,Finished,Unfurnished,Yes,Yes,5.94,Beige,4402000.0
EG-10530,Cairo,New Cairo,119.0,3.0,2.0,2.0,2029,Broker,Garden,Installments,Finished,Furnished,No,No,11.92,Brown,8640000.0
EG-10531,Cairo,Shubra,58.0,1.0,1.0,1.0,2025,Broker,Street,Installments,Finished,Unfurnished,No,No,4.93,Brown,2897000.0
EG-10532,Cairo,Al-Haram,68.0,1.0,1.0,1.0,2025,Broker,Street,Installments,Finished,Unfurnished,Yes,Yes,7.58,Grey,3741000.0
EG-10533,Cairo,Al-Haram,133.0,3.0,1.0,1.0,2027,Broker,Street,Installments,Finished,Unfurnished,No,No,9.4,White,5891000.0
EG-10534,Cairo,Madinaty,155.0,3.0,3.0,1.0,2025,Broker,Street,Cash,Finished,Unfurnished,Yes,Yes,3.56,Beige,9744000.0
EG-10535,Cairo,Maadi,,3.0,1.0,1.0,2027,Broker,Pool,Installments,Finished,Unfurnished,No,Yes,10.81,Beige,6434000.0
EG-10536,Cairo,Maadi,147.0,3.0,3.0,,2029,Broker,Lake,Installments,Finished,Furnished,Yes,No,8.25,White,12503000.0
EG-10537,Cairo,Ain Shams,51.0,1.0,1.0,1.0,2025,Broker,Street,Installments,Finished,Furnished,Yes,No,6.76,Off-White,2785000.0
EG-10538,Cairo,Nasr City,133.0,3.0,1.0,1.0,2027,Broker,Street,Installments,Finished,Furnished,No,Yes,12.17,White,6441000.0
EG-10539,Cairo,Al-Haram,131.0,3.0,1.0,,2027,Broker,Other,Installments,Finished,Furnished,No,Yes,3.73,Off-White,5815000.0
EG-10540,Cairo,Heliopolis,123.0,3.0,1.0,1.0,2029,Broker,Garden,Installments,Finished,Unfurnished,Yes,No,13.26,Beige,8851000.0
EG-10541,Cairo,Maadi,121.0,3.0,3.0,2.0,2029,Broker,Lake,Installments,Finished,Unfurnished,No,No,8.46,Grey,9176000.0
EG-10542,Cairo,Sheikh Zayed,240.0,5.0,3.0,4.0,2024,Broker,Garden,Cash,Finished,Unfurnished,No,Yes,9.18,Brown,16883000.0
EG-10543,Cairo,6th of October,54.0,1.0,1.0,1.0,2025,Broker,Street,Installments,Finished,Furnished,Yes,Yes,13.14,Beige,3038000.0
EG-10544,Cairo,Heliopolis,119.0,3.0,1.0,2.0,2029,Broker,Garden,Installments,Finished,Furnished,Yes,Yes,12.28,Beige,8890000.0
EG-10545,Cairo,6th of October,58.0,,1.0,1.0,2025,Broker,Other,Installments,Finished,Unfurnished,Yes,Yes,9.06,Beige,2819000.0
EG-10546,Cairo,Al-Haram,162.0,3.0,2.0,5.0,2008,Broker,Street,Cash,Finished,Unfurnished,No,Yes,11.32,Brown,4629000.0
EG-10547,Cairo,Maadi,130.0,2.0,2.0,,2027,Broker,Lake,Installments,Unfinished,Furnished,No,Yes,6.56,Off-White,7753000.0
EG-10548,Cairo,6th of October,80.0,2.0,1.0,1.0,2025,Broker,Street,Installments,Finished,Unfurnished,Yes,Yes,8.26,Grey,4082000.0
EG-10549,Cairo,6th of October,,3.0,1.0,1.0,2027,Broker,Street,Installments,Finished,Furnished,No,Yes,1.02,Grey,6441000.0
EG-10550,Cairo,6th of October,56.0,1.0,1.0,,2025,Broker,Other,Installments,Finished,Furnished,No,Yes,1.44,Grey,2803000.0
EG-10551,Cairo,6th of October,133.0,3.0,1.0,1.0,2027,Broker,Other,Installments,Finished,Furnished,Yes,Yes,12.46,Off-White,6082000.0
EG-10552,Cairo,Maadi,138.0,3.0,2.0,4.0,2025,Broker,Pool,Installments,Unfinished,Unfurnished,Yes,No,0.99,White,6592000.0
EG-10553,Cairo,Shubra,170.0,3.0,3.0,1.0,2028,Broker,Other,Installments,Unfinished,Furnished,Yes,Yes,2.62,White,3139000.0
EG-10554,Cairo,Sheikh Zayed,200.0,3.0,,2.0,2021,Broker,Garden,Cash,Finished,Furnished,No,No,11.96,Grey,9238000.0
EG-10555,Cairo,New Cairo,169.0,3.0,1.0,1.0,2027,Broker,Garden,Installments,Finished,Furnished,No,No,0.12,Beige,9316000.0
EG-10556,Cairo,Nasr City,105.0,2.0,1.0,1.0,2025,Broker,Street,Installments,Unfinished,Furnished,Yes,Yes,4.31,Beige,5174000.0
EG-10557,Cairo,6th of October,140.0,3.0,1.0,1.0,2027,Broker,Other,Installments,Finished,Unfurnished,Yes,Yes,8.8,Brown,6033000.0
EG-10558,Cairo,Madinaty,128.0,2.0,3.0,4.0,2027,Broker,Garden,Installments,Finished,Furnished,No,No,8.97,White,10771000.0
EG-10559,Cairo,Shubra,50.0,1.0,1.0,1.0,2027,Broker,Street,Installments,Finished,Unfurnished,Yes,Yes,11.68,Beige,2701000.0
EG-10560,Cairo,Ain Shams,75.0,1.0,1.0,1.0,2027,Broker,Other,Installments,Finished,Furnished,Yes,Yes,7.64,Grey,3357000.0
EG-10561,Cairo,Nasr City,99.0,2.0,1.0,1.0,2027,Broker,Street,Installments,Finished,Furnished,Yes,No,7.69,Brown,4692000.0
EG-10562,Cairo,6th of October,58.0,1.0,1.0,4.0,2027,Broker,Street,Installments,Finished,Furnished,Yes,Yes,10.91,White,3510000.0
EG-10563,Cairo,Heliopolis,140.0,3.0,,2.0,2028,Broker,Pool,Installments,Finished,Furnished,No,No,7.53,Brown,9588000.0
EG-10564,Cairo,Nasr City,72.0,1.0,1.0,1.0,2025,Broker,Street,Installments,Finished,Furnished,Yes,No,9.17,Beige,3784000.0
EG-10565,Cairo,New Cairo,141.0,2.0,2.0,1.0,2023,Developer,Garden,Cash,Unfinished,Furnished,No,Yes,13.48,Grey,7900000.0
EG-10566,Cairo,Al-Haram,185.0,3.0,2.0,7.0,2016,Broker,Other,Cash,Finished,Unfurnished,Yes,Yes,6.08,Grey,2820000.0
EG-10567,Cairo,Al-Haram,140.0,3.0,2.0,5.0,2025,Broker,Street,Cash,Finished,Unfurnished,Yes,Yes,5.84,Grey,3795000.0
EG-10568,Cairo,Shubra,78.0,1.0,1.0,2.0,2029,Developer,Other,Installments,Unfinished,Unfurnished,Yes,No,0.15,Beige,2561000.0
EG-10569,Cairo,Heliopolis,70.0,1.0,1.0,1.0,2029,Developer,Garden,Installments,Unfinished,Furnished,No,Yes,9.24,Off-White,4778000.0
EG-10570,Cairo,Nasr City,41.0,1.0,1.0,4.0,2026,Compound Developer,Street,Installments,Finished,Unfurnished,Yes,Yes,0.54,Grey,3568000.0
EG-10571,Cairo,Al-Haram,185.0,3.0,2.0,6.0,2004,Developer,Street,Cash,Finished,Furnished,Yes,Yes,7.61,Off-White,7075000.0
EG-10572,Cairo,Maadi,160.0,3.0,3.0,4.0,2025,Broker,Garden,Cash,Finished,Unfurnished,No,Yes,12.08,Grey,5287000.0
EG-10573,Cairo,New Cairo,237.0,4.0,3.0,2.0,2025,Developer,Garden,Cash,Unfinished,Unfurnished,Yes,Yes,8.29,Off-White,7417000.0
EG-10574,Cairo,Al-Haram,150.0,3.0,3.0,2.0,2029,Developer,Other,Installments,Unfinished,Unfurnished,Yes,Yes,4.12,White,4832000.0
EG-10575,Cairo,Al-Haram,195.0,3.0,3.0,3.0,2025,Developer,Street,Installments,Unfinished,Furnished,Yes,Yes,11.81,White,5243000.0
EG-10576,Cairo,Al-Haram,62.0,1.0,1.0,1.0,2026,Compound Developer,Street,Installments,Finished,Furnished,No,No,4.12,Grey,5314000.0
EG-10577,Cairo,Nasr City,126.0,,1.0,4.0,1990,Cash or Installments,Street,Installments,Finished,Furnished,No,No,11.02,Brown,2700000.0
EG-10578,Cairo,New Cairo,237.0,4.0,3.0,,2025,Developer,Garden,Cash,Unfinished,Furnished,Yes,No,9.19,Brown,7640000.0
EG-10579,Cairo,Sheikh Zayed,245.0,3.0,3.0,1.0,2017,Developer,Garden,Installments,Finished,Furnished,No,Yes,2.63,Beige,16383000.0
EG-10580,Cairo,Shubra,185.0,3.0,2.0,7.0,2007,Broker,Street,Installments,Finished,Furnished,Yes,Yes,13.59,White,3132000.0
EG-10581,Cairo,Al-Haram,160.0,3.0,2.0,6.0,2024,Developer,Street,Installments,Unfinished,Furnished,No,No,3.09,White,2980000.0
EG-10582,Cairo,Al-Haram,140.0,3.0,1.0,9.0,2015,Broker,Other,Installments,Finished,Unfurnished,Yes,Yes,14.84,Brown,1421000.0
EG-10583,Cairo,Sheikh Zayed,146.0,2.0,2.0,1.0,2025,Developer,Garden,Cash,Finished,Unfurnished,Yes,Yes,0.21,Grey,22137000.0
EG-10584,Cairo,Nasr City,130.0,2.0,2.0,1.0,2019,Broker,Street,Cash,Unfinished,Unfurnished,No,Yes,4.03,Beige,1525000.0
EG-10585,Cairo,Heliopolis,300.0,3.0,3.0,2.0,2010,Broker,Garden,Cash,Finished,Furnished,Yes,Yes,3.08,White,13845000.0
EG-10586,Cairo,6th of October,108.0,2.0,1.0,3.0,2027,Broker,Street,Installments,Finished,Furnished,Yes,Yes,0.31,Beige,6421000.0
EG-10587,Cairo,Heliopolis,202.0,3.0,3.0,4.0,2016,Broker,Pool,Cash,Finished,Unfurnished,No,Yes,11.01,White,6331000.0
EG-10588,Cairo,Al-Haram,120.0,2.0,1.0,4.0,2017,Cash,Street,Cash,Finished,Unfurnished,No,Yes,10.43,Off-White,3285000.0
EG-10589,Cairo,6th of October,,1.0,1.0,3.0,2025,Broker,Other,Installments,Unfinished,Furnished,Yes,No,11.91,Off-White,4208000.0
EG-10590,Cairo,Al-Haram,130.0,3.0,2.0,1.0,2019,Broker,Street,Cash,Finished,Unfurnished,No,Yes,3.92,Beige,3235000.0
EG-10591,Cairo,Maadi,125.0,3.0,3.0,2.0,2027,Broker,Lake,Cash,Finished,Furnished,No,No,6.72,Brown,5559000.0
EG-10592,Cairo,Ain Shams,130.0,2.0,1.0,2.0,2015,Broker,Street,Cash,Finished,Unfurnished,Yes,No,9.92,Brown,2986000.0
EG-10593,Cairo,Nasr City,100.0,2.0,1.0,7.0,2016,Broker,Street,Cash,Finished,Unfurnished,No,No,6.65,White,2338000.0
EG-10594,Cairo,Heliopolis,85.0,1.0,1.0,1.0,2025,Broker,Pool,Installments,Finished,Furnished,No,No,10.49,Off-White,4235000.0
EG-10595,Cairo,Ain Shams,75.0,1.0,1.0,1.0,2025,Broker,Other,Installments,Finished,Unfurnished,No,Yes,9.55,Off-White,3337000.0
EG-10596,Cairo,Nasr City,53.0,1.0,1.0,4.0,2027,Broker,Street,Installments,Finished,Unfurnished,Yes,No,1.81,Beige,2933000.0
EG-10597,Cairo,New Cairo,70.0,1.0,2.0,1.0,2027,Broker,Pool,Installments,Finished,Furnished,Yes,No,11.74,Beige,9076000.0
EG-10598,Cairo,Al-Haram,150.0,3.0,2.0,,2020,Broker,Street,Cash,Finished,Unfurnished,Yes,Yes,10.84,Brown,4308000.0
EG-10599,Cairo,Ain Shams,72.0,1.0,1.0,1.0,2025,Broker,Street,Installments,Finished,Furnished,Yes,Yes,9.87,Brown,3898000.0
EG-10600,Cairo,Maadi,137.0,3.0,1.0,1.0,2026,Broker,Garden,Installments,Finished,Unfurnished,Yes,Yes,2.41,Brown,10649000.0
EG-10601,Cairo,Shubra,53.0,1.0,1.0,2.0,2027,Broker,Street,Installments,Finished,Furnished,Yes,Yes,4.09,Grey,3095000.0
EG-10602,Cairo,Sheikh Zayed,125.0,3.0,1.0,1.0,2026,Broker,Garden,Installments,Finished,Unfurnished,Yes,No,5.96,Off-White,9608000.0
EG-10603,Cairo,Heliopolis,170.0,3.0,3.0,2.0,2020,Broker,Pool,Cash,Finished,Furnished,Yes,Yes,4.27,Off-White,4615000.0
EG-10604,Cairo,Madinaty,100.0,2.0,1.0,1.0,2026,Broker,Street,Installments,Finished,Unfurnished,Yes,Yes,3.49,Beige,8057000.0
EG-10605,Cairo,Maadi,160.0,3.0,3.0,2.0,2028,Broker,Lake,Installments,Finished,Unfurnished,Yes,No,12.1,Off-White,13662000.0
EG-10606,Cairo,Ain Shams,75.0,1.0,,1.0,2025,Broker,Street,Installments,Finished,Furnished,Yes,Yes,9.61,Beige,3981000.0
EG-10607,Cairo,New Cairo,320.0,5.0,4.0,2.0,2021,Broker,Street,Cash,Finished,Furnished,Yes,No,8.53,Grey,17642000.0
EG-10608,Cairo,Maadi,85.0,1.0,1.0,1.0,2025,Broker,Street,Installments,Finished,Unfurnished,Yes,No,3.47,Brown,3879000.0
EG-10609,Cairo,Madinaty,110.0,2.0,2.0,3.0,2025,Broker,Pool,Installments,Unfinished,Unfurnished,No,No,13.78,Grey,8440000.0
EG-10610,Cairo,Al-Haram,53.0,1.0,1.0,3.0,2027,Broker,Street,Installments,Finished,Unfurnished,No,No,2.95,Brown,2797000.0
EG-10611,Cairo,New Cairo,208.0,3.0,3.0,,2022,Broker,Street,Cash,Finished,Unfurnished,No,No,11.94,Brown,10628000.0
EG-10612,Cairo,Nasr City,150.0,3.0,2.0,,2025,Developer,Street,Cash,Finished,Unfurnished,No,No,14.5,Beige,1546000.0
EG-10613,Cairo,New Cairo,165.0,2.0,2.0,1.0,2024,Broker,Pool,Cash,Finished,Furnished,Yes,Yes,10.93,Brown,8076000.0
EG-10614,Cairo,Ain Shams,53.0,1.0,1.0,1.0,2027,Broker,Street,Installments,Finished,Unfurnished,Yes,Yes,14.89,Grey,2863000.0
EG-10615,Cairo,Maadi,108.0,2.0,1.0,2.0,2027,Broker,Garden,Installments,Finished,Unfurnished,Yes,Yes,9.8,White,6299000.0
EG-10616,Cairo,Ain Shams,72.0,1.0,1.0,1.0,2025,Broker,Street,Installments,Finished,Unfurnished,Yes,No,3.34,Beige,3565000.0
EG-10617,Cairo,Al-Haram,,3.0,2.0,3.0,2023,Broker,Street,Cash,Finished,Furnished,Yes,No,3.14,Brown,6867000.0
EG-10618,Cairo,Shubra,72.0,1.0,1.0,1.0,2025,Broker,Street,Installments,Finished,Unfurnished,No,Yes,4.94,Brown,3565000.0
EG-10619,Cairo,Madinaty,105.0,2.0,1.0,1.0,2026,Broker,Garden,Installments,Finished,Unfurnished,Yes,No,0.21,Off-White,7284000.0
EG-10620,Cairo,New Cairo,220.0,3.0,2.0,2.0,2017,Broker,Pool,Cash,Finished,Unfurnished,No,No,10.26,Beige,8705000.0
EG-10621,Cairo,Sheikh Zayed,202.0,3.0,4.0,2.0,2023,Broker,Street,Cash,Finished,Unfurnished,No,No,4.1,Beige,11208000.0
EG-10622,Cairo,Al-Haram,53.0,1.0,1.0,1.0,2027,Broker,Other,Installments,Finished,Unfurnished,No,Yes,12.25,Grey,2547000.0
EG-10623,Cairo,6th of October,91.0,2.0,1.0,1.0,2026,Broker,Street,Installments,Finished,Unfurnished,Yes,Yes,5.45,White,5626000.0
EG-10624,Cairo,Maadi,100.0,2.0,,1.0,2026,Broker,Street,Installments,Finished,Unfurnished,Yes,Yes,7.25,Grey,7451000.0
EG-10625,Cairo,New Cairo,146.0,2.0,2.0,2.0,2026,Broker,Pool,Installments,Unfinished,Furnished,Yes,Yes,14.49,Grey,8735000.0
EG-10626,Cairo,Shubra,58.0,1.0,1.0,2.0,2027,Broker,Street,Installments,Finished,Unfurnished,Yes,Yes,3.71,Grey,3191000.0
EG-10627,Cairo,Ain Shams,77.0,1.0,1.0,1.0,2025,Broker,Street,Installments,Finished,Unfurnished,No,No,10.85,White,3265000.0
EG-10628,Cairo,Al-Haram,72.0,1.0,1.0,1.0,2025,Broker,Street,Installments,Finished,Furnished,Yes,Yes,11.35,Grey,3898000.0
EG-10629,Cairo,Ain Shams,121.0,3.0,2.0,3.0,2020,Broker,Other,Cash,Finished,Unfurnished,Yes,Yes,3.39,Beige,2726000.0
EG-10630,Cairo,Al-Haram,165.0,3.0,2.0,2.0,2000,Broker,Street,Cash,Finished,Furnished,No,No,7.56,White,3896000.0
EG-10631,Cairo,Ain Shams,135.0,3.0,2.0,3.0,2025,Broker,Street,Cash,Finished,Furnished,Yes,Yes,5.32,Brown,3599000.0
EG-10632,Cairo,Maadi,175.0,3.0,2.0,5.0,2025,Broker,Garden,Cash,Finished,Unfurnished,No,No,11.6,Off-White,5377000.0
EG-10633,Cairo,Shubra,50.0,1.0,2.0,4.0,2028,Compound Developer,Street,Installments,Unfinished,Unfurnished,No,No,9.38,Off-White,1844000.0
EG-10634,Cairo,Ain Shams,140.0,3.0,2.0,4.0,2004,Broker,Other,Cash,Finished,Unfurnished,Yes,No,7.19,Beige,2646000.0
EG-10635,Cairo,Heliopolis,98.0,2.0,1.0,1.0,2027,Broker,Pool,Installments,Finished,Unfurnished,No,No,11.71,Off-White,4601000.0
EG-10636,Cairo,Al-Haram,90.0,2.0,1.0,4.0,2028,Compound Developer,Street,Installments,Unfinished,Furnished,No,No,3.6,Off-White,3240000.0
EG-10637,Cairo,Nasr City,157.0,3.0,2.0,3.0,2025,Broker,Other,Cash,Finished,Furnished,Yes,Yes,11.33,Off-White,3800000.0
EG-10638,Cairo,Maadi,96.0,,2.0,3.0,2021,Broker,Lake,Cash,Finished,Unfurnished,Yes,Yes,12.99,Brown,5048000.0
EG-10639,Cairo,Ain Shams,53.0,1.0,1.0,1.0,2027,Broker,Other,Installments,Finished,Unfurnished,Yes,Yes,13.19,Off-White,2624000.0
EG-10640,Cairo,6th of October,72.0,1.0,1.0,1.0,2025,Broker,Street,Installments,Finished,Furnished,No,Yes,11.78,Grey,3709000.0
EG-10641,Cairo,Ain Shams,158.0,2.0,2.0,2.0,2025,Broker,Street,Cash,Finished,Unfurnished,No,Yes,6.18,Beige,3707000.0
EG-10642,Cairo,Shubra,58.0,1.0,1.0,1.0,2027,Broker,Street,Installments,Finished,Unfurnished,Yes,Yes,14.73,Beige,3133000.0
EG-10643,Cairo,Nasr City,125.0,2.0,2.0,2.0,2025,Broker,Street,Cash,Finished,Unfurnished,Yes,No,5.76,Beige,2937000.0
EG-10644,Cairo,6th of October,145.0,3.0,3.0,1.0,2028,Broker,Street,Installments,Unfinished,Unfurnished,No,No,9.62,Brown,3932000.0
EG-10645,Cairo,Heliopolis,108.0,2.0,1.0,1.0,2027,Broker,Pool,Installments,Finished,Furnished,Yes,Yes,2.5,Brown,6563000.0
EG-10646,Cairo,6th of October,88.0,2.0,1.0,1.0,2027,Broker,Street,Installments,Finished,Furnished,No,Yes,14.71,Off-White,4896000.0
EG-10647,Cairo,Shubra,53.0,1.0,1.0,1.0,2027,Broker,Street,Installments,Finished,Unfurnished,No,No,10.59,Grey,2697000.0
EG-10648,Cairo,Shubra,180.0,3.0,2.0,7.0,2013,Broker,Street,Cash,Finished,Unfurnished,Yes,No,11.33,Off-White,2937000.0
EG-10649,Cairo,Nasr City,158.0,3.0,3.0,2.0,2028,Broker,Street,Installments,Unfinished,Furnished,No,Yes,1.08,Beige,4685000.0
EG-10650,Cairo,Ain Shams,119.0,3.0,2.0,1.0,2027,Broker,Street,Installments,Unfinished,Unfurnished,Yes,Yes,11.47,Grey,2835000.0
EG-10651,Cairo,Al-Haram,125.0,3.0,1.0,2.0,2015,Broker,Street,Cash,Finished,Unfurnished,No,Yes,11.64,Beige,2787000.0
EG-10652,Cairo,6th of October,215.0,4.0,3.0,2.0,2026,Developer,Street,Installments,Unfinished,Furnished,Yes,Yes,10.11,Grey,6011000.0
EG-10653,Cairo,Nasr City,100.0,1.0,1.0,3.0,2028,Developer,Other,Installments,Unfinished,Unfurnished,Yes,No,4.45,White,3304000.0
EG-10654,Cairo,Ain Shams,72.0,1.0,1.0,1.0,2025,Broker,Street,Installments,Finished,Furnished,Yes,Yes,7.4,Brown,3822000.0
EG-10655,Cairo,Al-Haram,88.0,2.0,1.0,,2027,Broker,Street,Installments,Finished,Furnished,No,Yes,1.75,Brown,4987000.0
EG-10656,Cairo,Maadi,144.0,3.0,3.0,2.0,2029,Developer,Garden,Installments,Unfinished,Unfurnished,Yes,Yes,7.13,Beige,5107000.0
EG-10657,Cairo,Shubra,72.0,1.0,1.0,,2025,Broker,Street,Installments,Finished,Furnished,Yes,No,3.73,Beige,3709000.0
EG-10658,Cairo,Nasr City,130.0,3.0,2.0,0.0,2025,Broker,Street,Cash,Finished,Furnished,Yes,Yes,5.3,White,4136000.0
EG-10659,Cairo,Ain Shams,125.0,2.0,2.0,2.0,2025,Broker,Other,Cash,Finished,Unfurnished,Yes,Yes,2.52,Off-White,2773000.0
EG-10660,Cairo,Sheikh Zayed,165.0,2.0,2.0,5.0,2029,Broker,Street,Installments,Unfinished,Unfurnished,No,No,3.53,Grey,13121000.0
EG-10661,Cairo,Maadi,145.0,3.0,3.0,1.0,2028,Broker,Lake,Installments,Unfinished,Unfurnished,Yes,No,1.24,White,4335000.0
EG-10662,Cairo,6th of October,175.0,3.0,3.0,2.0,2025,Broker,Street,Installments,Unfinished,Furnished,No,No,13.81,White,2553000.0
EG-10663,Cairo,Shubra,200.0,3.0,2.0,2.0,2025,Developer,Street,Cash,Unfinished,Furnished,No,Yes,8.0,Beige,2255000.0
EG-10664,Cairo,Al-Haram,107.0,3.0,,2.0,2026,Broker,Street,Cash,Finished,Unfurnished,No,No,6.01,Beige,3754000.0
EG-10665,Cairo,Nasr City,53.0,1.0,1.0,1.0,2027,Broker,Street,Installments,Finished,Furnished,No,Yes,8.07,Off-White,2949000.0
EG-10666,Cairo,Nasr City,125.0,2.0,2.0,8.0,2025,Broker,Street,Installments,Unfinished,Unfurnished,Yes,Yes,9.46,Off-White,5746000.0
EG-10667,Cairo,Maadi,155.0,2.0,3.0,2.0,2024,Broker,Lake,Cash,Unfinished,Unfurnished,Yes,Yes,13.84,Beige,5297000.0
EG-10668,Cairo,Al-Haram,,3.0,2.0,6.0,2016,Broker,Other,Cash,Finished,Unfurnished,No,Yes,2.76,Brown,6113000.0
EG-10669,Cairo,Madinaty,200.0,4.0,3.0,5.0,2020,Broker,Pool,Cash,Finished,Furnished,No,Yes,4.5,Off-White,11758000.0
EG-10670,Cairo,Ain Shams,72.0,1.0,1.0,1.0,2025,Broker,Street,Installments,Finished,Furnished,Yes,No,14.64,White,3709000.0
EG-10671,Cairo,6th of October,185.0,3.0,2.0,6.0,2004,Developer,Other,Cash,Finished,Unfurnished,No,Yes,5.63,Beige,5930000.0
EG-10672,Cairo,Heliopolis,200.0,3.0,2.0,,2025,Broker,Pool,Cash,Unfinished,Unfurnished,No,No,0.44,Grey,5466000.0
EG-10673,Cairo,Al-Haram,77.0,1.0,1.0,1.0,2025,Broker,Other,Installments,Finished,Unfurnished,No,No,2.3,Grey,2993000.0
EG-10674,Cairo,6th of October,198.0,4.0,4.0,3.0,2025,Broker,Street,Cash,Unfinished,Unfurnished,No,No,0.49,Brown,5964000.0
EG-10675,Cairo,Ain Shams,72.0,1.0,1.0,1.0,2025,Broker,Street,Installments,Finished,Unfurnished,No,No,14.85,Beige,3393000.0
EG-10676,Cairo,Shubra,140.0,3.0,3.0,2.0,2027,Broker,Other,Installments,Unfinished,Furnished,No,No,4.26,White,2978000.0
EG-10677,Cairo,Al-Haram,160.0,2.0,1.0,10.0,1990,Broker,Street,Cash,Finished,Furnished,Yes,No,13.86,Brown,3803000.0
EG-10678,Cairo,Ain Shams,107.0,3.0,2.0,2.0,2026,Broker,Street,Cash,Finished,Furnished,No,No,14.94,White,3983000.0
EG-10679,Cairo,Nasr City,78.0,,1.0,2.0,2029,Developer,Street,Installments,Unfinished,Unfurnished,Yes,Yes,9.04,Grey,2879000.0
EG-10680,Cairo,Maadi,70.0,1.0,1.0,1.0,2029,Developer,Lake,Installments,Unfinished,Unfurnished,Yes,Yes,0.59,White,4683000.0
EG-10681,Cairo,Ain Shams,41.0,1.0,1.0,4.0,2026,Compound Developer,Street,Installments,Finished,Unfurnished,No,Yes,1.32,Grey,3463000.0
EG-10682,Cairo,Sheikh Zayed,156.0,2.0,2.0,1.0,2025,Broker,Street,Installments,Finished,Unfurnished,No,No,7.28,Off-White,9989000.0
EG-10683,Cairo,Al-Haram,123.0,3.0,3.0,2.0,2027,Broker,Other,Installments,Unfinished,Unfurnished,No,Yes,6.15,Grey,2641000.0
EG-10684,Cairo,New Cairo,237.0,4.0,3.0,2.0,2025,Developer,Street,Cash,Unfinished,Unfurnished,Yes,Yes,9.13,Grey,6997000.0
EG-10685,Cairo,Nasr City,150.0,3.0,3.0,2.0,2029,Developer,Street,Installments,Unfinished,Unfurnished,Yes,Yes,6.64,Brown,5272000.0
EG-10686,Cairo,Maadi,175.0,3.0,3.0,3.0,2014,Broker,Garden,Cash,Finished,Furnished,Yes,No,14.02,Brown,11198000.0
EG-10687,Cairo,Heliopolis,62.0,1.0,1.0,1.0,2026,Compound Developer,Garden,Installments,Finished,Furnished,Yes,No,8.07,Beige,5803000.0
EG-10688,Cairo,Sheikh Zayed,237.0,4.0,3.0,2.0,2025,Developer,Street,Cash,Unfinished,Unfurnished,No,No,10.44,Beige,6592000.0
EG-10689,Cairo,New Cairo,245.0,3.0,3.0,,2017,Developer,Garden,Installments,Finished,Unfurnished,Yes,No,13.46,Grey,15438000.0
EG-10690,Cairo,Sheikh Zayed,138.0,2.0,2.0,5.0,2025,Broker,Pool,Installments,Finished,Unfurnished,Yes,Yes,2.29,Off-White,16824000.0
EG-10691,Cairo,Al-Haram,160.0,3.0,2.0,6.0,2024,Developer,Street,Installments,Unfinished,Unfurnished,Yes,Yes,3.52,Beige,2981000.0
EG-10692,Cairo,Sheikh Zayed,158.0,2.0,3.0,4.0,2025,Broker,Garden,Installments,Finished,Unfurnished,No,Yes,1.7,Grey,8234000.0
EG-10693,Cairo,Heliopolis,146.0,2.0,2.0,1.0,2025,Developer,Garden,Cash,Finished,Unfurnished,Yes,Yes,2.18,Brown,19432000.0
EG-10694,Cairo,Heliopolis,133.0,3.0,3.0,3.0,2028,Broker,Street,Installments,Unfinished,Unfurnished,No,Yes,7.74,Beige,3716000.0
EG-10695,Cairo,Nasr City,251.0,4.0,3.0,3.0,2025,Developer,Other,Installments,Unfinished,Unfurnished,Yes,No,4.89,Beige,5100000.0
EG-10696,Cairo,Heliopolis,125.0,3.0,1.0,4.0,2028,Compound Developer,Garden,Installments,Unfinished,Furnished,Yes,Yes,6.41,Grey,5516000.0
EG-10697,Cairo,6th of October,220.0,3.0,3.0,1.0,2005,Developer,Street,Cash,Finished,Furnished,No,Yes,14.74,Grey,4595000.0
EG-10698,Cairo,Heliopolis,107.0,3.0,2.0,4.0,2027,Broker,Street,Installments,Finished,Unfurnished,Yes,No,2.43,White,7307000.0
EG-10699,Cairo,Al-Haram,91.0,2.0,1.0,1.0,2028,Compound Developer,Street,Installments,Unfinished,Unfurnished,No,Yes,8.16,White,3584000.0
EG-10700,Cairo,New Cairo,181.0,4.0,3.0,7.0,2025,Developer,Garden,Cash,Finished,Unfurnished,No,Yes,1.57,Off-White,12223000.0
EG-10701,Cairo,Ain Shams,59.0,,1.0,4.0,2028,Compound Developer,Street,Installments,Unfinished,Unfurnished,No,Yes,4.85,Beige,2273000.0
EG-10702,Cairo,6th of October,134.0,3.0,3.0,1.0,2027,Broker,Street,Installments,Finished,Unfurnished,No,Yes,7.96,White,5977000.0
EG-10703,Cairo,New Cairo,210.0,3.0,2.0,4.0,2004,Developer,Garden,Cash,Unfinished,Unfurnished,No,No,14.2,Grey,6750000.0
EG-10704,Cairo,Ain Shams,90.0,2.0,1.0,1.0,2028,Compound Developer,Street,Installments,Unfinished,Unfurnished,No,Yes,5.93,Beige,3254000.0
EG-10705,Cairo,Heliopolis,183.0,3.0,2.0,7.0,2024,Developer,Garden,Cash,Unfinished,Furnished,Yes,No,1.07,White,4617000.0
EG-10706,Cairo,Sheikh Zayed,174.0,3.0,3.0,4.0,2029,Developer,Pool,Installments,Unfinished,Furnished,Yes,No,5.88,Off-White,12065000.0
EG-10707,Cairo,Nasr City,158.0,3.0,2.0,3.0,2028,Developer,Other,Installments,Unfinished,Unfurnished,No,Yes,2.27,Off-White,5351000.0
EG-10708,Cairo,Al-Haram,90.0,2.0,1.0,4.0,2028,Compound Developer,Other,Installments,Unfinished,Furnished,No,Yes,3.53,Off-White,3060000.0
EG-10709,Cairo,Heliopolis,96.0,2.0,2.0,1.0,2027,Broker,Street,Installments,Finished,Furnished,Yes,No,9.31,Off-White,7113000.0
EG-10710,Cairo,Maadi,148.0,3.0,2.0,10.0,2026,Developer,Garden,Installments,Finished,Unfurnished,Yes,Yes,1.1,Grey,10358000.0
EG-10711,Cairo,6th of October,245.0,3.0,3.0,2.0,2025,Developer,Street,Installments,Unfinished,Furnished,Yes,Yes,7.02,Off-White,4587000.0
EG-10712,Cairo,Maadi,209.0,3.0,2.0,,2025,Developer,Lake,Installments,Unfinished,Unfurnished,No,No,9.18,Brown,3717000.0
EG-10713,Cairo,Maadi,136.0,3.0,3.0,,2028,Developer,Pool,Installments,Unfinished,Furnished,Yes,Yes,6.39,Off-White,5398000.0
EG-10714,Cairo,6th of October,97.0,2.0,2.0,0.0,2028,Developer,Street,Installments,Unfinished,Unfurnished,No,No,0.38,White,3224000.0
EG-10715,Cairo,Al-Haram,158.0,3.0,3.0,1.0,2028,Developer,Street,Installments,Unfinished,Furnished,No,Yes,14.78,Beige,5743000.0
EG-10716,Cairo,6th of October,91.0,2.0,,0.0,2028,Developer,Street,Installments,Unfinished,Unfurnished,No,Yes,5.57,White,3117000.0
EG-10717,Cairo,Al-Haram,137.0,3.0,3.0,3.0,2028,Developer,Street,Installments,Unfinished,Unfurnished,Yes,No,11.7,Beige,4692000.0
EG-10718,Cairo,Al-Haram,240.0,3.0,3.0,2.0,2025,Developer,Street,Installments,Unfinished,Unfurnished,No,Yes,4.95,Grey,4110000.0
EG-10719,Cairo,Heliopolis,219.0,3.0,3.0,2.0,2025,Developer,Street,Installments,Unfinished,Unfurnished,No,Yes,7.18,Beige,3750000.0
EG-10720,Cairo,Nasr City,199.0,3.0,2.0,1.0,2025,Developer,Other,Installments,Unfinished,Furnished,Yes,No,5.89,Brown,3314000.0
EG-10721,Cairo,Nasr City,147.0,3.0,2.0,2.0,2028,Developer,Street,Installments,Unfinished,Unfurnished,Yes,Yes,5.2,Off-White,5187000.0
EG-10722,Cairo,Shubra,351.0,2.0,1.0,0.0,2028,Developer,Other,Installments,Unfinished,Unfurnished,No,Yes,0.43,White,2982000.0
EG-10723,Cairo,Ain Shams,192.0,3.0,2.0,2.0,2025,Developer,Street,Installments,Unfinished,Unfurnished,No,Yes,5.46,Beige,3288000.0
EG-10724,Cairo,Al-Haram,224.0,3.0,3.0,1.0,2025,Developer,Street,Installments,Unfinished,Unfurnished,Yes,Yes,13.35,White,3952000.0
EG-10725,Cairo,Madinaty,174.0,3.0,,4.0,2029,Developer,Garden,Installments,Unfinished,Furnished,Yes,No,10.39,Off-White,12065000.0
EG-10726,Cairo,Shubra,204.0,3.0,2.0,2.0,2025,Developer,Street,Installments,Unfinished,Furnished,Yes,Yes,2.27,Grey,3820000.0
EG-10727,Cairo,6th of October,237.0,4.0,3.0,2.0,2025,Developer,Street,Installments,Unfinished,Furnished,No,No,8.91,Off-White,4180000.0
EG-10728,Cairo,Heliopolis,141.0,,3.0,,2028,Developer,Street,Installments,Unfinished,Unfurnished,No,Yes,13.39,Grey,4829000.0
EG-10729,Cairo,Heliopolis,157.0,3.0,3.0,1.0,2028,Developer,Pool,Installments,Unfinished,Unfurnished,Yes,No,10.53,White,5700000.0
EG-10730,Cairo,Maadi,139.0,3.0,3.0,3.0,2028,Developer,Lake,Installments,Unfinished,Furnished,Yes,Yes,2.32,Grey,5569000.0
EG-10731,Cairo,Nasr City,102.0,2.0,2.0,0.0,2028,Developer,Street,Installments,Unfinished,Furnished,No,No,13.03,Grey,3598000.0
EG-10732,Cairo,Nasr City,,2.0,2.0,0.0,2028,Developer,Other,Installments,Unfinished,Furnished,No,No,4.59,Grey,3621000.0
EG-10733,Cairo,Maadi,140.0,,3.0,,2028,Developer,Lake,Installments,Unfinished,Furnished,No,Yes,6.87,Grey,5444000.0
EG-10734,Cairo,Nasr City,129.0,3.0,2.0,2.0,2028,Developer,Street,Installments,Unfinished,Unfurnished,No,Yes,7.94,Grey,4418000.0
EG-10735,Cairo,6th of October,216.0,3.0,2.0,2.0,2025,Developer,Street,Installments,Unfinished,Unfurnished,Yes,Yes,12.77,Beige,3811000.0
EG-10736,Cairo,Maadi,135.0,3.0,2.0,2.0,2028,Developer,Lake,Installments,Unfinished,Unfurnished,No,No,13.98,Grey,4802000.0
EG-10737,Cairo,New Cairo,125.0,2.0,2.0,2.0,2029,Developer,Pool,Installments,Unfinished,Unfurnished,Yes,No,13.95,Grey,8694000.0
EG-10738,Cairo,Maadi,250.0,3.0,3.0,2.0,2025,Developer,Street,Installments,Unfinished,Unfurnished,No,No,0.22,Off-White,4155000.0
EG-10739,Cairo,Heliopolis,107.0,3.0,2.0,4.0,2027,Broker,Garden,Installments,Finished,Unfurnished,No,No,13.84,Off-White,7518000.0
EG-10740,Cairo,Al-Haram,180.0,3.0,3.0,1.0,2011,Developer,Street,Cash,Finished,Unfurnished,No,Yes,0.91,Off-White,5475000.0
EG-10741,Cairo,6th of October,148.0,3.0,3.0,2.0,2028,Developer,Other,Installments,Unfinished,Unfurnished,No,Yes,4.06,Grey,4646000.0
EG-10742,Cairo,New Cairo,250.0,4.0,3.0,1.0,2020,Broker,Garden,Cash,Finished,Furnished,Yes,No,7.77,Off-White,11534000.0
EG-10743,Cairo,Al-Haram,192.0,3.0,2.0,2.0,2025,Developer,Street,Installments,Unfinished,Furnished,Yes,Yes,7.25,Beige,3595000.0
EG-10744,Cairo,Ain Shams,93.0,2.0,2.0,0.0,2028,Developer,Other,Installments,Unfinished,Unfurnished,Yes,Yes,9.11,White,3008000.0
EG-10745,Cairo,Shubra,90.0,2.0,2.0,0.0,2028,Developer,Street,Installments,Unfinished,Unfurnished,No,Yes,7.24,Off-White,3082000.0
EG-10746,Cairo,Nasr City,184.0,3.0,,4.0,2025,Developer,Other,Installments,Unfinished,Unfurnished,No,Yes,14.02,Off-White,3497000.0
EG-10747,Cairo,6th of October,125.0,3.0,2.0,4.0,2028,Compound Developer,Street,Installments,Unfinished,Unfurnished,No,Yes,3.68,Beige,4760000.0
EG-10748,Cairo,Al-Haram,222.0,4.0,3.0,4.0,2025,Developer,Street,Installments,Unfinished,Furnished,No,No,4.18,Brown,6034000.0
EG-10749,Cairo,Maadi,70.0,1.0,2.0,4.0,2025,Developer,Garden,Cash,Unfinished,Unfurnished,Yes,Yes,13.82,Brown,5550000.0
EG-10750,Cairo,Heliopolis,125.0,,2.0,4.0,2028,Compound Developer,Street,Installments,Unfinished,Unfurnished,Yes,Yes,1.24,Beige,4904000.0
EG-10751,Cairo,New Cairo,164.0,3.0,3.0,1.0,2025,Developer,Garden,Cash,Unfinished,Unfurnished,Yes,Yes,9.18,Off-White,9991000.0
EG-10752,Cairo,Maadi,125.0,3.0,2.0,3.0,2028,Compound Developer,Garden,Installments,Unfinished,Unfurnished,No,No,10.26,White,4613000.0
EG-10753,Cairo,Shubra,89.0,2.0,2.0,4.0,2028,Compound Developer,Other,Installments,Unfinished,Unfurnished,No,Yes,7.63,Off-White,2746000.0
EG-10754,Cairo,Al-Haram,59.0,1.0,1.0,3.0,2028,Compound Developer,Street,Installments,Unfinished,Furnished,Yes,Yes,10.44,Beige,2535000.0
EG-10755,Cairo,6th of October,,,3.0,3.0,2025,Developer,Street,Installments,Unfinished,Furnished,No,No,2.67,Beige,4939000.0
EG-10756,Cairo,Al-Haram,215.0,4.0,3.0,3.0,2026,Developer,Street,Installments,Unfinished,Unfurnished,Yes,Yes,12.8,Grey,5664000.0
EG-10757,Cairo,Shubra,78.0,2.0,1.0,4.0,2028,Compound Developer,Street,Installments,Unfinished,Unfurnished,Yes,Yes,2.19,Beige,2589000.0
EG-10758,Cairo,Heliopolis,130.0,3.0,2.0,2.0,2029,Developer,Garden,Installments,Unfinished,Furnished,Yes,Yes,6.07,Grey,4805000.0
EG-10759,Cairo,Shubra,135.0,3.0,1.0,3.0,2025,Developer,Street,Cash,Finished,Unfurnished,Yes,Yes,1.22,Beige,2974000.0
EG-10760,Cairo,Maadi,171.0,3.0,3.0,2.0,2025,Broker,Garden,Cash,Finished,Unfurnished,No,Yes,8.22,Grey,7809000.0
EG-10761,Cairo,Shubra,43.0,1.0,1.0,3.0,2028,Compound Developer,Street,Installments,Unfinished,Furnished,Yes,No,10.08,Grey,1636000.0
EG-10762,Cairo,Al-Haram,,3.0,2.0,3.0,2028,Compound Developer,Other,Installments,Unfinished,Furnished,Yes,Yes,14.12,Off-White,4680000.0
EG-10763,Cairo,Nasr City,,4.0,3.0,2.0,2026,Developer,Other,Installments,Unfinished,Unfurnished,No,No,11.12,Grey,4770000.0
EG-10764,Cairo,Nasr City,185.0,3.0,2.0,7.0,2016,Broker,Street,Cash,Finished,Furnished,No,No,8.16,Brown,3076000.0
EG-10765,Cairo,Maadi,150.0,3.0,2.0,0.0,2025,Developer,Street,Installments,Unfinished,Furnished,No,Yes,14.0,Beige,3945000.0
EG-10766,Cairo,New Cairo,202.0,3.0,3.0,1.0,2025,Developer,Pool,Cash,Finished,Furnished,Yes,Yes,7.23,White,13568000.0
EG-10767,Cairo,Maadi,180.0,3.0,2.0,2.0,2015,Developer,Lake,Cash,Finished,Furnished,Yes,No,8.46,Beige,7913000.0
EG-10768,Cairo,Heliopolis,270.0,3.0,3.0,5.0,2009,Developer,Pool,Cash,Finished,Unfurnished,Yes,Yes,8.98,Off-White,9241000.0
EG-10769,Cairo,Sheikh Zayed,168.0,3.0,2.0,2.0,2025,Developer,Garden,Cash,Finished,Unfurnished,Yes,No,6.21,Off-White,10552000.0
EG-10770,Cairo,Al-Haram,154.0,3.0,3.0,2.0,2027,Developer,Street,Installments,Unfinished,Unfurnished,No,No,12.59,Grey,4125000.0
EG-10771,Cairo,Heliopolis,132.0,3.0,,,2025,Developer,Street,Cash,Unfinished,Unfurnished,Yes,Yes,2.86,Off-White,5998000.0
EG-10772,Cairo,Madinaty,171.0,,3.0,1.0,2025,Developer,Pool,Cash,Unfinished,Unfurnished,Yes,Yes,8.37,Off-White,10092000.0
EG-10773,Cairo,Shubra,140.0,3.0,2.0,3.0,2025,Developer,Other,Cash,Unfinished,Unfurnished,No,Yes,10.86,Beige,1101000.0
EG-10774,Cairo,Ain Shams,165.0,3.0,2.0,2.0,2012,Developer,Street,Cash,Finished,Unfurnished,No,Yes,13.57,Brown,3683000.0
EG-10775,Cairo,Nasr City,196.0,3.0,3.0,1.0,2024,Broker,Street,Installments,Finished,Unfurnished,Yes,Yes,13.27,Brown,5852000.0
EG-10776,Cairo,Sheikh Zayed,187.0,3.0,3.0,1.0,2023,Developer,Garden,Installments,Unfinished,Unfurnished,Yes,No,7.68,Grey,11360000.0
EG-10777,Cairo,Al-Haram,145.0,3.0,2.0,3.0,2024,Developer,Street,Cash,Unfinished,Unfurnished,Yes,Yes,9.68,Off-White,2951000.0
EG-10778,Cairo,Nasr City,200.0,3.0,2.0,4.0,1989,Cash or Installments,Other,Installments,Finished,Furnished,Yes,No,5.97,Off-White,4061000.0
EG-10779,Cairo,Ain Shams,120.0,3.0,1.0,1.0,2025,Developer,Street,Cash,Finished,Furnished,Yes,Yes,7.08,Brown,2939000.0
EG-10780,Cairo,New Cairo,140.0,2.0,2.0,2.0,2025,Developer,Garden,Cash,Finished,Unfurnished,No,No,13.6,Grey,7989000.0
EG-10781,Cairo,Nasr City,164.0,3.0,3.0,1.0,2027,Developer,Street,Installments,Unfinished,Furnished,Yes,No,13.97,Off-White,2196000.0
EG-10782,Cairo,Shubra,,3.0,1.0,1.0,2008,Private Owner,Street,Cash,Finished,Furnished,Yes,No,13.44,Grey,2852000.0
EG-10783,Cairo,Nasr City,145.0,3.0,2.0,1.0,2024,Developer,Street,Installments,Unfinished,Unfurnished,Yes,Yes,2.16,Beige,2879000.0
EG-10784,Cairo,Heliopolis,173.0,3.0,3.0,2.0,2025,Developer,Street,Installments,Finished,Unfurnished,No,Yes,12.77,Off-White,4430000.0
EG-10785,Cairo,Shubra,185.0,3.0,2.0,7.0,2016,Broker,Street,Cash,Finished,Unfurnished,No,Yes,14.23,Off-White,2986000.0
EG-10786,Cairo,Shubra,140.0,3.0,2.0,5.0,2025,Broker,Street,Cash,Finished,Unfurnished,No,Yes,5.48,Off-White,3683000.0
EG-10787,Cairo,Heliopolis,240.0,4.0,3.0,8.0,2000,Developer,Street,Cash,Finished,Unfurnished,Yes,No,7.83,Brown,8959000.0
EG-10788,Cairo,Maadi,160.0,3.0,3.0,3.0,2028,Broker,Garden,Installments,Finished,Furnished,No,Yes,11.71,Brown,14472000.0
EG-10789,Cairo,Ain Shams,150.0,3.0,2.0,2.0,2025,Developer,Street,Cash,Unfinished,Unfurnished,Yes,No,8.47,Off-White,1109000.0
EG-10790,Cairo,Al-Haram,196.0,3.0,2.0,4.0,2020,Broker,Other,Cash,Unfinished,Unfurnished,Yes,No,14.9,Off-White,1863000.0
EG-10791,Cairo,Al-Haram,160.0,3.0,3.0,4.0,2025,Broker,Street,Cash,Finished,Unfurnished,No,Yes,6.89,Beige,4987000.0
EG-10792,Cairo,Ain Shams,165.0,3.0,2.0,2.0,2012,Developer,Street,Cash,Finished,Unfurnished,No,Yes,10.74,Beige,3683000.0
EG-10793,Cairo,Ain Shams,165.0,3.0,2.0,4.0,2016,Developer,Street,Cash,Unfinished,Unfurnished,No,Yes,11.91,Grey,2911000.0
EG-10794,Cairo,New Cairo,187.0,3.0,3.0,1.0,2023,Developer,Street,Installments,Unfinished,Unfurnished,No,Yes,7.46,Grey,10717000.0
EG-10795,Cairo,Maadi,215.0,4.0,3.0,2.0,2025,Developer,Pool,Cash,Unfinished,Unfurnished,Yes,No,12.87,Brown,4114000.0
EG-10796,Cairo,Al-Haram,215.0,4.0,3.0,1.0,2026,Developer,Other,Installments,Unfinished,Unfurnished,Yes,No,8.24,White,5039000.0
EG-10797,Cairo,Al-Haram,126.0,3.0,1.0,,1990,Cash or Installments,Street,Installments,Finished,Furnished,Yes,Yes,6.23,Beige,2866000.0
EG-10798,Cairo,Nasr City,178.0,3.0,3.0,1.0,2025,Developer,Street,Installments,Finished,Unfurnished,Yes,Yes,1.71,Grey,4335000.0
EG-10799,Cairo,Shubra,185.0,3.0,2.0,7.0,2007,Broker,Street,Installments,Finished,Unfurnished,No,Yes,5.96,Beige,2864000.0
EG-10800,Cairo,Nasr City,140.0,3.0,1.0,9.0,2015,Broker,Street,Installments,Finished,Unfurnished,Yes,Yes,11.04,Beige,1551000.0
EG-10801,Cairo,New Cairo,237.0,4.0,3.0,2.0,2025,Developer,Pool,Installments,Unfinished,Unfurnished,No,Yes,13.83,White,7022000.0
EG-10802,Cairo,Ain Shams,215.0,3.0,3.0,1.0,2027,Developer,Other,Installments,Unfinished,Furnished,No,No,3.85,Beige,2382000.0
EG-10803,Cairo,Maadi,173.0,3.0,3.0,,2025,Developer,Pool,Installments,Finished,Unfurnished,Yes,Yes,5.39,White,4838000.0
EG-10804,Cairo,Maadi,143.0,3.0,2.0,2.0,2029,Broker,Street,Installments,Unfinished,Unfurnished,Yes,Yes,2.39,White,4550000.0
EG-10805,Cairo,Al-Haram,200.0,3.0,3.0,2.0,2028,Developer,Street,Installments,Unfinished,Unfurnished,Yes,Yes,10.39,Beige,2600000.0
EG-10806,Cairo,Al-Haram,15.0,1.0,2.0,3.0,2025,Broker,Street,Installments,Unfinished,Furnished,No,No,14.41,Beige,1103000.0
EG-10807,Cairo,Maadi,240.0,4.0,3.0,8.0,2000,Developer,Lake,Cash,Finished,Furnished,No,Yes,9.65,Grey,10173000.0
EG-10808,Cairo,Ain Shams,215.0,3.0,2.0,1.0,2025,Compound Developer,Other,Installments,Unfinished,Unfurnished,Yes,Yes,9.29,Beige,3018000.0
EG-10809,Cairo,Shubra,196.0,3.0,2.0,4.0,2020,Broker,Other,Cash,Unfinished,Unfurnished,No,Yes,8.35,Beige,1863000.0
EG-10810,Cairo,Heliopolis,150.0,3.0,2.0,3.0,2019,Developer,Garden,Installments,Unfinished,Unfurnished,No,Yes,1.42,Beige,7213000.0
EG-10811,Cairo,Al-Haram,155.0,3.0,2.0,3.0,2024,Developer,Street,Installments,Unfinished,Unfurnished,No,Yes,10.97,Grey,2839000.0
EG-10812,Cairo,Ain Shams,125.0,2.0,2.0,5.0,2025,Developer,Street,Installments,Unfinished,Unfurnished,Yes,No,9.07,White,2141000.0
EG-10813,Cairo,Ain Shams,90.0,2.0,1.0,11.0,2011,Private Owner,Street,Cash,Finished,Furnished,Yes,Yes,9.96,Grey,2275000.0
EG-10814,Cairo,Madinaty,145.0,3.0,2.0,2.0,2025,Developer,Pool,Installments,Unfinished,Unfurnished,Yes,No,13.49,Beige,15571000.0
EG-10815,Cairo,Heliopolis,195.0,3.0,3.0,4.0,2021,Developer,Garden,Installments,Unfinished,Furnished,Yes,No,11.78,Off-White,10747000.0
EG-10816,Cairo,Al-Haram,132.0,3.0,3.0,2.0,2025,Broker,Street,Installments,Finished,Unfurnished,Yes,No,11.74,Beige,4321000.0
EG-10817,Cairo,Al-Haram,180.0,3.0,2.0,1.0,2017,Broker,Other,Cash,Finished,Unfurnished,Yes,Yes,13.92,Grey,6110000.0
EG-10818,Cairo,Heliopolis,144.0,3.0,2.0,2.0,2020,Developer,Pool,Installments,Unfinished,Unfurnished,No,No,14.85,Grey,7974000.0
EG-10819,Cairo,Nasr City,251.0,4.0,3.0,1.0,2025,Developer,Street,Installments,Unfinished,Unfurnished,Yes,No,8.76,Brown,5610000.0
EG-10820,Cairo,Sheikh Zayed,195.0,4.0,4.0,1.0,2025,Developer,Garden,Installments,Finished,Unfurnished,No,Yes,1.72,Off-White,18328000.0
EG-10821,Cairo,Ain Shams,245.0,2.0,2.0,10.0,2020,Developer,Street,Installments,Finished,Unfurnished,No,No,6.94,Grey,3393000.0
EG-10822,Cairo,6th of October,225.0,4.0,3.0,3.0,2017,Developer,Street,Cash,Finished,Furnished,No,Yes,11.84,White,6339000.0
EG-10823,Cairo,Al-Haram,180.0,,2.0,1.0,2025,Broker,Street,Cash,Unfinished,Unfurnished,Yes,Yes,0.51,Beige,2856000.0
EG-10824,Cairo,6th of October,251.0,4.0,3.0,3.0,2025,Developer,Street,Installments,Unfinished,Furnished,Yes,Yes,0.95,White,6134000.0
EG-10825,Cairo,Al-Haram,420.0,3.0,3.0,1.0,2025,Broker,Street,Cash,Unfinished,Unfurnished,Yes,No,1.1,Grey,2913000.0
EG-10826,Cairo,Al-Haram,200.0,3.0,3.0,1.0,2026,Compound Developer,Other,Installments,Unfinished,Furnished,Yes,No,10.99,Grey,5128000.0
EG-10827,Cairo,Sheikh Zayed,280.0,4.0,3.0,2.0,2025,Developer,Garden,Cash,Finished,Furnished,No,No,7.57,White,9782000.0
EG-10828,Cairo,Nasr City,122.0,3.0,1.0,11.0,2024,Developer,Other,Installments,Unfinished,Unfurnished,Yes,Yes,5.6,White,2255000.0
EG-10829,Cairo,Heliopolis,222.0,4.0,3.0,4.0,2025,Developer,Garden,Installments,Unfinished,Furnished,Yes,Yes,1.67,Brown,6790000.0
EG-10830,Cairo,Al-Haram,135.0,,2.0,2.0,2025,Broker,Street,Cash,Unfinished,Furnished,Yes,Yes,11.01,Beige,2829000.0
EG-10831,Cairo,Nasr City,130.0,3.0,2.0,1.0,2025,Broker,Street,Cash,Finished,Unfurnished,Yes,No,4.88,White,3783000.0
EG-10832,Cairo,Sheikh Zayed,176.0,3.0,2.0,3.0,2028,Broker,Pool,Installments,Unfinished,Unfurnished,No,Yes,4.05,Beige,8887000.0
EG-10833,Cairo,Heliopolis,250.0,3.0,3.0,2.0,2025,Broker,Street,Installments,Finished,Furnished,No,Yes,9.82,Off-White,5873000.0
EG-10834,Cairo,Heliopolis,133.0,3.0,1.0,1.0,2025,Broker,Pool,Cash,Finished,Unfurnished,No,No,8.43,Grey,4302000.0
EG-10835,Cairo,Al-Haram,180.0,3.0,3.0,,2025,Broker,Other,Cash,Unfinished,Unfurnished,Yes,No,5.5,White,4065000.0
EG-10836,Cairo,Ain Shams,160.0,,,3.0,2020,Developer,Other,Cash,Finished,Unfurnished,No,No,9.66,Off-White,2657000.0
EG-10837,Cairo,Maadi,172.0,3.0,3.0,0.0,2027,Broker,Garden,Installments,Finished,Unfurnished,No,Yes,4.14,Grey,4117000.0
EG-10838,Cairo,Maadi,68.0,1.0,1.0,2.0,2026,Broker,Garden,Installments,Finished,Furnished,No,No,11.94,Brown,5979000.0
EG-10839,Cairo,Heliopolis,73.0,1.0,1.0,2.0,2028,Broker,Pool,Installments,Finished,Unfurnished,Yes,No,3.52,Grey,4296000.0
EG-10840,Cairo,Ain Shams,57.0,1.0,1.0,2.0,2028,Broker,Other,Installments,Finished,Furnished,Yes,No,2.47,White,2961000.0
EG-10841,Cairo,Maadi,117.0,2.0,1.0,4.0,2024,Broker,Street,Installments,Unfinished,Furnished,Yes,No,11.76,Off-White,4782000.0
EG-10842,Cairo,New Cairo,161.0,3.0,3.0,8.0,2024,Broker,Garden,Installments,Finished,Unfurnished,No,No,10.65,Off-White,11987000.0
EG-10843,Cairo,Heliopolis,66.0,1.0,1.0,2.0,2026,Broker,Pool,Installments,Finished,Unfurnished,No,Yes,2.82,Off-White,5634000.0
EG-10844,Cairo,Sheikh Zayed,207.0,3.0,4.0,1.0,2025,Broker,Garden,Installments,Unfinished,Unfurnished,Yes,Yes,1.83,Grey,7382000.0
EG-10845,Cairo,6th of October,66.0,1.0,1.0,2.0,2026,Broker,Street,Installments,Finished,Unfurnished,Yes,No,12.59,Beige,5315000.0
EG-10846,Cairo,New Cairo,135.0,2.0,2.0,2.0,2022,Broker,Garden,Cash,Finished,Unfurnished,No,Yes,11.67,Beige,11607000.0
EG-10847,Cairo,6th of October,156.0,3.0,3.0,1.0,2025,Broker,Street,Installments,Unfinished,Furnished,No,Yes,4.98,Grey,6036000.0
EG-10848,Cairo,Madinaty,168.0,3.0,3.0,8.0,2024,Broker,Street,Installments,Finished,Furnished,No,No,9.91,White,14661000.0
EG-10849,Cairo,Shubra,58.0,1.0,1.0,2.0,2028,Broker,Street,Installments,Finished,Unfurnished,No,Yes,1.95,Grey,2973000.0
EG-10850,Cairo,Ain Shams,57.0,1.0,1.0,2.0,2028,Broker,Street,Installments,Finished,Furnished,Yes,Yes,7.66,Beige,3460000.0
EG-10851,Cairo,6th of October,167.0,3.0,3.0,2.0,2025,Broker,Street,Cash,Unfinished,Unfurnished,Yes,Yes,0.38,Grey,5903000.0
EG-10852,Cairo,Ain Shams,137.0,3.0,2.0,5.0,2023,Broker,Street,Cash,Finished,Unfurnished,No,Yes,5.93,Off-White,2389000.0
EG-10853,Cairo,Heliopolis,117.0,2.0,1.0,4.0,2024,Broker,Garden,Installments,Unfinished,Unfurnished,No,No,1.22,White,4636000.0
EG-10854,Cairo,New Cairo,235.0,4.0,3.0,9.0,2023,Broker,Garden,Installments,Finished,Unfurnished,Yes,No,7.18,White,11610000.0
EG-10855,Cairo,Shubra,50.0,1.0,1.0,1.0,2027,Broker,Street,Installments,Finished,Unfurnished,Yes,No,6.38,Brown,2622000.0
EG-10856,Cairo,Heliopolis,,3.0,3.0,1.0,2025,Broker,Pool,Installments,Unfinished,Unfurnished,No,No,6.72,Grey,5749000.0
EG-10857,Cairo,Nasr City,157.0,3.0,2.0,3.0,2026,Broker,Street,Installments,Unfinished,Furnished,Yes,Yes,0.78,Off-White,3397000.0
EG-10858,Cairo,Al-Haram,119.0,3.0,1.0,12.0,2026,Broker,Street,Installments,Unfinished,Furnished,No,Yes,5.49,Grey,3984000.0
EG-10859,Cairo,Maadi,169.0,3.0,3.0,3.0,2024,Broker,Lake,Cash,Unfinished,Unfurnished,No,No,11.37,Brown,7236000.0
EG-10860,Cairo,Sheikh Zayed,140.0,3.0,3.0,2.0,2026,Broker,Pool,Installments,Finished,Furnished,No,No,5.6,Brown,8799000.0
EG-10861,Cairo,Ain Shams,103.0,2.0,1.0,0.0,2025,Broker,Street,Cash,Finished,Unfurnished,No,Yes,10.76,Grey,3574000.0
EG-10862,Cairo,Maadi,260.0,3.0,3.0,,2025,Broker,Garden,Cash,Finished,Furnished,Yes,No,5.61,Grey,9518000.0
EG-10863,Cairo,New Cairo,147.0,3.0,2.0,2.0,2025,Broker,Garden,Cash,Finished,Furnished,Yes,No,6.41,Grey,10638000.0
EG-10864,Cairo,Maadi,197.0,4.0,3.0,0.0,2025,Broker,Street,Cash,Finished,Furnished,Yes,Yes,8.5,Beige,7619000.0
EG-10865,Cairo,Nasr City,160.0,3.0,,6.0,2028,Broker,Other,Installments,Unfinished,Unfurnished,No,Yes,14.27,Brown,3899000.0
EG-10866,Cairo,Madinaty,130.0,3.0,2.0,2.0,2026,Broker,Street,Installments,Finished,Furnished,No,Yes,1.72,White,7522000.0
EG-10867,Cairo,Al-Haram,145.0,3.0,1.0,9.0,2013,Broker,Street,Cash,Finished,Furnished,Yes,Yes,0.59,Beige,1817000.0
EG-10868,Cairo,Sheikh Zayed,180.0,3.0,2.0,8.0,2023,Broker,Pool,Installments,Finished,Furnished,Yes,No,9.16,Off-White,10813000.0
EG-10869,Cairo,6th of October,115.0,2.0,2.0,3.0,2029,Broker,Other,Installments,Unfinished,Furnished,Yes,No,14.24,White,3068000.0
EG-10870,Cairo,Heliopolis,140.0,3.0,2.0,0.0,2025,Broker,Pool,Installments,Finished,Unfurnished,No,No,14.85,White,7270000.0
EG-10871,Cairo,Nasr City,96.0,2.0,1.0,4.0,2025,Broker,Street,Cash,Finished,Unfurnished,Yes,No,7.31,White,4928000.0
EG-10872,Cairo,New Cairo,235.0,,3.0,9.0,2023,Broker,Street,Installments,Finished,Furnished,No,No,7.07,Brown,11281000.0
EG-10873,Cairo,Maadi,198.0,3.0,3.0,2.0,2028,Broker,Garden,Installments,Unfinished,Furnished,No,Yes,9.71,Off-White,6424000.0
EG-10874,Cairo,Al-Haram,197.0,3.0,3.0,0.0,2025,Broker,Street,Installments,Unfinished,Unfurnished,No,No,8.38,Beige,4267000.0
EG-10875,Cairo,New Cairo,129.0,2.0,2.0,7.0,2029,Broker,Garden,Installments,Unfinished,Unfurnished,No,No,9.55,Off-White,8757000.0
EG-10876,Cairo,Al-Haram,160.0,3.0,2.0,2.0,2027,Broker,Street,Installments,Unfinished,Unfurnished,Yes,No,13.12,Beige,3984000.0
EG-10877,Cairo,Al-Haram,158.0,,3.0,2.0,2029,Broker,Street,Installments,Unfinished,Furnished,No,Yes,11.22,Brown,3174000.0
EG-10878,Cairo,Nasr City,,1.0,,4.0,2027,Broker,Street,Installments,Finished,Unfurnished,Yes,Yes,7.5,Off-White,2851000.0
EG-10879,Cairo,Al-Haram,167.0,3.0,3.0,1.0,2026,Developer,Street,Installments,Unfinished,Unfurnished,Yes,Yes,6.98,White,4032000.0
EG-10880,Cairo,Ain Shams,,3.0,2.0,4.0,2025,Broker,Street,Cash,Finished,Unfurnished,Yes,No,9.63,Off-White,3285000.0
EG-10881,Cairo,Shubra,,1.0,1.0,1.0,2027,Broker,Street,Installments,Finished,Furnished,No,Yes,6.89,Brown,3555000.0
EG-10882,Cairo,New Cairo,145.0,3.0,3.0,2.0,2029,Broker,Pool,Installments,Unfinished,Unfurnished,Yes,Yes,6.92,Brown,6890000.0
EG-10883,Cairo,Heliopolis,270.0,3.0,3.0,4.0,2025,Broker,Garden,Cash,Finished,Furnished,No,No,0.34,Brown,15216000.0
EG-10884,Cairo,6th of October,123.0,3.0,3.0,2.0,2027,Broker,Street,Installments,Unfinished,Furnished,Yes,Yes,2.69,Beige,2909000.0
EG-10885,Cairo,6th of October,115.0,2.0,2.0,1.0,2029,Broker,Street,Installments,Unfinished,Unfurnished,No,Yes,7.38,Off-White,5408000.0
EG-10886,Cairo,Al-Haram,155.0,3.0,3.0,3.0,2025,Broker,Other,Installments,Unfinished,Furnished,Yes,No,12.36,White,1113000.0
EG-10887,Cairo,Madinaty,129.0,2.0,2.0,7.0,2029,Broker,Pool,Installments,Unfinished,Unfurnished,No,Yes,4.25,White,9022000.0
EG-10888,Cairo,Maadi,100.0,2.0,1.0,2.0,2002,Broker,Garden,Cash,Finished,Unfurnished,No,Yes,7.89,Grey,4748000.0
EG-10889,Cairo,Maadi,125.0,2.0,2.0,3.0,2030,Broker,Lake,Installments,Unfinished,Unfurnished,No,Yes,5.24,Brown,4275000.0
EG-10890,Cairo,Heliopolis,62.0,1.0,1.0,1.0,2027,Broker,Pool,Cash,Unfinished,Unfurnished,Yes,Yes,1.66,White,4023000.0
EG-10891,Cairo,Madinaty,128.0,3.0,2.0,3.0,2028,Broker,Pool,Installments,Unfinished,Furnished,Yes,Yes,14.38,Brown,7382000.0
EG-10892,Cairo,Nasr City,100.0,2.0,1.0,3.0,2025,Broker,Street,Cash,Finished,Furnished,No,No,12.83,White,4460000.0
EG-10893,Cairo,Al-Haram,55.0,1.0,1.0,1.0,2028,Broker,Street,Installments,Unfinished,Unfurnished,Yes,Yes,1.27,Off-White,2554000.0
EG-10894,Cairo,Al-Haram,82.0,1.0,1.0,1.0,2028,Broker,Street,Installments,Finished,Unfurnished,Yes,Yes,10.82,Grey,4422000.0
EG-10895,Cairo,6th of October,130.0,3.0,2.0,7.0,2007,Broker,Other,Cash,Finished,Unfurnished,Yes,Yes,5.28,Brown,2162000.0
EG-10896,Cairo,Nasr City,107.0,2.0,1.0,1.0,2028,Broker,Other,Installments,Finished,Unfurnished,No,Yes,14.92,Beige,5529000.0
EG-10897,Cairo,Al-Haram,200.0,3.0,2.0,3.0,2025,Broker,Street,Cash,Finished,Unfurnished,Yes,Yes,4.61,Beige,5641000.0
EG-10898,Cairo,New Cairo,158.0,2.0,3.0,5.0,2023,Broker,Pool,Cash,Finished,Furnished,Yes,Yes,3.66,White,19078000.0
EG-10899,Cairo,Ain Shams,150.0,3.0,2.0,0.0,2025,Broker,Street,Cash,Finished,Unfurnished,Yes,Yes,8.56,Off-White,3897000.0
EG-10900,Cairo,Sheikh Zayed,107.0,3.0,2.0,3.0,2028,Broker,Pool,Cash,Finished,Unfurnished,No,Yes,12.54,Brown,8020000.0
EG-10901,Cairo,Ain Shams,171.0,3.0,3.0,1.0,2025,Broker,Street,Cash,Finished,Unfurnished,No,Yes,2.97,Grey,3235000.0
EG-10902,Cairo,Sheikh Zayed,152.0,3.0,2.0,3.0,2027,Broker,Garden,Cash,Unfinished,Unfurnished,No,Yes,10.67,Off-White,9293000.0
EG-10903,Cairo,Heliopolis,133.0,3.0,3.0,2.0,2028,Broker,Street,Installments,Unfinished,Furnished,Yes,No,1.01,White,4071000.0
EG-10904,Cairo,Nasr City,186.0,4.0,3.0,2.0,2028,Broker,Street,Installments,Unfinished,Unfurnished,No,Yes,13.79,Off-White,6039000.0
EG-10905,Cairo,Shubra,167.0,3.0,1.0,8.0,2002,Private Owner,Street,Cash,Finished,Unfurnished,Yes,Yes,1.31,Grey,3426000.0
EG-10906,Cairo,Al-Haram,155.0,3.0,3.0,6.0,2025,Broker,Street,Installments,Unfinished,Furnished,Yes,Yes,13.72,Off-White,1232000.0
EG-10907,Cairo,Heliopolis,77.0,2.0,1.0,0.0,2024,Broker,Pool,Cash,Finished,Unfurnished,No,Yes,7.41,Brown,5369000.0
EG-10908,Cairo,Al-Haram,185.0,3.0,2.0,1.0,2024,Broker,Street,Cash,Unfinished,Furnished,No,Yes,6.78,White,5393000.0
EG-10909,Cairo,Shubra,158.0,3.0,3.0,3.0,2028,Broker,Street,Installments,Unfinished,Unfurnished,No,Yes,14.6,Grey,2990000.0
EG-10910,Cairo,Nasr City,106.0,2.0,2.0,2.0,2028,Broker,Other,Installments,Unfinished,Unfurnished,No,No,14.86,White,5051000.0
EG-10911,Cairo,Al-Haram,55.0,1.0,1.0,1.0,2028,Broker,Street,Installments,Unfinished,Unfurnished,Yes,No,9.79,Brown,2478000.0
EG-10912,Cairo,Al-Haram,58.0,1.0,1.0,2.0,2028,Broker,Street,Installments,Finished,Unfurnished,Yes,Yes,1.99,Grey,3063000.0
EG-10913,Cairo,Maadi,,2.0,1.0,1.0,2028,Broker,Pool,Installments,Finished,Furnished,Yes,Yes,7.64,Grey,6992000.0
EG-10914,Cairo,Maadi,82.0,1.0,1.0,2.0,2029,Broker,Street,Installments,Finished,Furnished,No,Yes,7.98,White,6945000.0
EG-10915,Cairo,Heliopolis,150.0,3.0,2.0,1.0,2020,Broker,Garden,Cash,Finished,Unfurnished,No,No,7.77,Off-White,7272000.0
EG-10916,Cairo,Al-Haram,107.0,2.0,1.0,1.0,2028,Broker,Other,Installments,Finished,Unfurnished,Yes,Yes,8.59,Off-White,5287000.0
EG-10917,Cairo,Ain Shams,,1.0,1.0,1.0,2028,Broker,Street,Installments,Finished,Unfurnished,No,Yes,0.38,Beige,2928000.0
EG-10918,Cairo,Al-Haram,104.0,2.0,1.0,1.0,2028,Broker,Street,Installments,Finished,Unfurnished,Yes,Yes,10.7,Beige,6056000.0
EG-10919,Cairo,New Cairo,115.0,2.0,2.0,2.0,2029,Broker,Garden,Installments,Finished,Furnished,Yes,No,10.71,Grey,10595000.0
EG-10920,Cairo,New Cairo,113.0,2.0,2.0,3.0,2029,Broker,Street,Installments,Unfinished,Unfurnished,Yes,Yes,1.82,White,8450000.0
EG-10921,Cairo,Sheikh Zayed,89.0,2.0,1.0,2.0,2026,Broker,Garden,Installments,Finished,Unfurnished,No,Yes,8.6,Grey,8026000.0
EG-10922,Cairo,Nasr City,58.0,1.0,1.0,1.0,2028,Broker,Street,Installments,Finished,Unfurnished,No,No,8.57,White,3006000.0
EG-10923,Cairo,New Cairo,246.0,4.0,4.0,5.0,2029,Broker,Garden,Installments,Unfinished,Unfurnished,No,Yes,10.27,Brown,7243000.0
EG-10924,Cairo,6th of October,195.0,3.0,2.0,2.0,2015,Broker,Street,Cash,Finished,Furnished,No,Yes,1.37,Beige,4754000.0
EG-10925,Cairo,Ain Shams,120.0,2.0,2.0,3.0,2024,Broker,Street,Cash,Finished,Unfurnished,No,No,9.43,Grey,2609000.0
EG-10926,Cairo,Al-Haram,67.0,1.0,1.0,1.0,2028,Broker,Street,Installments,Finished,Unfurnished,No,No,4.28,Brown,3393000.0
EG-10927,Cairo,Al-Haram,116.0,3.0,2.0,2.0,2028,Broker,Street,Installments,Unfinished,Unfurnished,Yes,No,7.65,Off-White,3105000.0
EG-10928,Cairo,Heliopolis,175.0,2.0,3.0,2.0,2025,Broker,Pool,Cash,Finished,Unfurnished,No,Yes,11.62,Beige,16356000.0
EG-10929,Cairo,Shubra,75.0,2.0,2.0,0.0,2020,Broker,Other,Cash,Finished,Furnished,Yes,No,10.61,White,2130000.0
EG-10930,Cairo,Al-Haram,170.0,3.0,3.0,1.0,2028,Broker,Street,Installments,Unfinished,Unfurnished,No,No,1.87,Off-White,2992000.0
EG-10931,Cairo,Shubra,53.0,1.0,1.0,3.0,2027,Broker,Street,Installments,Finished,Unfurnished,No,Yes,8.91,Off-White,2882000.0
EG-10932,Cairo,Maadi,179.0,3.0,3.0,2.0,2027,Broker,Pool,Installments,Unfinished,Unfurnished,No,Yes,14.54,Brown,4727000.0
EG-10933,Cairo,6th of October,190.0,3.0,2.0,3.0,2015,Broker,Street,Cash,Unfinished,Unfurnished,Yes,No,2.44,Grey,3881000.0
EG-10934,Cairo,Sheikh Zayed,168.0,3.0,3.0,8.0,2025,Broker,Pool,Installments,Finished,Unfurnished,Yes,Yes,12.81,Grey,15545000.0
EG-10935,Cairo,Ain Shams,58.0,,1.0,1.0,2028,Broker,Other,Installments,Finished,Unfurnished,Yes,Yes,10.57,Brown,2750000.0
EG-10936,Cairo,Al-Haram,58.0,1.0,1.0,1.0,2028,Broker,Street,Installments,Finished,Unfurnished,Yes,Yes,11.63,Off-White,3000000.0
EG-10937,Cairo,Heliopolis,139.0,2.0,2.0,2.0,2025,Broker,Pool,Installments,Finished,Furnished,Yes,Yes,4.3,Beige,4821000.0
EG-10938,Cairo,Heliopolis,127.0,3.0,3.0,1.0,2025,Broker,Garden,Installments,Finished,Unfurnished,Yes,No,4.39,Off-White,7719000.0
EG-10939,Cairo,Al-Haram,107.0,2.0,1.0,1.0,2028,Broker,Street,Installments,Finished,Furnished,No,Yes,13.6,Brown,5942000.0
EG-10940,Cairo,Al-Haram,185.0,3.0,3.0,3.0,2025,Broker,Street,Cash,Finished,Furnished,Yes,Yes,5.46,Off-White,3592000.0
EG-10941,Cairo,Nasr City,164.0,3.0,2.0,2.0,2027,Broker,Street,Installments,Unfinished,Furnished,No,No,1.04,Off-White,5672000.0
EG-10942,Cairo,Shubra,165.0,3.0,2.0,,2026,Developer,Street,Installments,Unfinished,Furnished,No,No,9.05,Off-White,2599000.0
EG-10943,Cairo,Maadi,98.0,1.0,1.0,1.0,2027,Broker,Lake,Installments,Finished,Furnished,Yes,No,1.96,Off-White,5078000.0
EG-10944,Cairo,Al-Haram,170.0,,2.0,4.0,2000,Broker,Street,Cash,Finished,Unfurnished,Yes,Yes,11.97,Beige,4308000.0
EG-10945,Cairo,New Cairo,185.0,3.0,3.0,4.0,2025,Broker,Garden,Cash,Finished,Furnished,No,Yes,9.66,White,12654000.0
EG-10946,Cairo,New Cairo,75.0,2.0,1.0,3.0,2027,Broker,Street,Installments,Finished,Unfurnished,No,Yes,13.13,White,7088000.0
EG-10947,Cairo,New Cairo,90.0,1.0,1.0,1.0,2025,Broker,Garden,Installments,Finished,Furnished,Yes,Yes,11.79,Grey,8552000.0
EG-10948,Cairo,Nasr City,136.0,3.0,2.0,2.0,2021,Broker,Other,Cash,Finished,Furnished,Yes,Yes,1.77,White,3491000.0
EG-10949,Cairo,Ain Shams,73.0,1.0,,1.0,2028,Broker,Street,Installments,Finished,Unfurnished,No,No,5.78,White,3027000.0
EG-10950,Cairo,Ain Shams,73.0,1.0,1.0,1.0,2028,Broker,Street,Installments,Finished,Unfurnished,Yes,Yes,11.64,White,3455000.0
EG-10951,Cairo,Nasr City,128.0,3.0,2.0,2.0,2028,Broker,Street,Installments,Unfinished,Furnished,Yes,Yes,6.32,Off-White,3646000.0
EG-10952,Cairo,Maadi,116.0,3.0,2.0,4.0,2017,Broker,Garden,Cash,Finished,Unfurnished,No,No,14.59,Off-White,6657000.0
EG-10953,Cairo,Madinaty,165.0,2.0,2.0,1.0,2024,Broker,Pool,Cash,Finished,Furnished,No,Yes,11.06,Beige,7839000.0
EG-10954,Cairo,6th of October,140.0,2.0,1.0,5.0,1999,Private Owner,Street,Cash,Finished,Unfurnished,Yes,Yes,0.33,Off-White,1231000.0
EG-10955,Cairo,Sheikh Zayed,280.0,4.0,4.0,3.0,2025,Broker,Garden,Installments,Finished,Furnished,No,Yes,13.21,Off-White,20097000.0
EG-10956,Cairo,Al-Haram,58.0,1.0,1.0,1.0,2028,Broker,Street,Installments,Finished,Unfurnished,No,Yes,1.6,White,2912000.0
EG-10957,Cairo,Al-Haram,102.0,2.0,1.0,1.0,2027,Broker,Street,Installments,Unfinished,Unfurnished,No,No,2.19,Beige,2944000.0
EG-10958,Cairo,6th of October,69.0,1.0,1.0,1.0,2026,Broker,Street,Installments,Finished,Unfurnished,Yes,No,11.04,Beige,4221000.0
EG-10959,Cairo,Shubra,142.0,3.0,2.0,2.0,2025,Developer,Street,Installments,Unfinished,Furnished,Yes,Yes,12.99,White,2956000.0
EG-10960,Cairo,Shubra,58.0,1.0,1.0,1.0,2028,Broker,Street,Installments,Finished,Furnished,Yes,Yes,8.09,White,2709000.0
EG-10961,Cairo,Shubra,68.0,1.0,1.0,1.0,2028,Broker,Street,Installments,Finished,Unfurnished,Yes,Yes,4.41,Beige,3326000.0
EG-10962,Cairo,Shubra,165.0,3.0,2.0,1.0,2026,Developer,Street,Installments,Unfinished,Unfurnished,No,No,5.33,Brown,2449000.0
EG-10963,Cairo,Sheikh Zayed,105.0,2.0,1.0,1.0,2026,Broker,Garden,Installments,Finished,Furnished,No,No,5.21,White,7502000.0
EG-10964,Cairo,Heliopolis,140.0,3.0,3.0,1.0,2025,Broker,Street,Installments,Unfinished,Furnished,No,Yes,4.97,White,5385000.0
EG-10965,Cairo,Maadi,105.0,2.0,1.0,2.0,2026,Broker,Lake,Installments,Finished,Unfurnished,Yes,No,3.72,Beige,9558000.0
EG-10966,Cairo,6th of October,133.0,2.0,2.0,3.0,2025,Broker,Street,Installments,Finished,Furnished,No,Yes,9.17,Brown,4337000.0
EG-10967,Cairo,6th of October,180.0,2.0,3.0,1.0,2024,Broker,Street,Cash,Finished,Unfurnished,No,Yes,13.52,Brown,6769000.0
EG-10968,Cairo,6th of October,140.0,2.0,1.0,5.0,1999,Private Owner,Other,Cash,Finished,Unfurnished,Yes,Yes,4.68,Grey,1128000.0
EG-10969,Cairo,Ain Shams,,3.0,2.0,5.0,2013,Developer,Street,Installments,Finished,Unfurnished,Yes,No,2.88,Brown,2403000.0
EG-10970,Cairo,New Cairo,94.0,2.0,1.0,1.0,2026,Broker,Street,Installments,Finished,Furnished,No,Yes,12.59,White,7619000.0
EG-10971,Cairo,Nasr City,110.0,3.0,1.0,8.0,2025,Broker,Street,Installments,Unfinished,Unfurnished,Yes,No,11.15,Off-White,1091000.0
EG-10972,Cairo,Maadi,75.0,1.0,1.0,,2025,Broker,Lake,Cash,Finished,Furnished,Yes,Yes,13.97,Beige,6114000.0
EG-10973,Cairo,Ain Shams,142.0,3.0,2.0,2.0,2025,Developer,Other,Installments,Unfinished,Furnished,Yes,No,2.57,White,2630000.0
EG-10974,Cairo,Sheikh Zayed,91.0,2.0,1.0,2.0,2026,Broker,Pool,Installments,Finished,Unfurnished,No,Yes,2.25,Beige,7525000.0
EG-10975,Cairo,Ain Shams,142.0,3.0,2.0,2.0,2025,Developer,Street,Cash,Unfinished,Unfurnished,Yes,Yes,8.17,Brown,2856000.0
EG-10976,Cairo,New Cairo,105.0,2.0,1.0,1.0,2026,Broker,Pool,Installments,Finished,Furnished,No,Yes,9.26,Beige,7730000.0
EG-10977,Cairo,New Cairo,,2.0,,1.0,2026,Broker,Street,Installments,Finished,Furnished,Yes,No,7.25,White,7292000.0
EG-10978,Cairo,Al-Haram,140.0,3.0,1.0,10.0,2016,Broker,Street,Cash,Finished,Unfurnished,Yes,No,9.02,Off-White,2588000.0
EG-10979,Cairo,Sheikh Zayed,181.0,3.0,3.0,1.0,2025,Broker,Garden,Cash,Unfinished,Unfurnished,No,Yes,2.79,White,8423000.0
EG-10980,Cairo,Madinaty,187.0,4.0,3.0,7.0,2028,Broker,Pool,Installments,Finished,Unfurnished,Yes,Yes,7.25,Grey,11501000.0
EG-10981,Cairo,Heliopolis,105.0,2.0,1.0,2.0,2026,Broker,Pool,Installments,Finished,Unfurnished,Yes,No,9.91,Beige,9469000.0
EG-10982,Cairo,Nasr City,200.0,3.0,2.0,2.0,2023,Broker,Other,Cash,Unfinished,Unfurnished,No,Yes,6.55,White,4658000.0
EG-10983,Cairo,Heliopolis,,3.0,1.0,1.0,2026,Broker,Pool,Installments,Finished,Unfurnished,Yes,No,10.22,Brown,8463000.0
EG-10984,Cairo,Maadi,208.0,3.0,3.0,2.0,2025,Broker,Lake,Cash,Unfinished,Unfurnished,No,No,6.82,Brown,5950000.0
EG-10985,Cairo,Heliopolis,169.0,3.0,,1.0,2027,Broker,Street,Installments,Finished,Unfurnished,Yes,Yes,5.07,White,8791000.0
EG-10986,Cairo,Heliopolis,105.0,2.0,1.0,1.0,2026,Broker,Garden,Installments,Finished,Furnished,Yes,No,4.62,Grey,7730000.0
EG-10987,Cairo,New Cairo,91.0,2.0,1.0,2.0,2026,Broker,Garden,Installments,Finished,Unfurnished,No,No,6.22,Beige,7303000.0
EG-10988,Cairo,Sheikh Zayed,91.0,2.0,1.0,2.0,2026,Broker,Pool,Installments,Finished,Unfurnished,Yes,Yes,0.44,Grey,7753000.0
EG-10989,Cairo,Al-Haram,165.0,3.0,2.0,4.0,2024,Broker,Street,Cash,Unfinished,Furnished,Yes,Yes,10.06,Off-White,3031000.0
EG-10990,Cairo,New Cairo,122.0,3.0,1.0,1.0,2026,Broker,Garden,Installments,Finished,Unfurnished,Yes,Yes,12.69,White,8720000.0
EG-10991,Cairo,Al-Haram,91.0,2.0,1.0,1.0,2026,Broker,Other,Installments,Finished,Unfurnished,Yes,No,5.38,Grey,5004000.0
EG-10992,Cairo,New Cairo,180.0,3.0,3.0,3.0,2025,Broker,Garden,Installments,Unfinished,Unfurnished,No,No,0.79,Off-White,6954000.0
EG-10993,Cairo,Nasr City,140.0,3.0,1.0,2.0,2027,Broker,Street,Installments,Finished,Unfurnished,No,Yes,14.8,Grey,6525000.0
EG-10994,Cairo,Sheikh Zayed,330.0,3.0,3.0,1.0,2020,Broker,Street,Cash,Unfinished,Unfurnished,No,Yes,4.03,Off-White,9240000.0
EG-10995,Cairo,Nasr City,,3.0,1.0,10.0,2016,Broker,Street,Cash,Finished,Unfurnished,Yes,Yes,1.99,Brown,2667000.0
EG-10996,Cairo,Madinaty,140.0,3.0,2.0,3.0,2018,Broker,Garden,Cash,Finished,Furnished,No,No,5.61,Brown,8967000.0
EG-10997,Cairo,New Cairo,260.0,4.0,4.0,3.0,2025,Broker,Garden,Installments,Finished,Furnished,Yes,Yes,11.1,White,23069000.0
EG-10998,Cairo,Sheikh Zayed,171.0,3.0,3.0,2.0,2025,Developer,Street,Installments,Finished,Furnished,No,No,4.48,Grey,10801000.0
EG-10999,Cairo,Sheikh Zayed,160.0,3.0,3.0,,2029,Broker,Garden,Installments,Unfinished,Unfurnished,No,Yes,8.66,Brown,6878000.0
EG-11000,Cairo,Shubra,50.0,1.0,1.0,2.0,2027,Broker,Street,Installments,Finished,Furnished,Yes,Yes,6.29,Beige,2919000.0
EG-11001,Cairo,6th of October,95.0,2.0,1.0,2.0,2013,Broker,Street,Cash,Finished,Furnished,No,Yes,1.85,Brown,1954000.0
EG-11002,Cairo,Sheikh Zayed,167.0,3.0,3.0,3.0,2025,Developer,Pool,Installments,Finished,Unfurnished,No,Yes,5.02,Brown,10807000.0
EG-11003,Cairo,Ain Shams,125.0,2.0,2.0,2.0,2024,Broker,Street,Installments,Unfinished,Unfurnished,No,No,10.9,Grey,3298000.0
EG-11004,Cairo,6th of October,131.0,3.0,1.0,1.0,2027,Broker,Street,Installments,Finished,Unfurnished,No,No,9.22,Off-White,5802000.0
EG-11005,Cairo,Nasr City,48.0,1.0,1.0,1.0,2026,Broker,Street,Installments,Finished,Unfurnished,No,No,1.88,Beige,3716000.0
EG-11006,Cairo,New Cairo,137.0,3.0,1.0,1.0,2026,Broker,Street,Installments,Finished,Unfurnished,No,No,2.53,Beige,9464000.0
EG-11007,Cairo,Al-Haram,47.0,1.0,1.0,1.0,2027,Broker,Street,Installments,Finished,Unfurnished,No,Yes,9.65,Off-White,2510000.0
EG-11008,Cairo,Ain Shams,75.0,1.0,1.0,1.0,2027,Broker,Street,Installments,Finished,Unfurnished,Yes,No,12.22,Grey,3350000.0
EG-11009,Cairo,Shubra,120.0,,1.0,2.0,2003,Broker,Street,Cash,Finished,Unfurnished,No,No,5.31,Brown,2899000.0
EG-11010,Cairo,Sheikh Zayed,125.0,3.0,1.0,1.0,2026,Broker,Garden,Installments,Finished,Unfurnished,Yes,Yes,8.97,Off-White,9899000.0
EG-11011,Cairo,Maadi,140.0,3.0,,5.0,2020,Broker,Street,Cash,Finished,Furnished,No,Yes,2.64,Beige,5493000.0
EG-11012,Cairo,Nasr City,99.0,2.0,1.0,2.0,2027,Broker,Street,Installments,Finished,Unfurnished,No,No,4.74,Beige,4385000.0
EG-11013,Cairo,Al-Haram,80.0,1.0,2.0,3.0,2027,Broker,Street,Installments,Unfinished,Unfurnished,No,No,0.4,Brown,3149000.0
EG-11014,Cairo,Maadi,162.0,3.0,2.0,2.0,2026,Broker,Street,Installments,Unfinished,Unfurnished,No,No,11.55,Brown,4549000.0
EG-11015,Cairo,New Cairo,100.0,2.0,1.0,1.0,2026,Broker,Pool,Installments,Finished,Unfurnished,No,Yes,6.08,White,8289000.0
EG-11016,Cairo,Heliopolis,207.0,3.0,2.0,2.0,2025,Developer,Garden,Installments,Unfinished,Unfurnished,Yes,No,12.26,Off-White,5438000.0
EG-11017,Cairo,Maadi,145.0,,2.0,4.0,2025,Developer,Lake,Installments,Finished,Unfurnished,No,Yes,10.65,Brown,9454000.0
EG-11018,Cairo,Al-Haram,133.0,3.0,1.0,1.0,2027,Broker,Street,Installments,Finished,Furnished,Yes,Yes,12.45,White,6636000.0
EG-11019,Cairo,Sheikh Zayed,140.0,2.0,2.0,3.0,2025,Developer,Garden,Installments,Finished,Unfurnished,No,No,4.36,Grey,8791000.0
EG-11020,Cairo,Madinaty,144.0,2.0,3.0,8.0,2025,Broker,Garden,Installments,Finished,Furnished,Yes,No,2.86,Beige,10376000.0
EG-11021,Cairo,6th of October,133.0,3.0,1.0,1.0,2027,Broker,Street,Installments,Finished,Unfurnished,No,Yes,14.58,Off-White,6069000.0
EG-11022,Cairo,Al-Haram,67.0,1.0,1.0,2.0,2026,Broker,Other,Installments,Finished,Unfurnished,Yes,Yes,10.79,Grey,5095000.0
EG-11023,Cairo,Heliopolis,68.0,1.0,1.0,2.0,2026,Broker,Garden,Installments,Finished,Unfurnished,Yes,Yes,12.53,Off-White,5981000.0
EG-11024,Cairo,Heliopolis,100.0,2.0,1.0,1.0,2026,Broker,Garden,Installments,Finished,Unfurnished,Yes,Yes,0.3,Off-White,8540000.0
EG-11025,Cairo,6th of October,133.0,3.0,1.0,1.0,2027,Broker,Street,Installments,Finished,Furnished,Yes,Yes,5.38,Brown,6636000.0
EG-11026,Cairo,Heliopolis,78.0,2.0,1.0,1.0,2023,Broker,Garden,Installments,Finished,Unfurnished,Yes,Yes,11.17,White,4825000.0
EG-11027,Cairo,Madinaty,157.0,3.0,3.0,8.0,2026,Broker,Garden,Installments,Unfinished,Furnished,Yes,Yes,1.26,Off-White,9758000.0
EG-11028,Cairo,Nasr City,130.0,2.0,3.0,5.0,2020,Broker,Other,Cash,Unfinished,Unfurnished,No,No,8.55,Grey,3987000.0
EG-11029,Cairo,Maadi,133.0,3.0,1.0,1.0,2027,Broker,Street,Installments,Finished,Unfurnished,Yes,Yes,6.49,Off-White,6253000.0
EG-11030,Cairo,Shubra,130.0,3.0,1.0,4.0,2025,Broker,Other,Cash,Finished,Unfurnished,No,Yes,0.36,White,3193000.0
EG-11031,Cairo,Nasr City,170.0,3.0,3.0,1.0,2028,Broker,Other,Installments,Unfinished,Furnished,No,No,3.62,Beige,2957000.0
EG-11032,Cairo,Sheikh Zayed,116.0,2.0,1.0,4.0,2025,Broker,Pool,Installments,Unfinished,Unfurnished,Yes,No,4.34,Off-White,8162000.0
EG-11033,Cairo,Heliopolis,168.0,3.0,3.0,4.0,2024,Broker,Pool,Installments,Unfinished,Unfurnished,Yes,Yes,1.77,Grey,7323000.0
EG-11034,Cairo,Maadi,186.0,3.0,3.0,1.0,2022,Broker,Lake,Cash,Unfinished,Unfurnished,No,Yes,9.51,Beige,4944000.0
EG-11035,Cairo,Al-Haram,115.0,2.0,2.0,0.0,2025,Broker,Street,Installments,Finished,Unfurnished,Yes,No,3.71,Beige,3301000.0
EG-11036,Cairo,Nasr City,131.0,2.0,2.0,3.0,2025,Broker,Other,Cash,Unfinished,Unfurnished,Yes,Yes,4.24,Brown,4799000.0
EG-11037,Cairo,Maadi,170.0,3.0,3.0,1.0,2026,Broker,Lake,Installments,Finished,Unfurnished,No,No,13.48,Brown,13512000.0
EG-11038,Cairo,Ain Shams,37.0,1.0,1.0,1.0,2027,Broker,Other,Installments,Finished,Unfurnished,No,Yes,7.06,Off-White,1811000.0
EG-11039,Cairo,6th of October,140.0,3.0,1.0,1.0,2027,Broker,Street,Installments,Finished,Unfurnished,Yes,No,5.94,Grey,6389000.0
EG-11040,Cairo,New Cairo,157.0,3.0,3.0,8.0,2026,Broker,Street,Installments,Unfinished,Unfurnished,No,No,10.89,Brown,8172000.0
EG-11041,Cairo,6th of October,170.0,3.0,3.0,2.0,2024,Broker,Other,Installments,Unfinished,Unfurnished,No,Yes,13.65,White,2866000.0
EG-11042,Cairo,Sheikh Zayed,171.0,3.0,2.0,2.0,2025,Broker,Pool,Cash,Finished,Furnished,No,Yes,0.47,White,8287000.0
EG-11043,Cairo,New Cairo,192.0,3.0,3.0,,2020,Broker,Pool,Cash,Unfinished,Furnished,Yes,Yes,6.78,Beige,21419000.0
EG-11044,Cairo,6th of October,138.0,3.0,2.0,2.0,2028,Broker,Street,Installments,Unfinished,Furnished,Yes,Yes,9.2,Beige,4777000.0
EG-11045,Cairo,Heliopolis,99.0,2.0,1.0,1.0,2027,Broker,Street,Installments,Finished,Furnished,No,Yes,4.85,Beige,4692000.0
EG-11046,Cairo,Heliopolis,88.0,2.0,1.0,4.0,2027,Broker,Street,Installments,Finished,Unfurnished,Yes,Yes,11.61,White,5018000.0
EG-11047,Cairo,Shubra,40.0,1.0,1.0,0.0,2020,Developer,Other,Installments,Finished,Unfurnished,No,Yes,14.58,Brown,1272000.0
EG-11048,Cairo,Nasr City,155.0,3.0,2.0,3.0,2024,Developer,Street,Installments,Unfinished,Furnished,Yes,No,14.16,Brown,3013000.0
EG-11049,Cairo,Nasr City,190.0,3.0,2.0,7.0,1990,Broker,Street,Cash,Finished,Unfurnished,Yes,Yes,4.06,Off-White,5641000.0
EG-11050,Cairo,Maadi,48.0,1.0,1.0,2.0,2020,Broker,Street,Cash,Finished,Unfurnished,No,No,3.47,Grey,6280000.0
EG-11051,Cairo,Ain Shams,53.0,1.0,,4.0,2027,Broker,Street,Installments,Finished,Unfurnished,Yes,No,14.37,White,2933000.0
EG-11052,Cairo,6th of October,55.0,1.0,1.0,2.0,2026,Broker,Other,Installments,Finished,Unfurnished,Yes,No,6.93,Beige,4059000.0
EG-11053,Cairo,Nasr City,100.0,2.0,1.0,3.0,2023,Broker,Street,Cash,Finished,Furnished,No,No,3.2,Grey,4460000.0
EG-11054,Cairo,Heliopolis,217.0,2.0,,9.0,2028,Broker,Garden,Installments,Finished,Furnished,Yes,No,10.63,Beige,39320000.0
EG-11055,Cairo,Al-Haram,64.0,1.0,1.0,2.0,2026,Broker,Street,Installments,Finished,Furnished,No,No,4.34,Grey,5309000.0
EG-11056,Cairo,Nasr City,108.0,,1.0,4.0,2027,Broker,Street,Installments,Finished,Furnished,Yes,Yes,4.08,Grey,6535000.0
EG-11057,Cairo,Nasr City,67.0,1.0,1.0,2.0,2026,Broker,Street,Installments,Finished,Unfurnished,Yes,Yes,13.2,Brown,5559000.0
EG-11058,Cairo,Nasr City,98.0,2.0,1.0,4.0,2027,Broker,Street,Installments,Finished,Unfurnished,Yes,Yes,2.52,Off-White,4902000.0
EG-11059,Cairo,Al-Haram,58.0,1.0,1.0,4.0,2027,Broker,Street,Installments,Finished,Unfurnished,No,Yes,1.06,Off-White,3210000.0
EG-11060,Cairo,Maadi,188.0,3.0,2.0,3.0,2025,Broker,Lake,Cash,Finished,Unfurnished,Yes,Yes,4.11,Beige,16462000.0
EG-11061,Cairo,Ain Shams,100.0,2.0,2.0,0.0,2023,Broker,Street,Cash,Finished,Unfurnished,Yes,No,9.14,White,2389000.0
EG-11062,Cairo,Al-Haram,53.0,1.0,1.0,4.0,2027,Broker,Street,Installments,Finished,Unfurnished,No,Yes,1.93,Off-White,2933000.0
EG-11063,Cairo,Maadi,83.0,2.0,1.0,1.0,2025,Developer,Pool,Installments,Finished,Unfurnished,No,Yes,7.13,White,5980000.0
EG-11064,Cairo,Maadi,55.0,1.0,1.0,2.0,2026,Broker,Street,Installments,Finished,Unfurnished,No,Yes,9.45,Beige,4430000.0
EG-11065,Cairo,6th of October,98.0,2.0,1.0,3.0,2027,Broker,Other,Installments,Finished,Furnished,Yes,No,12.75,White,4535000.0
EG-11066,Cairo,Al-Haram,55.0,1.0,1.0,2.0,2027,Broker,Street,Installments,Finished,Furnished,No,Yes,3.53,Grey,4701000.0
EG-11067,Cairo,Heliopolis,67.0,1.0,1.0,1.0,2026,Broker,Garden,Installments,Finished,Unfurnished,No,No,12.28,Grey,4270000.0
EG-11068,Cairo,Maadi,97.0,2.0,1.0,1.0,2026,Broker,Street,Installments,Finished,Furnished,No,Yes,3.6,Beige,7323000.0
EG-11069,Cairo,Al-Haram,135.0,3.0,2.0,9.0,2025,Broker,Street,Cash,Finished,Unfurnished,No,No,10.18,White,3044000.0
EG-11070,Cairo,6th of October,85.0,2.0,1.0,1.0,2026,Broker,Street,Installments,Finished,Unfurnished,No,Yes,6.52,White,6158000.0
EG-11071,Cairo,Heliopolis,88.0,2.0,1.0,3.0,2027,Broker,Garden,Installments,Finished,Unfurnished,No,Yes,1.81,Beige,5072000.0
EG-11072,Cairo,New Cairo,203.0,4.0,3.0,3.0,2025,Developer,Pool,Installments,Finished,Furnished,Yes,No,10.74,Off-White,11086000.0
EG-11073,Cairo,Shubra,120.0,3.0,1.0,7.0,1997,Private Owner,Street,Cash,Finished,Unfurnished,No,Yes,3.34,Brown,1643000.0
EG-11074,Cairo,Maadi,108.0,2.0,1.0,3.0,2027,Broker,Garden,Installments,Finished,Unfurnished,No,Yes,2.73,Off-White,6225000.0
EG-11075,Cairo,Nasr City,170.0,3.0,3.0,1.0,2028,Broker,Street,Installments,Unfinished,Unfurnished,No,Yes,5.44,Brown,3556000.0
EG-11076,Cairo,Sheikh Zayed,89.0,2.0,1.0,2.0,2026,Broker,Pool,Installments,Finished,Unfurnished,No,No,9.83,White,7790000.0
EG-11077,Cairo,6th of October,53.0,1.0,1.0,3.0,2027,Broker,Street,Installments,Finished,Unfurnished,Yes,No,3.59,Brown,2882000.0
EG-11078,Cairo,Al-Haram,95.0,3.0,1.0,7.0,2015,Private Owner,Street,Cash,Finished,Unfurnished,No,No,2.84,Brown,2019000.0
EG-11079,Cairo,Sheikh Zayed,534.0,7.0,6.0,1.0,2020,Broker,Garden,Cash,Finished,Unfurnished,Yes,Yes,0.25,White,55446000.0
EG-11080,Cairo,Maadi,167.0,3.0,2.0,3.0,2020,Broker,Garden,Cash,Unfinished,Unfurnished,No,Yes,7.13,Grey,4212000.0
EG-11081,Cairo,Al-Haram,108.0,2.0,1.0,2.0,2027,Broker,Other,Installments,Finished,Unfurnished,Yes,Yes,6.49,Brown,5446000.0
EG-11082,Cairo,Heliopolis,,2.0,1.0,1.0,2026,Broker,Street,Installments,Finished,Furnished,No,No,3.58,Beige,7108000.0
EG-11083,Cairo,Al-Haram,175.0,,3.0,4.0,2025,Developer,Street,Installments,Unfinished,Unfurnished,No,Yes,0.9,Off-White,5002000.0
EG-11084,Cairo,Maadi,195.0,4.0,3.0,1.0,2025,Developer,Street,Installments,Unfinished,Furnished,No,No,6.5,White,9721000.0
EG-11085,Cairo,Nasr City,53.0,1.0,1.0,2.0,2027,Broker,Street,Installments,Finished,Unfurnished,Yes,Yes,11.84,White,2916000.0
EG-11086,Cairo,Nasr City,88.0,2.0,1.0,2.0,2027,Broker,Street,Installments,Finished,Furnished,Yes,Yes,10.76,Brown,5138000.0
EG-11087,Cairo,6th of October,130.0,3.0,1.0,4.0,2022,Broker,Street,Cash,Finished,Unfurnished,No,Yes,12.93,Grey,3484000.0
EG-11088,Cairo,Ain Shams,80.0,2.0,1.0,3.0,2000,Private Owner,Street,Cash,Finished,Unfurnished,Yes,Yes,0.24,Grey,2256000.0
EG-11089,Cairo,Maadi,260.0,4.0,3.0,0.0,2018,Private Owner,Lake,Cash,Unfinished,Unfurnished,Yes,No,14.5,Off-White,7316000.0
EG-11090,Cairo,Shubra,58.0,1.0,1.0,3.0,2027,Broker,Street,Installments,Finished,Unfurnished,No,Yes,5.19,Off-White,3154000.0
EG-11091,Cairo,Ain Shams,170.0,3.0,3.0,1.0,2028,Broker,Street,Installments,Unfinished,Unfurnished,Yes,Yes,14.86,Grey,3603000.0
EG-11092,Cairo,Shubra,51.0,1.0,1.0,1.0,2025,Developer,Street,Installments,Finished,Furnished,Yes,Yes,3.86,Grey,2707000.0
EG-11093,Cairo,New Cairo,100.0,2.0,2.0,1.0,2023,Developer,Garden,Cash,Finished,Unfurnished,No,Yes,7.13,Grey,7386000.0
EG-11094,Cairo,6th of October,145.0,2.0,1.0,4.0,1999,Broker,Street,Cash,Finished,Unfurnished,No,Yes,5.37,Brown,2986000.0
EG-11095,Cairo,New Cairo,200.0,3.0,3.0,,2000,Private Owner,Garden,Cash,Finished,Unfurnished,No,No,5.4,Beige,13314000.0
EG-11096,Cairo,6th of October,67.0,1.0,1.0,1.0,2026,Broker,Street,Installments,Finished,Unfurnished,No,Yes,12.65,Off-White,5227000.0
EG-11097,Cairo,New Cairo,91.0,2.0,1.0,2.0,2026,Broker,Pool,Installments,Finished,Furnished,No,Yes,11.22,White,8708000.0
EG-11098,Cairo,Sheikh Zayed,310.0,4.0,4.0,1.0,1990,Broker,Garden,Cash,Finished,Unfurnished,Yes,No,14.88,Grey,13085000.0
EG-11099,Cairo,Maadi,192.0,4.0,4.0,2.0,2020,Broker,Street,Cash,Unfinished,Unfurnished,No,No,9.24,Grey,17937000.0
EG-11100,Cairo,Shubra,81.0,2.0,1.0,0.0,2025,Developer,Other,Cash,Finished,Furnished,Yes,Yes,7.0,Beige,1866000.0
EG-11101,Cairo,Sheikh Zayed,137.0,2.0,2.0,3.0,2028,Broker,Garden,Installments,Unfinished,Unfurnished,Yes,No,1.44,Grey,9031000.0
EG-11102,Cairo,Maadi,76.0,1.0,1.0,2.0,2026,Broker,Pool,Installments,Finished,Unfurnished,Yes,No,14.95,Off-White,6854000.0
EG-11103,Cairo,6th of October,53.0,1.0,1.0,1.0,2027,Broker,Street,Installments,Finished,Furnished,No,Yes,8.32,Grey,2949000.0
EG-11104,Cairo,6th of October,74.0,,1.0,,2026,Broker,Street,Installments,Finished,Unfurnished,No,No,10.54,Beige,6111000.0
EG-11105,Cairo,Ain Shams,58.0,1.0,1.0,1.0,2027,Broker,Street,Installments,Finished,Unfurnished,Yes,Yes,6.16,Brown,3133000.0
EG-11106,Cairo,Sheikh Zayed,91.0,,1.0,2.0,2026,Broker,Garden,Installments,Finished,Unfurnished,Yes,Yes,8.26,Off-White,8455000.0
EG-11107,Cairo,Maadi,108.0,2.0,1.0,,2027,Broker,Lake,Installments,Finished,Unfurnished,No,Yes,14.14,Brown,6059000.0
EG-11108,Cairo,New Cairo,88.0,2.0,1.0,2.0,2026,Broker,Garden,Installments,Finished,Unfurnished,Yes,No,2.58,White,7936000.0
EG-11109,Cairo,Nasr City,58.0,1.0,1.0,2.0,2027,Broker,Other,Installments,Finished,Unfurnished,No,No,4.46,Beige,2756000.0
EG-11110,Cairo,Shubra,53.0,1.0,1.0,2.0,2027,Broker,Other,Installments,Finished,Unfurnished,Yes,Yes,2.37,White,2673000.0
EG-11111,Cairo,Maadi,88.0,1.0,1.0,1.0,2027,Broker,Street,Installments,Finished,Unfurnished,Yes,Yes,11.9,White,4754000.0
EG-11112,Cairo,Ain Shams,170.0,3.0,3.0,1.0,2028,Broker,Street,Installments,Unfinished,Furnished,Yes,Yes,1.02,White,3813000.0
EG-11113,Cairo,Al-Haram,170.0,3.0,3.0,1.0,2028,Broker,Street,Installments,Unfinished,Unfurnished,Yes,Yes,1.32,White,3538000.0
EG-11114,Cairo,Nasr City,170.0,3.0,3.0,1.0,2028,Broker,Street,Installments,Unfinished,Unfurnished,No,No,4.55,Beige,3250000.0
EG-11115,Cairo,Ain Shams,140.0,3.0,2.0,4.0,2022,Broker,Other,Cash,Finished,Furnished,No,Yes,7.76,Brown,2711000.0
EG-11116,Cairo,Al-Haram,53.0,1.0,1.0,1.0,2027,Broker,Other,Installments,Finished,Unfurnished,Yes,Yes,6.15,Grey,2624000.0
EG-11117,Cairo,Heliopolis,170.0,3.0,3.0,1.0,2028,Broker,Street,Installments,Unfinished,Unfurnished,No,Yes,0.77,White,3695000.0
EG-11118,Cairo,New Cairo,240.0,3.0,2.0,5.0,2019,Broker,Garden,Cash,Finished,Unfurnished,No,No,14.37,Grey,12802000.0
EG-11119,Cairo,Heliopolis,245.0,3.0,2.0,1.0,2010,Broker,Pool,Cash,Finished,Unfurnished,Yes,No,14.3,Grey,7597000.0
EG-11120,Cairo,New Cairo,232.0,4.0,4.0,4.0,2020,Broker,Garden,Cash,Finished,Unfurnished,No,Yes,4.26,White,32711000.0
EG-11121,Cairo,Nasr City,93.0,2.0,1.0,1.0,2026,Broker,Other,Installments,Finished,Unfurnished,No,Yes,11.0,Off-White,5906000.0
EG-11122,Cairo,Al-Haram,166.0,3.0,3.0,,2025,Broker,Street,Installments,Unfinished,Furnished,Yes,Yes,8.72,Grey,5893000.0
EG-11123,Cairo,6th of October,100.0,2.0,1.0,2.0,2025,Broker,Street,Cash,Finished,Unfurnished,Yes,No,3.64,Off-White,4480000.0
EG-11124,Cairo,Nasr City,190.0,3.0,3.0,3.0,2025,Developer,Street,Installments,Unfinished,Unfurnished,No,Yes,4.01,Brown,4110000.0
EG-11125,Cairo,Heliopolis,102.0,2.0,1.0,1.0,2026,Broker,Pool,Installments,Finished,Unfurnished,No,Yes,7.42,Grey,7404000.0
EG-11126,Cairo,Maadi,180.0,3.0,3.0,3.0,2025,Developer,Garden,Cash,Unfinished,Unfurnished,Yes,Yes,6.35,Beige,7417000.0
EG-11127,Cairo,6th of October,170.0,3.0,3.0,1.0,2028,Broker,Street,Installments,Unfinished,Furnished,Yes,Yes,4.44,Brown,3912000.0
EG-11128,Cairo,Maadi,185.0,2.0,3.0,0.0,2023,Broker,Pool,Cash,Finished,Furnished,Yes,Yes,12.13,Brown,7153000.0
EG-11129,Cairo,6th of October,68.0,1.0,1.0,2.0,2026,Broker,Other,Installments,Finished,Unfurnished,Yes,Yes,7.27,Off-White,5009000.0
EG-11130,Cairo,6th of October,270.0,3.0,2.0,0.0,2024,Broker,Street,Cash,Finished,Unfurnished,Yes,Yes,9.86,White,5846000.0
EG-11131,Cairo,Maadi,245.0,3.0,2.0,2.0,2020,Broker,Lake,Cash,Unfinished,Unfurnished,Yes,Yes,2.92,Beige,6112000.0
EG-11132,Cairo,Heliopolis,141.0,3.0,2.0,1.0,2027,Broker,Street,Installments,Finished,Unfurnished,Yes,Yes,8.05,Beige,12108000.0
EG-11133,Cairo,Ain Shams,120.0,3.0,1.0,11.0,2013,Broker,Other,Cash,Finished,Furnished,No,Yes,4.84,Off-White,1355000.0
EG-11134,Cairo,6th of October,120.0,3.0,2.0,8.0,2025,Broker,Street,Installments,Unfinished,Furnished,Yes,No,7.94,Off-White,1052000.0
EG-11135,Cairo,Maadi,,3.0,,6.0,2025,Broker,Garden,Cash,Finished,Furnished,Yes,Yes,11.73,Brown,7499000.0
EG-11136,Cairo,Shubra,180.0,3.0,3.0,1.0,2025,Broker,Street,Cash,Finished,Unfurnished,Yes,Yes,11.56,Off-White,2051000.0
EG-11137,Cairo,Shubra,150.0,3.0,2.0,5.0,2000,Developer,Other,Cash,Finished,Furnished,Yes,No,5.38,White,3486000.0
EG-11138,Cairo,Al-Haram,128.0,2.0,2.0,2.0,2026,Broker,Street,Installments,Unfinished,Unfurnished,Yes,No,10.44,Brown,4250000.0
EG-11139,Cairo,Heliopolis,235.0,3.0,3.0,2.0,2026,Broker,Pool,Installments,Unfinished,Unfurnished,Yes,Yes,14.13,Brown,9351000.0
EG-11140,Cairo,Al-Haram,180.0,3.0,3.0,3.0,2004,Developer,Street,Cash,Finished,Unfurnished,Yes,Yes,9.42,Brown,5641000.0
EG-11141,Cairo,Al-Haram,165.0,3.0,2.0,7.0,1978,Developer,Other,Cash,Finished,Unfurnished,Yes,No,2.31,Beige,5292000.0
EG-11142,Cairo,Al-Haram,100.0,2.0,1.0,5.0,2005,Developer,Street,Cash,Finished,Unfurnished,No,Yes,10.23,Beige,2290000.0
EG-11143,Cairo,Ain Shams,64.0,1.0,1.0,1.0,2026,Broker,Street,Installments,Finished,Unfurnished,Yes,No,1.66,Brown,2858000.0
EG-11144,Cairo,Al-Haram,180.0,3.0,3.0,1.0,2025,Broker,Street,Cash,Finished,Unfurnished,Yes,No,13.09,White,1991000.0
EG-11145,Cairo,New Cairo,250.0,3.0,2.0,7.0,1993,Broker,Pool,Cash,Finished,Unfurnished,Yes,Yes,7.8,Grey,11959000.0
EG-11146,Cairo,Sheikh Zayed,96.0,1.0,1.0,4.0,2025,Broker,Pool,Installments,Finished,Unfurnished,No,Yes,5.84,Brown,8529000.0
EG-11147,Cairo,New Cairo,140.0,3.0,2.0,3.0,2027,Broker,Pool,Installments,Finished,Unfurnished,No,Yes,0.95,Off-White,11763000.0
EG-11148,Cairo,Ain Shams,40.0,1.0,1.0,0.0,2025,Developer,Street,Cash,Finished,Unfurnished,Yes,No,5.77,Grey,1424000.0
EG-11149,Cairo,Maadi,134.0,3.0,2.0,2.0,2025,Broker,Pool,Cash,Finished,Unfurnished,Yes,No,13.56,Beige,8125000.0
EG-11150,Cairo,Sheikh Zayed,232.0,4.0,2.0,3.0,2025,Developer,Garden,Installments,Finished,Unfurnished,Yes,Yes,0.41,Beige,8907000.0
EG-11151,Cairo,New Cairo,98.0,2.0,2.0,4.0,2027,Broker,Garden,Installments,Finished,Unfurnished,Yes,Yes,7.17,Grey,7423000.0
EG-11152,Cairo,Al-Haram,,3.0,1.0,8.0,2001,Developer,Street,Cash,Finished,Unfurnished,Yes,No,13.97,Off-White,3633000.0
EG-11153,Cairo,6th of October,210.0,4.0,3.0,3.0,2025,Developer,Street,Cash,Finished,Unfurnished,Yes,No,5.98,Beige,6630000.0
EG-11154,Cairo,Al-Haram,150.0,3.0,2.0,2.0,2025,Developer,Street,Cash,Finished,Unfurnished,Yes,No,6.48,Beige,1692000.0
EG-11155,Cairo,Al-Haram,251.0,4.0,3.0,3.0,2025,Developer,Other,Installments,Unfinished,Unfurnished,Yes,Yes,8.72,Brown,5298000.0
EG-11156,Cairo,Shubra,99.0,2.0,2.0,2.0,2027,Broker,Street,Installments,Unfinished,Unfurnished,No,Yes,7.0,White,3303000.0
EG-11157,Cairo,Shubra,115.0,3.0,1.0,12.0,2005,Developer,Street,Cash,Finished,Furnished,No,Yes,2.61,Off-White,3011000.0
EG-11158,Cairo,6th of October,130.0,3.0,2.0,4.0,2019,Broker,Other,Cash,Unfinished,Furnished,Yes,No,0.38,Brown,2337000.0
EG-11159,Cairo,Al-Haram,205.0,3.0,3.0,6.0,2025,Developer,Street,Cash,Unfinished,Unfurnished,No,Yes,9.19,White,2587000.0
EG-11160,Cairo,Al-Haram,140.0,3.0,2.0,1.0,2025,Developer,Other,Cash,Unfinished,Furnished,Yes,No,13.82,Beige,1168000.0
EG-11161,Cairo,Ain Shams,122.0,3.0,1.0,,2024,Developer,Street,Installments,Unfinished,Unfurnished,Yes,Yes,1.68,White,2646000.0
EG-11162,Cairo,Heliopolis,,3.0,2.0,4.0,2025,Developer,Pool,Cash,Finished,Furnished,No,Yes,3.24,Beige,5543000.0
EG-11163,Cairo,Maadi,157.0,3.0,3.0,1.0,2028,Developer,Street,Installments,Unfinished,Furnished,Yes,No,5.62,Brown,3820000.0
EG-11164,Cairo,6th of October,120.0,3.0,1.0,3.0,2005,Broker,Street,Cash,Finished,Unfurnished,No,No,12.15,Beige,3188000.0
EG-11165,Cairo,Nasr City,120.0,2.0,,2.0,1999,Developer,Street,Cash,Finished,Unfurnished,Yes,Yes,4.11,White,3590000.0
EG-11166,Cairo,Shubra,125.0,2.0,1.0,1.0,2012,Developer,Street,Cash,Finished,Unfurnished,Yes,Yes,13.24,Brown,3590000.0
EG-11167,Cairo,Maadi,120.0,2.0,2.0,0.0,2028,Developer,Garden,Installments,Unfinished,Furnished,No,No,0.92,White,4487000.0
EG-11168,Cairo,Madinaty,100.0,2.0,2.0,3.0,2027,Broker,Street,Installments,Finished,Unfurnished,Yes,No,14.12,White,9807000.0
EG-11169,Cairo,6th of October,120.0,2.0,1.0,1.0,2015,Developer,Street,Cash,Finished,Furnished,Yes,No,8.46,Grey,3381000.0
EG-11170,Cairo,Heliopolis,215.0,4.0,3.0,1.0,2026,Developer,Street,Installments,Unfinished,Furnished,No,Yes,9.92,Beige,5739000.0
EG-11171,Cairo,Heliopolis,161.0,3.0,,13.0,2027,Developer,Garden,Cash,Finished,Furnished,Yes,Yes,5.58,Beige,6922000.0
EG-11172,Cairo,Sheikh Zayed,112.0,3.0,2.0,2.0,2024,Broker,Pool,Cash,Finished,Unfurnished,Yes,No,11.75,White,7386000.0
EG-11173,Cairo,6th of October,100.0,2.0,1.0,10.0,2011,Developer,Other,Cash,Finished,Unfurnished,No,No,2.58,Beige,2214000.0
EG-11174,Cairo,Ain Shams,142.0,3.0,2.0,3.0,2025,Developer,Street,Installments,Unfinished,Unfurnished,Yes,Yes,0.83,Off-White,2786000.0
EG-11175,Cairo,Ain Shams,142.0,3.0,2.0,3.0,2025,Developer,Other,Installments,Unfinished,Unfurnished,No,No,5.99,Beige,2405000.0
EG-11176,Cairo,Al-Haram,,3.0,3.0,1.0,2026,Developer,Street,Installments,Unfinished,Unfurnished,No,Yes,12.82,Brown,3913000.0
EG-11177,Cairo,Sheikh Zayed,180.0,2.0,2.0,2.0,2025,Broker,Pool,Cash,Finished,Unfurnished,Yes,Yes,11.35,Beige,8154000.0
EG-11178,Cairo,Maadi,120.0,3.0,2.0,2.0,2029,Broker,Lake,Installments,Unfinished,Furnished,Yes,No,7.81,Off-White,4200000.0
EG-11179,Cairo,Sheikh Zayed,173.0,3.0,3.0,2.0,2026,Developer,Garden,Installments,Unfinished,Unfurnished,No,Yes,8.62,White,11441000.0
EG-11180,Cairo,Sheikh Zayed,170.0,3.0,3.0,3.0,2025,Broker,Garden,Installments,Unfinished,Furnished,Yes,No,2.04,Beige,12166000.0
EG-11181,Cairo,Sheikh Zayed,165.0,3.0,3.0,3.0,2025,Broker,Pool,Installments,Unfinished,Unfurnished,No,Yes,12.63,Brown,12420000.0
EG-11182,Cairo,Heliopolis,280.0,3.0,2.0,4.0,2015,Developer,Garden,Cash,Finished,Unfurnished,Yes,Yes,11.83,Off-White,16308000.0
EG-11183,Cairo,Al-Haram,64.0,1.0,1.0,1.0,2026,Broker,Street,Installments,Finished,Unfurnished,Yes,Yes,9.88,Grey,3083000.0
EG-11184,Cairo,Al-Haram,160.0,3.0,3.0,3.0,2027,Developer,Street,Installments,Unfinished,Unfurnished,Yes,Yes,7.05,White,4297000.0
EG-11185,Cairo,Maadi,140.0,2.0,3.0,2.0,2025,Broker,Lake,Installments,Unfinished,Unfurnished,No,Yes,14.47,White,9644000.0
EG-11186,Cairo,Sheikh Zayed,290.0,4.0,3.0,10.0,2020,Broker,Garden,Cash,Finished,Unfurnished,Yes,Yes,13.2,White,10328000.0
EG-11187,Cairo,Ain Shams,103.0,2.0,2.0,2.0,2030,Broker,Other,Installments,Unfinished,Unfurnished,No,Yes,9.7,Off-White,2910000.0
EG-11188,Cairo,New Cairo,128.0,2.0,2.0,3.0,2025,Broker,Pool,Installments,Unfinished,Furnished,No,No,5.64,Beige,8856000.0
EG-11189,Cairo,Ain Shams,59.0,1.0,1.0,2.0,2027,Broker,Street,Installments,Finished,Unfurnished,Yes,Yes,9.31,Beige,3246000.0
EG-11190,Cairo,Al-Haram,215.0,3.0,3.0,1.0,2026,Developer,Other,Installments,Unfinished,Unfurnished,Yes,No,8.67,Beige,2313000.0
EG-11191,Cairo,Ain Shams,110.0,2.0,1.0,5.0,1998,Private Owner,Street,Cash,Finished,Furnished,Yes,Yes,5.97,Beige,1796000.0
EG-11192,Cairo,6th of October,225.0,3.0,3.0,1.0,2025,Broker,Other,Cash,Unfinished,Unfurnished,No,Yes,4.67,White,5081000.0
EG-11193,Cairo,Maadi,153.0,3.0,3.0,2.0,2025,Developer,Lake,Installments,Unfinished,Furnished,No,Yes,6.16,Grey,15959000.0
EG-11194,Cairo,Shubra,125.0,3.0,3.0,2.0,2026,Broker,Street,Cash,Unfinished,Furnished,Yes,Yes,8.65,White,3688000.0
EG-11195,Cairo,Nasr City,68.0,1.0,1.0,1.0,2028,Broker,Street,Installments,Finished,Unfurnished,Yes,No,6.48,Grey,2971000.0
EG-11196,Cairo,Sheikh Zayed,270.0,4.0,3.0,9.0,2025,Broker,Garden,Cash,Finished,Unfurnished,Yes,No,4.03,Grey,7809000.0
EG-11197,Cairo,Al-Haram,141.0,3.0,2.0,2.0,2025,Developer,Street,Installments,Unfinished,Unfurnished,Yes,Yes,11.44,Beige,3928000.0
EG-11198,Cairo,Ain Shams,165.0,3.0,3.0,5.0,2013,Broker,Street,Cash,Unfinished,Unfurnished,Yes,Yes,8.02,Brown,1190000.0
EG-11199,Cairo,Ain Shams,130.0,3.0,2.0,4.0,2025,Broker,Other,Cash,Finished,Furnished,Yes,Yes,1.11,Off-White,2145000.0
EG-11200,Cairo,New Cairo,225.0,3.0,3.0,3.0,2022,Broker,Pool,Cash,Finished,Unfurnished,Yes,No,5.59,Brown,7914000.0
EG-11201,Cairo,6th of October,236.0,3.0,3.0,2.0,2027,Developer,Street,Installments,Unfinished,Unfurnished,Yes,No,13.29,Grey,5317000.0
EG-11202,Cairo,Maadi,201.0,,3.0,1.0,2025,Broker,Street,Installments,Unfinished,Unfurnished,Yes,Yes,11.35,Brown,3714000.0
EG-11203,Cairo,Nasr City,109.0,2.0,1.0,1.0,2022,Developer,Street,Installments,Unfinished,Furnished,Yes,Yes,4.92,Grey,3449000.0
EG-11204,Cairo,Al-Haram,73.0,1.0,1.0,,2028,Broker,Street,Installments,Finished,Furnished,Yes,Yes,14.08,White,3838000.0
EG-11205,Cairo,Heliopolis,176.0,3.0,3.0,1.0,2025,Broker,Garden,Cash,Unfinished,Unfurnished,Yes,No,1.24,White,5622000.0
EG-11206,Cairo,Al-Haram,110.0,2.0,1.0,5.0,1998,Private Owner,Street,Cash,Finished,Unfurnished,Yes,No,14.42,Beige,1643000.0
EG-11207,Cairo,Sheikh Zayed,180.0,3.0,3.0,2.0,2026,Broker,Pool,Cash,Unfinished,Unfurnished,Yes,No,3.76,Off-White,7836000.0
EG-11208,Cairo,6th of October,86.0,1.0,1.0,1.0,2028,Broker,Street,Installments,Finished,Furnished,Yes,Yes,0.24,White,5095000.0
EG-11209,Cairo,Nasr City,68.0,1.0,1.0,1.0,2028,Broker,Other,Installments,Finished,Unfurnished,Yes,No,6.56,Off-White,2783000.0
EG-11210,Cairo,Nasr City,176.0,4.0,3.0,2.0,2025,Broker,Other,Cash,Unfinished,Unfurnished,Yes,Yes,5.45,Beige,5009000.0
EG-11211,Cairo,Al-Haram,150.0,3.0,2.0,8.0,2025,Developer,Street,Cash,Finished,Unfurnished,Yes,No,8.13,Off-White,3584000.0
EG-11212,Cairo,6th of October,175.0,3.0,3.0,3.0,2024,Developer,Street,Installments,Unfinished,Furnished,Yes,Yes,11.97,White,3286000.0
EG-11213,Cairo,Maadi,190.0,3.0,2.0,5.0,2012,Broker,Lake,Cash,Finished,Furnished,Yes,No,12.65,White,7347000.0
EG-11214,Cairo,Maadi,215.0,3.0,3.0,1.0,2026,Developer,Street,Installments,Unfinished,Unfurnished,Yes,Yes,6.08,Brown,3779000.0
EG-11215,Cairo,Sheikh Zayed,,2.0,3.0,2.0,2025,Broker,Garden,Cash,Finished,Furnished,Yes,Yes,6.5,Brown,9576000.0
EG-11216,Cairo,Heliopolis,180.0,3.0,2.0,3.0,2023,Broker,Garden,Cash,Finished,Unfurnished,No,No,2.31,Brown,6657000.0
EG-11217,Cairo,Maadi,190.0,3.0,2.0,1.0,2025,Broker,Pool,Cash,Finished,Unfurnished,Yes,No,0.81,Off-White,5540000.0
EG-11218,Cairo,Maadi,160.0,3.0,3.0,2.0,2028,Broker,Garden,Installments,Finished,Unfurnished,Yes,No,9.65,White,13534000.0
EG-11219,Cairo,6th of October,175.0,3.0,2.0,9.0,2009,Private Owner,Street,Cash,Finished,Unfurnished,Yes,No,1.06,Beige,5973000.0
EG-11220,Cairo,6th of October,130.0,3.0,,2.0,2025,Developer,Street,Cash,Finished,Unfurnished,Yes,No,11.03,Grey,6520000.0
EG-11221,Cairo,Al-Haram,,4.0,2.0,1.0,2026,Developer,Street,Installments,Unfinished,Furnished,Yes,Yes,8.13,White,4277000.0
EG-11222,Cairo,Heliopolis,,2.0,3.0,2.0,2026,Broker,Garden,Installments,Unfinished,Furnished,Yes,Yes,3.06,Brown,4283000.0
EG-11223,Cairo,Sheikh Zayed,180.0,3.0,3.0,4.0,2026,Broker,Garden,Installments,Finished,Unfurnished,Yes,No,8.14,Brown,15507000.0
EG-11224,Cairo,Heliopolis,109.0,1.0,2.0,,2025,Broker,Garden,Cash,Finished,Furnished,No,No,2.83,Off-White,10325000.0
EG-11225,Cairo,Al-Haram,190.0,3.0,3.0,3.0,2025,Developer,Street,Installments,Unfinished,Furnished,Yes,Yes,6.64,Brown,4494000.0
EG-11226,Cairo,Nasr City,245.0,3.0,3.0,2.0,2027,Private Owner,Street,Installments,Unfinished,Unfurnished,No,Yes,12.01,Off-White,5633000.0
EG-11227,Cairo,Shubra,125.0,3.0,1.0,10.0,2006,Broker,Street,Cash,Finished,Unfurnished,No,No,6.98,Beige,2415000.0
EG-11228,Cairo,Heliopolis,210.0,,2.0,2.0,2025,Broker,Pool,Cash,Finished,Unfurnished,No,No,2.32,Brown,8449000.0
EG-11229,Cairo,Al-Haram,89.0,1.0,1.0,1.0,2026,Broker,Street,Installments,Finished,Unfurnished,No,Yes,10.89,Off-White,5929000.0
EG-11230,Cairo,6th of October,120.0,2.0,1.0,2.0,1999,Developer,Street,Cash,Finished,Furnished,Yes,Yes,2.88,Brown,3810000.0
EG-11231,Cairo,New Cairo,182.0,3.0,4.0,5.0,2025,Broker,Street,Cash,Finished,Furnished,Yes,No,11.1,Off-White,8980000.0
EG-11232,Cairo,Maadi,204.0,3.0,3.0,3.0,2025,Broker,Street,Cash,Finished,Unfurnished,Yes,Yes,7.24,White,17436000.0
EG-11233,Cairo,Ain Shams,80.0,2.0,1.0,16.0,2014,Broker,Other,Cash,Finished,Furnished,Yes,Yes,6.86,Off-White,2693000.0
EG-11234,Cairo,Heliopolis,223.0,,3.0,3.0,2027,Broker,Street,Installments,Finished,Furnished,Yes,Yes,12.79,Grey,16450000.0
EG-11235,Cairo,Nasr City,165.0,,3.0,2.0,2025,Broker,Street,Cash,Unfinished,Unfurnished,No,Yes,10.66,Beige,5821000.0
EG-11236,Cairo,Heliopolis,200.0,3.0,3.0,2.0,2025,Broker,Pool,Cash,Unfinished,Unfurnished,Yes,Yes,0.59,White,10092000.0
EG-11237,Cairo,Heliopolis,168.0,3.0,3.0,3.0,2027,Broker,Street,Installments,Unfinished,Furnished,Yes,Yes,4.51,Beige,9797000.0
EG-11238,Cairo,Ain Shams,120.0,2.0,1.0,2.0,1999,Developer,Street,Cash,Finished,Unfurnished,No,Yes,13.08,White,3484000.0
EG-11239,Cairo,Nasr City,135.0,3.0,1.0,1.0,2008,Private Owner,Street,Cash,Finished,Unfurnished,Yes,No,0.37,Brown,2688000.0
EG-11240,Cairo,Heliopolis,134.0,2.0,2.0,3.0,2023,Developer,Street,Cash,Unfinished,Unfurnished,Yes,Yes,8.22,Off-White,6902000.0
EG-11241,Cairo,Maadi,171.0,3.0,3.0,2.0,2025,Broker,Street,Cash,Finished,Furnished,Yes,Yes,10.94,Brown,8054000.0
EG-11242,Cairo,Maadi,160.0,3.0,3.0,4.0,2025,Broker,Lake,Cash,Finished,Unfurnished,No,Yes,9.37,Beige,5336000.0
EG-11243,Cairo,Al-Haram,165.0,3.0,3.0,1.0,2026,Broker,Street,Installments,Unfinished,Unfurnished,Yes,Yes,11.43,Beige,5014000.0
EG-11244,Cairo,Nasr City,175.0,3.0,2.0,2.0,2023,Broker,Other,Cash,Finished,Furnished,No,Yes,10.91,White,4260000.0
EG-11245,Cairo,6th of October,185.0,3.0,2.0,7.0,2016,Broker,Street,Cash,Finished,Unfurnished,Yes,No,10.41,Beige,2986000.0
EG-11246,Cairo,Shubra,140.0,3.0,1.0,9.0,2015,Broker,Street,Installments,Finished,Unfurnished,No,Yes,12.34,Off-White,1505000.0
EG-11247,Cairo,Ain Shams,109.0,2.0,1.0,3.0,2025,Developer,Other,Cash,Unfinished,Unfurnished,Yes,Yes,9.72,Beige,1963000.0
EG-11248,Cairo,Shubra,185.0,3.0,2.0,7.0,2007,Broker,Street,Installments,Finished,Unfurnished,No,No,6.1,Brown,2780000.0
EG-11249,Cairo,Nasr City,140.0,3.0,2.0,5.0,2025,Broker,Street,Cash,Finished,Unfurnished,No,Yes,7.13,Off-White,3683000.0
EG-11250,Cairo,6th of October,117.0,2.0,1.0,1.0,2026,Broker,Street,Installments,Finished,Unfurnished,Yes,Yes,10.78,Beige,3001000.0
EG-11251,Cairo,New Cairo,160.0,3.0,3.0,3.0,2028,Broker,Pool,Installments,Finished,Unfurnished,Yes,No,13.16,Grey,13637000.0
EG-11252,Cairo,6th of October,130.0,3.0,2.0,1.0,2025,Broker,Street,Cash,Finished,Furnished,Yes,No,4.16,Grey,4173000.0
EG-11253,Cairo,Sheikh Zayed,200.0,3.0,3.0,2.0,2022,Developer,Garden,Installments,Unfinished,Furnished,Yes,No,5.2,Brown,11862000.0
EG-11254,Cairo,Maadi,190.0,3.0,3.0,2.0,2026,Broker,Garden,Installments,Unfinished,Furnished,No,Yes,13.97,White,6200000.0
EG-11255,Cairo,Al-Haram,164.0,3.0,3.0,3.0,2025,Broker,Other,Installments,Unfinished,Unfurnished,Yes,No,8.72,White,4635000.0
EG-11256,Cairo,6th of October,155.0,3.0,3.0,1.0,2025,Broker,Street,Cash,Unfinished,Furnished,No,No,2.77,Beige,4997000.0
EG-11257,Cairo,Heliopolis,161.0,3.0,3.0,2.0,2025,Broker,Garden,Installments,Unfinished,Unfurnished,No,Yes,9.99,Off-White,4344000.0
EG-11258,Cairo,6th of October,176.0,3.0,3.0,1.0,2025,Broker,Street,Installments,Unfinished,Furnished,Yes,No,14.86,White,5490000.0
EG-11259,Cairo,Al-Haram,143.0,3.0,2.0,2.0,2029,Broker,Other,Installments,Unfinished,Unfurnished,Yes,Yes,12.37,Grey,4170000.0
EG-11260,Cairo,Ain Shams,110.0,2.0,1.0,4.0,2017,Broker,Street,Cash,Finished,Unfurnished,Yes,Yes,11.21,White,2205000.0
EG-11261,Cairo,Shubra,111.0,2.0,1.0,1.0,2027,Broker,Street,Installments,Unfinished,Furnished,Yes,Yes,3.2,Grey,3610000.0
EG-11262,Cairo,Al-Haram,175.0,3.0,,3.0,2025,Broker,Street,Cash,Finished,Unfurnished,Yes,Yes,13.15,White,3795000.0
EG-11263,Cairo,Maadi,157.0,3.0,3.0,1.0,2028,Developer,Street,Installments,Unfinished,Unfurnished,Yes,Yes,7.93,Brown,3709000.0
EG-11264,Cairo,Nasr City,190.0,3.0,3.0,,2027,Broker,Street,Installments,Unfinished,Furnished,No,Yes,13.35,Off-White,3998000.0
EG-11265,Cairo,Nasr City,55.0,1.0,1.0,2.0,2026,Broker,Street,Installments,Finished,Unfurnished,Yes,Yes,5.01,Beige,4564000.0
EG-11266,Cairo,Ain Shams,120.0,2.0,,1.0,2025,Broker,Street,Cash,Finished,Unfurnished,Yes,No,1.02,Grey,3882000.0
EG-11267,Cairo,6th of October,194.0,3.0,3.0,1.0,2026,Developer,Other,Installments,Unfinished,Unfurnished,Yes,Yes,7.19,White,4045000.0
EG-11268,Cairo,Heliopolis,185.0,3.0,3.0,4.0,2025,Broker,Garden,Cash,Unfinished,Furnished,No,No,4.12,Beige,4035000.0
EG-11269,Cairo,Al-Haram,144.0,3.0,2.0,2.0,2027,Broker,Street,Installments,Unfinished,Unfurnished,No,Yes,10.76,Grey,3814000.0
EG-11270,Cairo,Nasr City,120.0,2.0,1.0,3.0,1988,Cash or Installments,Street,Installments,Finished,Unfurnished,Yes,No,14.36,Grey,2622000.0
EG-11271,Cairo,Maadi,195.0,3.0,3.0,2.0,2026,Broker,Pool,Installments,Unfinished,Unfurnished,No,Yes,10.4,Brown,4755000.0
EG-11272,Cairo,6th of October,153.0,3.0,2.0,2.0,2028,Broker,Street,Installments,Unfinished,Unfurnished,No,No,13.32,White,3789000.0
EG-11273,Cairo,New Cairo,155.0,3.0,2.0,12.0,2025,Broker,Street,Cash,Finished,Unfurnished,No,No,6.85,Beige,7053000.0
EG-11274,Cairo,Heliopolis,235.0,3.0,3.0,11.0,2025,Broker,Street,Cash,Finished,Furnished,No,No,11.6,White,9690000.0
EG-11275,Cairo,New Cairo,210.0,3.0,1.0,9.0,2025,Broker,Garden,Cash,Finished,Furnished,No,Yes,12.66,White,9171000.0
EG-11276,Cairo,Sheikh Zayed,102.0,2.0,1.0,1.0,2026,Broker,Pool,Installments,Finished,Furnished,No,Yes,10.69,Off-White,7857000.0
EG-11277,Cairo,Al-Haram,68.0,1.0,1.0,1.0,2026,Broker,Street,Installments,Finished,Unfurnished,Yes,Yes,7.67,Grey,5465000.0
EG-11278,Cairo,Shubra,130.0,2.0,2.0,1.0,2025,Broker,Street,Installments,Unfinished,Furnished,Yes,Yes,9.43,Grey,3449000.0
EG-11279,Cairo,Heliopolis,180.0,3.0,2.0,1.0,2017,Broker,Garden,Cash,Finished,Unfurnished,No,Yes,10.54,Off-White,6859000.0
EG-11280,Cairo,Shubra,165.0,3.0,,1.0,2025,Broker,Street,Cash,Unfinished,Furnished,Yes,No,3.87,Off-White,1226000.0
EG-11281,Cairo,Heliopolis,360.0,5.0,4.0,3.0,2025,Broker,Street,Cash,Unfinished,Unfurnished,Yes,Yes,12.16,White,9520000.0
EG-11282,Cairo,Heliopolis,170.0,3.0,2.0,12.0,2025,Broker,Garden,Cash,Finished,Unfurnished,Yes,Yes,14.26,Grey,7393000.0
EG-11283,Cairo,Maadi,170.0,3.0,2.0,2.0,2025,Broker,Street,Installments,Unfinished,Unfurnished,Yes,No,7.03,Beige,5408000.0
EG-11284,Cairo,Sheikh Zayed,280.0,3.0,3.0,2.0,2025,Broker,Garden,Cash,Finished,Unfurnished,Yes,Yes,10.55,Brown,9785000.0
EG-11285,Cairo,Heliopolis,89.0,2.0,1.0,,2026,Broker,Garden,Installments,Finished,Unfurnished,No,Yes,11.08,Off-White,8026000.0
EG-11286,Cairo,Ain Shams,66.0,2.0,1.0,1.0,2027,Broker,Other,Installments,Finished,Furnished,No,No,9.97,Beige,3267000.0
EG-11287,Cairo,Nasr City,139.0,3.0,2.0,6.0,2025,Broker,Street,Cash,Finished,Furnished,Yes,Yes,8.25,Beige,7565000.0
EG-11288,Cairo,Sheikh Zayed,97.0,2.0,1.0,1.0,2026,Broker,Pool,Installments,Finished,Furnished,No,No,13.24,White,7534000.0
EG-11289,Cairo,Maadi,165.0,3.0,3.0,2.0,2025,Broker,Lake,Cash,Unfinished,Unfurnished,Yes,Yes,6.79,Off-White,4584000.0
EG-11290,Cairo,6th of October,145.0,3.0,3.0,2.0,2028,Broker,Street,Installments,Unfinished,Unfurnished,Yes,Yes,1.01,Beige,4309000.0
EG-11291,Cairo,Nasr City,125.0,3.0,2.0,2.0,2015,Broker,Street,Cash,Finished,Furnished,No,No,12.68,Brown,2051000.0
EG-11292,Cairo,Al-Haram,,3.0,3.0,3.0,2026,Broker,Street,Installments,Unfinished,Furnished,No,No,10.14,Beige,5106000.0
EG-11293,Cairo,New Cairo,195.0,4.0,3.0,10.0,2019,Broker,Pool,Cash,Finished,Unfurnished,Yes,Yes,12.75,Brown,8534000.0
EG-11294,Cairo,Maadi,135.0,2.0,1.0,4.0,2025,Broker,Pool,Cash,Finished,Furnished,Yes,No,2.16,Brown,6383000.0
EG-11295,Cairo,Shubra,156.0,3.0,3.0,2.0,2027,Broker,Street,Installments,Unfinished,Unfurnished,Yes,Yes,0.56,Brown,3042000.0
EG-11296,Cairo,Heliopolis,210.0,3.0,3.0,2.0,2026,Broker,Street,Installments,Unfinished,Furnished,No,Yes,14.02,Off-White,7173000.0
EG-11297,Cairo,Sheikh Zayed,210.0,3.0,3.0,2.0,2025,Broker,Pool,Cash,Finished,Unfurnished,Yes,No,2.3,Brown,7914000.0
EG-11298,Cairo,Maadi,192.0,3.0,2.0,1.0,2019,Broker,Street,Cash,Unfinished,Unfurnished,Yes,Yes,12.16,Off-White,6188000.0
EG-11299,Cairo,Heliopolis,187.0,3.0,3.0,2.0,2029,Broker,Garden,Installments,Finished,Unfurnished,No,No,12.37,Beige,13020000.0
EG-11300,Cairo,Maadi,325.0,4.0,3.0,1.0,2019,Broker,Garden,Cash,Finished,Furnished,No,No,10.66,Brown,5108000.0
EG-11301,Cairo,Maadi,161.0,3.0,1.0,13.0,2027,Broker,Street,Installments,Finished,Furnished,No,No,2.06,Grey,6001000.0
EG-11302,Cairo,Maadi,122.0,3.0,1.0,1.0,2026,Broker,Lake,Installments,Finished,Unfurnished,No,Yes,10.04,Beige,8543000.0
EG-11303,Cairo,New Cairo,135.0,2.0,3.0,1.0,2028,Broker,Garden,Installments,Finished,Unfurnished,Yes,No,13.35,Grey,7904000.0
EG-11304,Cairo,Sheikh Zayed,200.0,3.0,3.0,10.0,2019,Broker,Garden,Cash,Finished,Unfurnished,No,No,6.44,Grey,7528000.0
EG-11305,Cairo,6th of October,96.0,3.0,1.0,2.0,2007,Broker,Street,Cash,Finished,Unfurnished,Yes,Yes,6.26,White,2564000.0
EG-11306,Cairo,New Cairo,155.0,3.0,2.0,2.0,2025,Broker,Street,Cash,Finished,Furnished,No,Yes,6.7,Off-White,10828000.0
EG-11307,Cairo,Al-Haram,120.0,2.0,1.0,3.0,2025,Broker,Other,Cash,Unfinished,Unfurnished,Yes,No,1.33,White,2329000.0
EG-11308,Cairo,Al-Haram,207.0,4.0,4.0,1.0,2029,Broker,Street,Installments,Unfinished,Unfurnished,No,Yes,13.39,Off-White,5922000.0
EG-11309,Cairo,Maadi,300.0,3.0,2.0,13.0,2019,Broker,Lake,Cash,Finished,Unfurnished,Yes,Yes,13.05,White,8176000.0
EG-11310,Cairo,Sheikh Zayed,220.0,3.0,3.0,1.0,2020,Broker,Pool,Cash,Finished,Unfurnished,Yes,Yes,14.97,Beige,8589000.0
EG-11311,Cairo,Sheikh Zayed,155.0,3.0,3.0,1.0,2015,Broker,Pool,Cash,Finished,Furnished,Yes,Yes,8.82,Grey,8422000.0
EG-11312,Cairo,Maadi,421.0,3.0,2.0,2.0,2023,Broker,Pool,Cash,Finished,Unfurnished,No,Yes,11.29,Beige,9708000.0
EG-11313,Cairo,Maadi,180.0,3.0,3.0,3.0,2025,Broker,Garden,Cash,Finished,Unfurnished,Yes,Yes,3.12,Off-White,15221000.0
EG-11314,Cairo,Sheikh Zayed,250.0,3.0,3.0,4.0,2025,Broker,Garden,Cash,Finished,Furnished,Yes,Yes,10.05,Grey,10603000.0
EG-11315,Cairo,Nasr City,132.0,3.0,3.0,2.0,2025,Broker,Street,Installments,Finished,Furnished,Yes,No,9.78,Grey,4585000.0
EG-11316,Cairo,Heliopolis,185.0,3.0,2.0,4.0,2025,Broker,Street,Cash,Finished,Unfurnished,Yes,Yes,13.53,Off-White,6410000.0
EG-11317,Cairo,Shubra,155.0,3.0,2.0,2.0,2022,Broker,Street,Cash,Unfinished,Furnished,Yes,Yes,12.48,Beige,2526000.0
EG-11318,Cairo,Maadi,265.0,3.0,3.0,5.0,2019,Broker,Street,Cash,Finished,Unfurnished,Yes,No,14.08,Grey,19910000.0
EG-11319,Cairo,6th of October,64.0,1.0,1.0,1.0,2026,Broker,Street,Installments,Finished,Furnished,Yes,No,13.05,Beige,3553000.0
EG-11320,Cairo,Nasr City,180.0,3.0,2.0,7.0,2013,Broker,Street,Cash,Finished,Unfurnished,Yes,Yes,13.04,Beige,3026000.0
EG-11321,Cairo,6th of October,64.0,1.0,1.0,1.0,2026,Broker,Other,Installments,Finished,Unfurnished,No,Yes,1.05,Beige,2743000.0
EG-11322,Cairo,Nasr City,158.0,3.0,3.0,3.0,2020,Broker,Street,Cash,Finished,Furnished,No,Yes,12.7,Grey,3934000.0
EG-11323,Cairo,Al-Haram,64.0,1.0,1.0,1.0,2026,Broker,Street,Installments,Finished,Unfurnished,No,Yes,9.15,Brown,2992000.0
EG-11324,Cairo,Al-Haram,64.0,1.0,1.0,1.0,2026,Broker,Street,Installments,Finished,Unfurnished,Yes,No,5.77,White,3348000.0
EG-11325,Cairo,6th of October,115.0,2.0,2.0,2.0,2027,Broker,Street,Installments,Unfinished,Furnished,No,Yes,0.94,Off-White,5739000.0
EG-11326,Cairo,Heliopolis,346.0,,3.0,10.0,2019,Broker,Garden,Cash,Unfinished,Furnished,Yes,Yes,10.2,Beige,12691000.0
EG-11327,Cairo,Shubra,125.0,3.0,2.0,2.0,2027,Broker,Street,Installments,Unfinished,Unfurnished,Yes,Yes,4.99,Grey,2438000.0
EG-11328,Cairo,Shubra,64.0,1.0,1.0,1.0,2026,Broker,Street,Installments,Finished,Unfurnished,Yes,Yes,7.07,Off-White,3083000.0
EG-11329,Cairo,Nasr City,139.0,3.0,3.0,2.0,2025,Broker,Street,Cash,Unfinished,Unfurnished,Yes,Yes,10.26,Brown,4189000.0
EG-11330,Cairo,Nasr City,85.0,2.0,1.0,1.0,2013,Broker,Street,Cash,Finished,Unfurnished,Yes,No,13.69,Brown,3982000.0
EG-11331,Cairo,Maadi,164.0,3.0,3.0,10.0,2026,Broker,Street,Installments,Finished,Furnished,No,No,12.4,Grey,16002000.0
EG-11332,Cairo,New Cairo,176.0,2.0,2.0,4.0,2019,Broker,Pool,Cash,Finished,Unfurnished,Yes,Yes,6.81,Beige,8969000.0
EG-11333,Cairo,New Cairo,260.0,3.0,3.0,5.0,2021,Broker,Pool,Cash,Unfinished,Unfurnished,No,Yes,5.88,Brown,11460000.0
EG-11334,Cairo,Ain Shams,64.0,1.0,1.0,1.0,2026,Broker,Street,Installments,Finished,Unfurnished,No,Yes,3.67,Brown,2992000.0
EG-11335,Cairo,Sheikh Zayed,260.0,3.0,3.0,6.0,2025,Broker,Pool,Cash,Finished,Unfurnished,Yes,No,5.65,Brown,9391000.0
EG-11336,Cairo,Sheikh Zayed,205.0,3.0,,1.0,2025,Broker,Garden,Cash,Finished,Unfurnished,Yes,Yes,1.75,Grey,8154000.0
EG-11337,Cairo,Al-Haram,81.0,2.0,1.0,1.0,2026,Broker,Other,Installments,Finished,Unfurnished,Yes,No,14.57,Off-White,3676000.0
EG-11338,Cairo,Nasr City,64.0,1.0,1.0,1.0,2026,Broker,Street,Installments,Finished,Unfurnished,Yes,Yes,8.65,White,3083000.0
EG-11339,Cairo,Nasr City,76.0,2.0,1.0,,2026,Broker,Street,Installments,Finished,Unfurnished,Yes,Yes,2.0,Grey,3497000.0
EG-11340,Cairo,6th of October,176.0,3.0,3.0,1.0,2025,Broker,Street,Cash,Unfinished,Unfurnished,Yes,Yes,5.36,Beige,5465000.0
EG-11341,Cairo,Nasr City,76.0,2.0,1.0,1.0,2026,Broker,Street,Installments,Finished,Unfurnished,Yes,Yes,8.25,Grey,3497000.0
EG-11342,Cairo,Ain Shams,64.0,,1.0,,2026,Broker,Street,Installments,Finished,Unfurnished,Yes,No,8.04,Grey,2992000.0
EG-11343,Cairo,Sheikh Zayed,105.0,2.0,1.0,1.0,2026,Broker,Pool,Installments,Finished,Furnished,Yes,Yes,0.63,White,7964000.0
EG-11344,Cairo,Shubra,64.0,1.0,1.0,3.0,2026,Broker,Street,Installments,Finished,Unfurnished,No,No,14.27,White,2904000.0
EG-11345,Cairo,6th of October,103.0,2.0,1.0,2.0,2025,Broker,Street,Cash,Finished,Unfurnished,No,Yes,4.2,White,3574000.0
EG-11346,Cairo,Ain Shams,187.0,3.0,3.0,6.0,2025,Broker,Other,Cash,Unfinished,Unfurnished,Yes,Yes,0.34,Off-White,3054000.0
EG-11347,Cairo,Nasr City,205.0,4.0,3.0,2.0,2027,Broker,Other,Installments,Unfinished,Furnished,Yes,Yes,1.24,Grey,4024000.0
EG-11348,Cairo,Shubra,120.0,2.0,2.0,,2025,Broker,Street,Cash,Unfinished,Furnished,Yes,Yes,8.74,Beige,2273000.0
EG-11349,Cairo,Ain Shams,64.0,1.0,1.0,1.0,2026,Broker,Street,Installments,Finished,Furnished,Yes,No,2.15,White,3034000.0
EG-11350,Cairo,Maadi,230.0,4.0,2.0,3.0,2025,Broker,Pool,Cash,Finished,Furnished,Yes,Yes,0.72,White,8884000.0
EG-11351,Cairo,Shubra,170.0,3.0,3.0,1.0,2028,Broker,Street,Installments,Unfinished,Furnished,Yes,Yes,5.76,Grey,3449000.0
EG-11352,Cairo,Ain Shams,59.0,1.0,1.0,1.0,2027,Broker,Street,Installments,Finished,Unfurnished,Yes,Yes,9.38,Beige,3246000.0
EG-11353,Cairo,Shubra,180.0,3.0,2.0,1.0,2025,Broker,Other,Cash,Unfinished,Unfurnished,No,Yes,1.77,White,2541000.0
EG-11354,Cairo,Sheikh Zayed,387.0,3.0,3.0,10.0,2028,Broker,Street,Installments,Finished,Unfurnished,No,No,4.77,Grey,15776000.0
EG-11355,Cairo,Ain Shams,177.0,3.0,2.0,1.0,2027,Broker,Street,Installments,Unfinished,Furnished,No,No,6.32,Brown,2692000.0
EG-11356,Cairo,Al-Haram,155.0,3.0,3.0,1.0,2025,Broker,Street,Cash,Unfinished,Unfurnished,Yes,Yes,2.48,Off-White,4998000.0
EG-11357,Cairo,Al-Haram,120.0,2.0,1.0,0.0,2019,Broker,Street,Cash,Finished,Unfurnished,No,No,7.64,Grey,4348000.0
EG-11358,Cairo,New Cairo,140.0,3.0,3.0,1.0,2029,Broker,Pool,Installments,Unfinished,Furnished,Yes,No,1.37,White,8288000.0
EG-11359,Cairo,New Cairo,170.0,3.0,3.0,18.0,1990,Broker,Garden,Cash,Finished,Unfurnished,No,Yes,0.79,Beige,7914000.0
EG-11360,Cairo,6th of October,86.0,2.0,1.0,1.0,2008,Broker,Street,Cash,Finished,Unfurnished,No,Yes,7.85,Brown,1941000.0
EG-11361,Cairo,Shubra,64.0,1.0,1.0,1.0,2026,Broker,Street,Installments,Finished,Unfurnished,No,Yes,3.79,Beige,2858000.0
EG-11362,Cairo,Al-Haram,76.0,2.0,1.0,1.0,2026,Broker,Street,Installments,Finished,Unfurnished,No,Yes,1.52,Beige,3394000.0
EG-11363,Cairo,6th of October,106.0,3.0,1.0,2.0,2027,Broker,Street,Installments,Finished,Furnished,Yes,Yes,6.42,Beige,6302000.0
EG-11364,Cairo,Al-Haram,58.0,1.0,1.0,1.0,2028,Broker,Street,Installments,Finished,Unfurnished,Yes,Yes,13.74,Grey,2739000.0
EG-11365,Cairo,Ain Shams,150.0,3.0,2.0,11.0,2013,Broker,Street,Cash,Finished,Furnished,No,Yes,10.89,Grey,3697000.0
EG-11366,Cairo,Maadi,73.0,,1.0,1.0,2028,Broker,Garden,Installments,Finished,Unfurnished,No,No,12.25,Off-White,4227000.0
EG-11367,Cairo,Ain Shams,63.0,1.0,1.0,2.0,2027,Broker,Other,Installments,Finished,Unfurnished,No,Yes,13.09,Brown,3139000.0
EG-11368,Cairo,Nasr City,59.0,1.0,1.0,2.0,2027,Broker,Street,Installments,Finished,Furnished,Yes,No,14.59,Beige,3344000.0
EG-11369,Cairo,Nasr City,102.0,2.0,1.0,2.0,2027,Broker,Other,Installments,Finished,Furnished,Yes,No,11.47,White,4527000.0
EG-11370,Cairo,Shubra,63.0,1.0,1.0,2.0,2027,Broker,Other,Installments,Finished,Furnished,Yes,No,9.17,Beige,3331000.0
EG-11371,Cairo,Al-Haram,64.0,1.0,1.0,1.0,2026,Broker,Street,Installments,Finished,Furnished,No,Yes,5.54,Brown,3176000.0
EG-11372,Cairo,Shubra,91.0,2.0,2.0,2.0,2011,Broker,Street,Cash,Finished,Furnished,Yes,Yes,2.81,Beige,4027000.0
EG-11373,Cairo,Shubra,57.0,1.0,1.0,1.0,2028,Broker,Other,Installments,Finished,Unfurnished,No,Yes,10.33,Grey,2587000.0
EG-11374,Cairo,Madinaty,200.0,3.0,2.0,3.0,2025,Broker,Garden,Cash,Finished,Unfurnished,No,No,14.92,Grey,8910000.0
EG-11375,Cairo,Shubra,63.0,1.0,1.0,1.0,2026,Broker,Street,Installments,Finished,Unfurnished,Yes,No,7.06,Brown,2948000.0
EG-11376,Cairo,Heliopolis,300.0,3.0,2.0,1.0,2025,Broker,Pool,Cash,Finished,Unfurnished,No,Yes,10.88,Off-White,4959000.0
EG-11377,Cairo,Maadi,250.0,,2.0,1.0,2025,Broker,Lake,Cash,Finished,Unfurnished,No,Yes,7.48,Beige,30325000.0
EG-11378,Cairo,Ain Shams,61.0,1.0,1.0,2.0,2027,Broker,Other,Installments,Finished,Unfurnished,Yes,No,6.54,Brown,3040000.0
EG-11379,Cairo,Shubra,64.0,1.0,1.0,1.0,2026,Broker,Other,Installments,Finished,Furnished,Yes,No,6.21,White,2910000.0
EG-11380,Cairo,Al-Haram,58.0,1.0,1.0,1.0,2028,Broker,Other,Installments,Finished,Unfurnished,No,No,7.62,White,2254000.0
EG-11381,Cairo,New Cairo,172.0,4.0,4.0,3.0,2027,Broker,Garden,Installments,Finished,Furnished,Yes,No,5.57,Off-White,15695000.0
EG-11382,Cairo,Shubra,58.0,1.0,1.0,,2028,Broker,Street,Installments,Finished,Furnished,Yes,Yes,11.26,Grey,2974000.0
EG-11383,Cairo,Al-Haram,73.0,1.0,1.0,1.0,2028,Broker,Street,Installments,Finished,Unfurnished,No,No,13.13,Brown,3331000.0
EG-11384,Cairo,Shubra,73.0,1.0,1.0,1.0,2028,Broker,Street,Installments,Finished,Unfurnished,Yes,No,13.25,Beige,3190000.0
EG-11385,Cairo,Shubra,,1.0,1.0,1.0,2027,Broker,Street,Installments,Finished,Unfurnished,Yes,No,3.49,Brown,3093000.0
EG-11386,Cairo,6th of October,152.0,3.0,2.0,4.0,2025,Broker,Street,Cash,Finished,Unfurnished,Yes,Yes,13.45,Off-White,6462000.0
EG-11387,Cairo,Madinaty,192.0,3.0,3.0,1.0,2010,Broker,Pool,Cash,Finished,Furnished,Yes,No,5.19,Brown,13438000.0
EG-11388,Cairo,6th of October,91.0,3.0,1.0,,2027,Broker,Street,Installments,Finished,Unfurnished,Yes,No,4.71,Off-White,4860000.0
EG-11389,Cairo,Maadi,240.0,,3.0,1.0,2023,Broker,Garden,Cash,Finished,Furnished,No,Yes,10.93,Off-White,12318000.0
EG-11390,Cairo,Nasr City,63.0,1.0,1.0,1.0,2027,Broker,Street,Installments,Finished,Furnished,Yes,Yes,4.64,Off-White,3679000.0
EG-11391,Cairo,Sheikh Zayed,165.0,3.0,3.0,5.0,2029,Broker,Garden,Installments,Finished,Furnished,No,No,0.89,Brown,8571000.0
EG-11392,Cairo,Shubra,73.0,1.0,1.0,1.0,2028,Broker,Street,Installments,Finished,Unfurnished,Yes,No,5.67,White,3260000.0
EG-11393,Cairo,Shubra,68.0,1.0,1.0,1.0,2028,Broker,Street,Installments,Finished,Unfurnished,No,Yes,10.85,Beige,3304000.0
EG-11394,Cairo,Maadi,250.0,4.0,2.0,1.0,2026,Developer,Street,Installments,Unfinished,Unfurnished,Yes,No,4.97,Off-White,4056000.0
EG-11395,Cairo,Al-Haram,106.0,3.0,1.0,1.0,2027,Broker,Other,Installments,Finished,Unfurnished,Yes,Yes,9.48,Grey,5345000.0
EG-11396,Cairo,Ain Shams,59.0,1.0,1.0,1.0,2027,Broker,Other,Installments,Finished,Unfurnished,No,No,9.94,Off-White,2752000.0
EG-11397,Cairo,Shubra,,1.0,1.0,1.0,2028,Broker,Street,Installments,Finished,Unfurnished,No,No,11.03,Brown,2700000.0
EG-11398,Cairo,Nasr City,98.0,2.0,1.0,1.0,2026,Broker,Street,Installments,Finished,Unfurnished,Yes,Yes,13.47,Off-White,4510000.0
EG-11399,Cairo,Nasr City,,2.0,2.0,1.0,2020,Broker,Street,Cash,Finished,Unfurnished,Yes,No,6.55,Grey,5973000.0
EG-11400,Cairo,6th of October,170.0,3.0,3.0,1.0,2028,Broker,Street,Installments,Unfinished,Unfurnished,Yes,Yes,2.58,White,3686000.0
EG-11401,Cairo,Madinaty,108.0,2.0,2.0,1.0,2025,Broker,Garden,Installments,Unfinished,Unfurnished,Yes,No,4.85,Brown,8765000.0
EG-11402,Cairo,6th of October,156.0,3.0,2.0,2.0,2028,Broker,Other,Installments,Unfinished,Unfurnished,Yes,Yes,6.54,Brown,5546000.0
EG-11403,Cairo,Heliopolis,130.0,2.0,2.0,12.0,2020,Broker,Pool,Cash,Finished,Unfurnished,Yes,Yes,10.74,Brown,6849000.0
EG-11404,Cairo,Heliopolis,102.0,2.0,1.0,1.0,2027,Broker,Street,Installments,Finished,Unfurnished,No,No,0.3,Grey,4422000.0
EG-11405,Cairo,Maadi,170.0,3.0,3.0,1.0,2028,Broker,Pool,Installments,Unfinished,Unfurnished,No,No,4.81,Brown,3700000.0
EG-11406,Cairo,Al-Haram,75.0,2.0,1.0,1.0,2026,Broker,Street,Installments,Finished,Unfurnished,Yes,Yes,11.72,White,3451000.0
EG-11407,Cairo,Maadi,,3.0,2.0,3.0,2020,Broker,Garden,Cash,Unfinished,Unfurnished,No,Yes,10.1,Beige,5583000.0
EG-11408,Cairo,Nasr City,63.0,1.0,1.0,1.0,2027,Broker,Street,Installments,Finished,Furnished,Yes,Yes,11.0,Beige,3679000.0
EG-11409,Cairo,Ain Shams,63.0,1.0,1.0,1.0,2027,Broker,Street,Installments,Finished,Furnished,Yes,No,12.2,Off-White,3570000.0
EG-11410,Cairo,6th of October,91.0,3.0,1.0,1.0,2027,Broker,Street,Installments,Finished,Unfurnished,No,Yes,11.77,Beige,4860000.0
EG-11411,Cairo,Nasr City,68.0,1.0,1.0,1.0,2028,Broker,Street,Installments,Finished,Furnished,Yes,Yes,10.26,Grey,3694000.0
EG-11412,Cairo,Maadi,90.0,2.0,1.0,1.0,2026,Broker,Lake,Installments,Finished,Unfurnished,Yes,No,6.65,Beige,4301000.0
EG-11413,Cairo,Nasr City,68.0,1.0,1.0,2.0,2026,Broker,Street,Installments,Finished,Unfurnished,Yes,No,14.76,Grey,5476000.0
EG-11414,Cairo,Heliopolis,156.0,3.0,2.0,2.0,2028,Broker,Pool,Installments,Unfinished,Furnished,Yes,Yes,8.58,Grey,6807000.0
EG-11415,Cairo,6th of October,130.0,2.0,2.0,12.0,2020,Broker,Street,Cash,Finished,Furnished,Yes,No,3.12,Off-White,6655000.0
EG-11416,Cairo,Maadi,64.0,1.0,1.0,2.0,2026,Broker,Garden,Installments,Finished,Unfurnished,No,No,4.46,Beige,5302000.0
EG-11417,Cairo,6th of October,145.0,3.0,2.0,5.0,2025,Broker,Street,Cash,Finished,Unfurnished,Yes,Yes,10.43,Off-White,4615000.0
EG-11418,Cairo,Heliopolis,185.0,3.0,3.0,6.0,2025,Broker,Pool,Cash,Unfinished,Furnished,Yes,No,13.88,Brown,4989000.0
EG-11419,Cairo,Heliopolis,100.0,2.0,1.0,3.0,2025,Broker,Garden,Cash,Finished,Unfurnished,Yes,No,2.76,White,4590000.0
EG-11420,Cairo,Al-Haram,180.0,3.0,2.0,4.0,2015,Broker,Other,Cash,Finished,Unfurnished,No,Yes,1.33,Beige,4562000.0
EG-11421,Cairo,Al-Haram,96.0,3.0,1.0,5.0,2025,Broker,Street,Cash,Finished,Furnished,Yes,Yes,13.23,Brown,2177000.0
EG-11422,Cairo,Ain Shams,170.0,3.0,,1.0,2028,Broker,Street,Installments,Unfinished,Unfurnished,Yes,No,13.74,Brown,3443000.0
EG-11423,Cairo,New Cairo,137.0,2.0,3.0,3.0,2028,Broker,Garden,Installments,Finished,Furnished,No,Yes,4.22,Off-White,21839000.0
EG-11424,Cairo,Heliopolis,200.0,3.0,2.0,4.0,1989,Cash or Installments,Garden,Installments,Finished,Unfurnished,Yes,Yes,5.72,Off-White,4560000.0
EG-11425,Cairo,Maadi,250.0,4.0,4.0,1.0,1990,Broker,Garden,Cash,Finished,Unfurnished,Yes,Yes,9.94,White,9785000.0
EG-11426,Cairo,Al-Haram,55.0,1.0,1.0,2.0,2026,Broker,Street,Installments,Finished,Unfurnished,No,Yes,5.02,White,4430000.0
EG-11427,Cairo,Al-Haram,90.0,2.0,1.0,1.0,2026,Broker,Street,Installments,Finished,Unfurnished,Yes,Yes,13.17,White,4142000.0
EG-11428,Cairo,Maadi,94.0,2.0,1.0,1.0,2026,Broker,Lake,Installments,Finished,Furnished,Yes,Yes,1.7,White,8399000.0
EG-11429,Cairo,Maadi,76.0,1.0,1.0,2.0,2026,Broker,Lake,Installments,Finished,Furnished,Yes,Yes,0.67,Off-White,7564000.0
EG-11430,Cairo,Shubra,211.0,2.0,2.0,0.0,2025,Broker,Street,Cash,Unfinished,Furnished,Yes,Yes,3.21,Grey,3031000.0
EG-11431,Cairo,Shubra,178.0,3.0,2.0,1.0,2026,Broker,Street,Installments,Unfinished,Furnished,No,Yes,4.36,Off-White,3252000.0
EG-11432,Cairo,Maadi,90.0,2.0,1.0,1.0,2026,Broker,Garden,Installments,Finished,Unfurnished,Yes,No,1.78,Grey,4261000.0
EG-11433,Cairo,Sheikh Zayed,182.0,3.0,4.0,5.0,2025,Broker,Street,Cash,Unfinished,Unfurnished,Yes,No,1.08,Off-White,7854000.0
EG-11434,Cairo,Nasr City,55.0,1.0,,2.0,2026,Broker,Street,Installments,Finished,Furnished,No,Yes,11.36,Off-White,4701000.0
EG-11435,Cairo,Maadi,67.0,1.0,1.0,1.0,2026,Broker,Street,Installments,Finished,Furnished,Yes,No,2.55,White,4405000.0
EG-11436,Cairo,Maadi,106.0,2.0,2.0,2.0,2029,Broker,Lake,Installments,Unfinished,Furnished,Yes,No,13.72,Grey,5316000.0
EG-11437,Cairo,Shubra,170.0,3.0,3.0,1.0,2028,Broker,Street,Installments,Unfinished,Unfurnished,Yes,No,5.58,Brown,3452000.0
EG-11438,Cairo,Maadi,145.0,3.0,,4.0,2025,Broker,Pool,Cash,Unfinished,Unfurnished,No,Yes,10.09,Brown,5632000.0
EG-11439,Cairo,Maadi,111.0,2.0,2.0,2.0,2029,Broker,Garden,Installments,Finished,Unfurnished,No,Yes,3.46,Brown,5689000.0
EG-11440,Cairo,Shubra,151.0,3.0,2.0,1.0,2025,Broker,Other,Cash,Unfinished,Furnished,Yes,No,3.68,White,3505000.0
EG-11441,Cairo,Nasr City,76.0,2.0,1.0,1.0,2025,Broker,Street,Installments,Finished,Unfurnished,No,Yes,8.66,Brown,3911000.0
EG-11442,Cairo,Heliopolis,160.0,3.0,2.0,16.0,2015,Broker,Pool,Cash,Finished,Furnished,Yes,No,8.45,Off-White,8399000.0
EG-11443,Cairo,Sheikh Zayed,229.0,3.0,3.0,1.0,2025,Broker,Street,Cash,Finished,Unfurnished,Yes,Yes,11.55,White,10769000.0
EG-11444,Cairo,Al-Haram,85.0,2.0,1.0,1.0,2026,Broker,Street,Installments,Finished,Unfurnished,Yes,No,11.39,Brown,6158000.0
EG-11445,Cairo,6th of October,115.0,2.0,2.0,2.0,2028,Broker,Other,Installments,Unfinished,Unfurnished,No,Yes,10.09,White,5192000.0
EG-11446,Cairo,Maadi,150.0,3.0,1.0,,2027,Broker,Garden,Installments,Finished,Unfurnished,No,Yes,6.79,Off-White,7256000.0
EG-11447,Cairo,Al-Haram,66.0,,1.0,1.0,2027,Broker,Street,Installments,Finished,Unfurnished,No,No,13.37,White,3421000.0
EG-11448,Cairo,Heliopolis,133.0,3.0,1.0,1.0,2027,Broker,Pool,Installments,Finished,Furnished,No,Yes,9.38,Brown,6828000.0
EG-11449,Cairo,Ain Shams,170.0,3.0,3.0,1.0,2028,Broker,Other,Installments,Unfinished,Furnished,Yes,Yes,14.85,White,3387000.0
EG-11450,Cairo,Nasr City,61.0,1.0,1.0,1.0,2026,Broker,Street,Installments,Finished,Unfurnished,Yes,Yes,12.31,Beige,2945000.0
EG-11451,Cairo,Heliopolis,133.0,3.0,1.0,1.0,2027,Broker,Garden,Installments,Finished,Furnished,Yes,Yes,0.76,Brown,7034000.0
EG-11452,Cairo,Shubra,151.0,3.0,2.0,1.0,2025,Broker,Other,Cash,Unfinished,Furnished,Yes,Yes,4.88,Off-White,3611000.0
EG-11453,Cairo,Heliopolis,200.0,3.0,3.0,2.0,1992,Broker,Pool,Cash,Finished,Unfurnished,Yes,No,8.62,Grey,7386000.0
EG-11454,Cairo,Ain Shams,62.0,1.0,1.0,1.0,2027,Broker,Street,Installments,Finished,Unfurnished,No,No,10.85,White,3155000.0
EG-11455,Cairo,Heliopolis,99.0,2.0,1.0,1.0,2027,Broker,Pool,Installments,Finished,Unfurnished,No,No,8.3,White,4549000.0
EG-11456,Cairo,6th of October,95.0,2.0,1.0,1.0,2027,Broker,Street,Installments,Finished,Furnished,Yes,Yes,11.81,Brown,4639000.0
EG-11457,Cairo,Al-Haram,160.0,3.0,2.0,1.0,2025,Broker,Street,Cash,Finished,Furnished,No,Yes,4.31,Brown,4437000.0
EG-11458,Cairo,6th of October,81.0,1.0,1.0,1.0,2026,Broker,Street,Installments,Finished,Unfurnished,No,No,2.84,Beige,3706000.0
EG-11459,Cairo,Heliopolis,88.0,2.0,1.0,1.0,2027,Broker,Pool,Installments,Finished,Unfurnished,Yes,No,0.9,Off-White,4257000.0
EG-11460,Cairo,Heliopolis,119.0,3.0,3.0,3.0,2025,Broker,Garden,Cash,Finished,Unfurnished,Yes,No,8.64,White,7492000.0
EG-11461,Cairo,Madinaty,,3.0,2.0,12.0,2022,Developer,Pool,Cash,Finished,Unfurnished,Yes,Yes,10.36,White,9241000.0
EG-11462,Cairo,New Cairo,91.0,2.0,1.0,1.0,2026,Broker,Street,Installments,Finished,Unfurnished,Yes,No,4.96,Grey,7741000.0
EG-11463,Cairo,Al-Haram,64.0,1.0,,1.0,2027,Broker,Street,Installments,Finished,Furnished,Yes,Yes,9.24,White,3737000.0
EG-11464,Cairo,New Cairo,157.0,3.0,3.0,3.0,2027,Broker,Garden,Installments,Unfinished,Furnished,No,Yes,0.88,White,9718000.0
EG-11465,Cairo,Madinaty,211.0,3.0,3.0,5.0,2025,Broker,Garden,Cash,Finished,Furnished,Yes,No,1.58,Beige,10302000.0
EG-11466,Cairo,Heliopolis,128.0,3.0,1.0,1.0,2027,Broker,Pool,Installments,Finished,Unfurnished,No,Yes,10.56,Grey,6192000.0
EG-11467,Cairo,Maadi,116.0,3.0,1.0,1.0,2027,Broker,Street,Installments,Finished,Furnished,Yes,Yes,5.58,White,5788000.0
EG-11468,Cairo,Maadi,91.0,2.0,1.0,1.0,2026,Broker,Garden,Installments,Finished,Unfurnished,Yes,No,10.1,White,8206000.0
EG-11469,Cairo,Ain Shams,170.0,3.0,,1.0,2028,Broker,Street,Installments,Unfinished,Unfurnished,No,No,12.49,Off-White,2799000.0
EG-11470,Cairo,Maadi,120.0,2.0,2.0,2.0,2029,Broker,Garden,Installments,Finished,Furnished,Yes,No,12.8,White,8782000.0
EG-11471,Cairo,Sheikh Zayed,240.0,3.0,3.0,2.0,2020,Broker,Garden,Cash,Finished,Unfurnished,No,Yes,2.67,Beige,20576000.0
EG-11472,Cairo,Ain Shams,75.0,2.0,1.0,1.0,2026,Broker,Street,Installments,Finished,Unfurnished,Yes,Yes,7.35,White,3301000.0
EG-11473,Cairo,Madinaty,225.0,3.0,3.0,1.0,2019,Broker,Garden,Cash,Finished,Unfurnished,No,Yes,11.04,White,9128000.0
EG-11474,Cairo,Shubra,126.0,3.0,1.0,4.0,1990,Cash or Installments,Street,Installments,Finished,Unfurnished,Yes,No,11.63,Brown,2622000.0
EG-11475,Cairo,Heliopolis,81.0,1.0,1.0,1.0,2026,Broker,Garden,Installments,Finished,Furnished,Yes,Yes,11.79,White,4426000.0
EG-11476,Cairo,6th of October,98.0,2.0,1.0,1.0,2026,Broker,Other,Installments,Finished,Unfurnished,No,Yes,3.5,Grey,3837000.0
EG-11477,Cairo,Shubra,170.0,3.0,3.0,1.0,2028,Broker,Other,Installments,Unfinished,Furnished,No,Yes,2.97,Brown,3156000.0
EG-11478,Cairo,Al-Haram,119.0,2.0,2.0,2.0,2027,Broker,Street,Installments,Unfinished,Unfurnished,Yes,Yes,8.89,Grey,5310000.0
EG-11479,Cairo,Al-Haram,116.0,3.0,1.0,1.0,2027,Broker,Street,Installments,Finished,Unfurnished,No,No,11.14,Grey,5903000.0
EG-11480,Cairo,New Cairo,170.0,3.0,2.0,0.0,2018,Broker,Garden,Installments,Finished,Unfurnished,No,Yes,4.86,Beige,7907000.0
EG-11481,Cairo,Shubra,76.0,2.0,1.0,1.0,2026,Broker,Street,Installments,Finished,Furnished,Yes,No,1.66,White,3446000.0
EG-11482,Cairo,New Cairo,320.0,4.0,3.0,7.0,2025,Broker,Pool,Cash,Finished,Unfurnished,Yes,Yes,10.78,Grey,35215000.0
EG-11483,Cairo,Nasr City,84.0,2.0,1.0,1.0,2027,Broker,Street,Installments,Finished,Unfurnished,Yes,Yes,4.57,White,4538000.0
EG-11484,Cairo,Maadi,250.0,5.0,2.0,2.0,2019,Broker,Lake,Cash,Finished,Unfurnished,Yes,No,2.58,White,9054000.0
EG-11485,Cairo,Shubra,38.0,1.0,1.0,1.0,2027,Broker,Street,Installments,Finished,Furnished,Yes,No,2.3,Beige,2154000.0
EG-11486,Cairo,Ain Shams,159.0,3.0,3.0,2.0,2028,Broker,Street,Cash,Unfinished,Unfurnished,No,No,4.79,Beige,3237000.0
EG-11487,Cairo,Al-Haram,115.0,3.0,1.0,0.0,2020,Broker,Street,Installments,Finished,Furnished,No,No,8.93,Grey,2400000.0
EG-11488,Cairo,Al-Haram,70.0,2.0,1.0,,2020,Broker,Street,Cash,Finished,Furnished,Yes,Yes,5.44,Grey,2340000.0
EG-11489,Cairo,Nasr City,130.0,2.0,1.0,3.0,2019,Broker,Street,Cash,Finished,Furnished,Yes,Yes,0.41,Brown,3537000.0
EG-11490,Cairo,Shubra,55.0,1.0,1.0,1.0,2027,Broker,Street,Installments,Finished,Furnished,No,Yes,1.54,White,3060000.0
EG-11491,Cairo,Ain Shams,55.0,1.0,1.0,1.0,2027,Broker,Street,Installments,Finished,Unfurnished,Yes,No,4.43,White,2884000.0
EG-11492,Cairo,Ain Shams,55.0,1.0,1.0,1.0,2027,Broker,Other,Installments,Finished,Unfurnished,Yes,Yes,9.93,Beige,2723000.0
EG-11493,Cairo,Al-Haram,50.0,,1.0,1.0,2028,Broker,Other,Installments,Unfinished,Unfurnished,No,Yes,1.57,Beige,2858000.0
EG-11494,Cairo,Maadi,93.0,2.0,1.0,1.0,2025,Broker,Street,Installments,Finished,Furnished,No,No,8.45,Grey,6638000.0
EG-11495,Cairo,Nasr City,55.0,1.0,1.0,1.0,2027,Broker,Street,Installments,Finished,Furnished,No,Yes,1.89,Brown,3060000.0
EG-11496,Cairo,6th of October,133.0,3.0,2.0,7.0,2025,Broker,Street,Cash,Finished,Furnished,No,Yes,3.25,Brown,6867000.0
EG-11497,Cairo,Al-Haram,165.0,3.0,3.0,6.0,2025,Broker,Other,Cash,Unfinished,Furnished,No,Yes,2.67,Beige,5392000.0
EG-11498,Cairo,6th of October,225.0,4.0,3.0,3.0,2016,Broker,Street,Cash,Finished,Unfurnished,Yes,No,1.1,Beige,5973000.0
EG-11499,Cairo,Ain Shams,76.0,,1.0,1.0,2026,Broker,Street,Installments,Finished,Unfurnished,Yes,No,10.1,Brown,3247000.0
EG-11500,Cairo,Shubra,120.0,3.0,1.0,13.0,2011,Broker,Other,Cash,Finished,Unfurnished,No,Yes,7.0,Brown,2107000.0
EG-11501,Cairo,Al-Haram,165.0,3.0,3.0,5.0,2025,Broker,Street,Cash,Unfinished,Unfurnished,Yes,Yes,12.48,Grey,1190000.0
EG-11502,Cairo,New Cairo,200.0,3.0,3.0,2.0,2023,Broker,Garden,Cash,Unfinished,Furnished,Yes,Yes,1.57,Brown,12530000.0
EG-11503,Cairo,6th of October,69.0,2.0,1.0,1.0,2026,Broker,Street,Installments,Finished,Furnished,Yes,Yes,2.26,White,3736000.0
EG-11504,Cairo,Al-Haram,165.0,3.0,3.0,6.0,2025,Broker,Street,Installments,Unfinished,Unfurnished,Yes,Yes,4.67,Brown,1161000.0
EG-11505,Cairo,Heliopolis,158.0,3.0,3.0,2.0,2028,Broker,Garden,Installments,Unfinished,Unfurnished,Yes,Yes,11.51,Off-White,4977000.0
EG-11506,Cairo,New Cairo,201.0,3.0,3.0,9.0,2019,Broker,Pool,Cash,Finished,Unfurnished,Yes,No,4.66,Brown,7703000.0
EG-11507,Cairo,Maadi,350.0,5.0,5.0,1.0,2019,Broker,Street,Cash,Finished,Furnished,Yes,Yes,6.19,Beige,13823000.0
EG-11508,Cairo,New Cairo,145.0,3.0,2.0,9.0,2025,Broker,Garden,Cash,Finished,Furnished,No,No,4.59,Beige,7608000.0
EG-11509,Cairo,Ain Shams,76.0,2.0,1.0,1.0,2026,Broker,Other,Installments,Finished,Furnished,No,Yes,1.3,Off-White,3158000.0
EG-11510,Cairo,Nasr City,165.0,3.0,3.0,1.0,2025,Broker,Street,Installments,Unfinished,Unfurnished,No,Yes,14.1,White,1127000.0
EG-11511,Cairo,Ain Shams,130.0,,3.0,1.0,2025,Broker,Street,Cash,Unfinished,Furnished,Yes,Yes,8.27,Brown,3334000.0
EG-11512,Cairo,New Cairo,240.0,3.0,3.0,1.0,2020,Broker,Pool,Cash,Finished,Unfurnished,Yes,No,11.84,Brown,20049000.0
EG-11513,Cairo,Nasr City,64.0,1.0,1.0,1.0,2026,Broker,Other,Installments,Finished,Unfurnished,Yes,No,9.91,Off-White,2506000.0
EG-11514,Cairo,Ain Shams,69.0,2.0,1.0,1.0,2026,Broker,Street,Installments,Finished,Unfurnished,No,Yes,7.76,Grey,2948000.0
EG-11515,Cairo,Ain Shams,64.0,1.0,1.0,1.0,2026,Broker,Other,Installments,Finished,Furnished,No,Yes,1.44,Grey,2659000.0
EG-11516,Cairo,Shubra,130.0,3.0,2.0,1.0,2020,Broker,Street,Cash,Finished,Unfurnished,Yes,No,9.68,White,3733000.0
EG-11517,Cairo,6th of October,58.0,1.0,1.0,3.0,2027,Broker,Other,Installments,Finished,Furnished,No,No,2.42,Brown,2977000.0
EG-11518,Cairo,Sheikh Zayed,230.0,3.0,3.0,8.0,2020,Broker,Garden,Cash,Finished,Unfurnished,Yes,No,6.27,Brown,8969000.0
EG-11519,Cairo,Al-Haram,188.0,4.0,3.0,1.0,2026,Broker,Street,Cash,Unfinished,Furnished,Yes,Yes,9.47,Brown,4445000.0
EG-11520,Cairo,Heliopolis,100.0,2.0,1.0,2.0,2014,Broker,Street,Cash,Finished,Furnished,No,No,11.76,Beige,4614000.0
EG-11521,Cairo,Shubra,52.0,,1.0,1.0,2027,Broker,Street,Installments,Finished,Furnished,Yes,Yes,10.31,Grey,2981000.0
EG-11522,Cairo,Ain Shams,52.0,1.0,1.0,1.0,2027,Broker,Street,Installments,Finished,Unfurnished,Yes,Yes,10.11,Off-White,2809000.0
EG-11523,Cairo,Shubra,135.0,3.0,1.0,1.0,2025,Broker,Street,Cash,Unfinished,Furnished,Yes,Yes,2.32,Beige,3536000.0
EG-11524,Cairo,Shubra,61.0,,1.0,1.0,2027,Broker,Street,Installments,Finished,Unfurnished,No,Yes,5.26,Beige,3198000.0
EG-11525,Cairo,Shubra,85.0,2.0,1.0,1.0,1997,Broker,Street,Cash,Finished,Furnished,No,Yes,0.74,Grey,2208000.0
EG-11526,Cairo,Nasr City,133.0,3.0,3.0,,2028,Broker,Other,Installments,Unfinished,Furnished,Yes,Yes,10.82,Brown,3604000.0
EG-11527,Cairo,New Cairo,201.0,3.0,3.0,9.0,2019,Broker,Garden,Cash,Finished,Unfurnished,No,Yes,14.29,White,7703000.0
EG-11528,Cairo,Shubra,55.0,1.0,1.0,1.0,2027,Broker,Street,Installments,Finished,Furnished,Yes,No,4.04,Off-White,3060000.0
EG-11529,Cairo,6th of October,92.0,2.0,1.0,1.0,2027,Broker,Other,Installments,Finished,Unfurnished,Yes,No,1.41,Grey,3766000.0
EG-11530,Cairo,Al-Haram,64.0,1.0,1.0,1.0,2026,Broker,Street,Installments,Finished,Unfurnished,Yes,Yes,7.19,White,3449000.0
EG-11531,Cairo,6th of October,92.0,2.0,1.0,1.0,2027,Broker,Street,Installments,Finished,Unfurnished,No,Yes,12.86,Grey,4109000.0
EG-11532,Cairo,6th of October,346.0,1.0,1.0,1.0,2026,Broker,Street,Installments,Finished,Furnished,Yes,Yes,8.32,Grey,3130000.0
EG-11533,Cairo,Shubra,61.0,1.0,1.0,1.0,2025,Broker,Street,Installments,Finished,Unfurnished,No,Yes,0.8,Grey,3198000.0
EG-11534,Cairo,6th of October,,1.0,1.0,1.0,2025,Broker,Street,Installments,Finished,Unfurnished,No,Yes,14.62,Grey,3641000.0
EG-11535,Cairo,Ain Shams,135.0,2.0,1.0,2.0,2019,Broker,Other,Cash,Finished,Unfurnished,No,Yes,12.45,Brown,2098000.0
EG-11536,Cairo,Nasr City,63.0,1.0,1.0,1.0,2025,Broker,Street,Installments,Finished,Furnished,Yes,Yes,2.06,Beige,3612000.0
EG-11537,Cairo,Maadi,165.0,3.0,2.0,4.0,2026,Broker,Garden,Cash,Finished,Unfurnished,No,No,13.83,Grey,5121000.0
EG-11538,Cairo,Al-Haram,135.0,3.0,1.0,1.0,2025,Broker,Street,Cash,Unfinished,Unfurnished,No,No,6.82,White,3139000.0
EG-11539,Cairo,Ain Shams,64.0,1.0,,1.0,2026,Broker,Street,Installments,Finished,Unfurnished,Yes,No,5.64,White,2862000.0
EG-11540,Cairo,Shubra,63.0,1.0,1.0,1.0,2026,Broker,Street,Installments,Finished,Unfurnished,Yes,Yes,6.97,White,2905000.0
EG-11541,Cairo,Shubra,75.0,1.0,1.0,1.0,2027,Broker,Street,Installments,Finished,Unfurnished,No,No,12.54,Beige,3251000.0
EG-11542,Cairo,Al-Haram,105.0,2.0,1.0,1.0,2027,Broker,Street,Installments,Finished,Furnished,Yes,Yes,9.93,Beige,4793000.0
EG-11543,Cairo,Shubra,56.0,1.0,1.0,1.0,2027,Broker,Other,Installments,Finished,Furnished,Yes,Yes,0.98,White,2943000.0
EG-11544,Cairo,6th of October,71.0,1.0,1.0,1.0,2025,Broker,Street,Installments,Finished,Furnished,No,No,14.37,Brown,3763000.0
EG-11545,Cairo,Heliopolis,120.0,2.0,3.0,2.0,2030,Broker,Pool,Installments,Unfinished,Furnished,No,No,2.3,Beige,6574000.0
EG-11546,Cairo,Ain Shams,62.0,1.0,1.0,,2025,Broker,Other,Installments,Finished,Unfurnished,Yes,No,11.21,Beige,2979000.0
EG-11547,Cairo,6th of October,165.0,3.0,2.0,1.0,2010,Broker,Street,Cash,Finished,Unfurnished,Yes,Yes,9.58,Brown,2205000.0
EG-11548,Cairo,Shubra,64.0,1.0,1.0,1.0,2026,Broker,Street,Installments,Finished,Unfurnished,No,No,2.89,Grey,2778000.0
EG-11549,Cairo,Al-Haram,220.0,3.0,3.0,1.0,2018,Broker,Street,Cash,Unfinished,Unfurnished,No,No,2.64,Beige,4484000.0
EG-11550,Cairo,Al-Haram,58.0,1.0,1.0,1.0,2025,Broker,Street,Installments,Finished,Unfurnished,No,Yes,13.07,White,2985000.0
EG-11551,Cairo,Heliopolis,250.0,3.0,2.0,1.0,2019,Broker,Garden,Cash,Finished,Furnished,No,Yes,6.35,White,31597000.0
EG-11552,Cairo,Sheikh Zayed,220.0,3.0,2.0,1.0,2024,Broker,Garden,Cash,Finished,Unfurnished,No,Yes,9.85,Brown,9497000.0
EG-11553,Cairo,Ain Shams,58.0,1.0,1.0,1.0,2025,Broker,Street,Installments,Finished,Unfurnished,No,Yes,7.61,White,2985000.0
EG-11554,Cairo,6th of October,,3.0,3.0,3.0,2025,Broker,Street,Cash,Finished,Unfurnished,Yes,No,10.94,Off-White,5376000.0
EG-11555,Cairo,Al-Haram,58.0,1.0,1.0,1.0,2025,Broker,Street,Installments,Finished,Unfurnished,Yes,Yes,7.24,White,3075000.0
EG-11556,Cairo,6th of October,80.0,1.0,1.0,1.0,2025,Broker,Street,Installments,Finished,Unfurnished,No,No,4.38,Brown,4147000.0
EG-11557,Cairo,Shubra,56.0,1.0,1.0,1.0,2025,Broker,Other,Installments,Finished,Unfurnished,Yes,No,5.51,Brown,2641000.0
EG-11558,Cairo,Nasr City,68.0,1.0,1.0,1.0,2025,Broker,Other,Installments,Finished,Unfurnished,Yes,Yes,12.9,Brown,3429000.0
EG-11559,Cairo,Heliopolis,119.0,3.0,2.0,2.0,2029,Broker,Street,Installments,Finished,Furnished,Yes,Yes,7.07,Off-White,8652000.0
EG-11560,Cairo,Nasr City,77.0,2.0,1.0,4.0,2024,Broker,Street,Cash,Finished,Furnished,No,Yes,3.28,Beige,6629000.0
EG-11561,Cairo,Heliopolis,102.0,2.0,1.0,1.0,2025,Broker,Garden,Installments,Finished,Unfurnished,No,Yes,14.03,Grey,5459000.0
EG-11562,Cairo,Sheikh Zayed,130.0,2.0,2.0,5.0,2027,Broker,Garden,Installments,Unfinished,Unfurnished,Yes,Yes,11.97,White,7457000.0
EG-11563,Cairo,Nasr City,54.0,1.0,1.0,1.0,2025,Broker,Street,Installments,Finished,Furnished,Yes,Yes,0.93,Beige,3038000.0
EG-11564,Cairo,Madinaty,171.0,3.0,3.0,2.0,2025,Broker,Garden,Cash,Finished,Unfurnished,Yes,No,14.98,Brown,7809000.0
EG-11565,Cairo,Nasr City,211.0,3.0,2.0,4.0,2025,Broker,Street,Cash,Unfinished,Unfurnished,No,No,10.45,Beige,4664000.0
EG-11566,Cairo,Shubra,61.0,1.0,1.0,1.0,2025,Broker,Street,Installments,Finished,Unfurnished,Yes,No,2.49,Beige,3198000.0
EG-11567,Cairo,Ain Shams,215.0,3.0,,3.0,2025,Broker,Street,Cash,Finished,Unfurnished,No,No,3.63,Off-White,3527000.0
EG-11568,Cairo,Al-Haram,51.0,,1.0,1.0,2025,Broker,Other,Installments,Finished,Unfurnished,Yes,No,10.42,Brown,2406000.0
EG-11569,Cairo,Maadi,155.0,3.0,,1.0,2025,Broker,Lake,Cash,Finished,Unfurnished,Yes,Yes,11.72,Brown,10426000.0
EG-11570,Cairo,Sheikh Zayed,173.0,3.0,3.0,2.0,2026,Broker,Garden,Installments,Unfinished,Furnished,Yes,Yes,3.66,White,8983000.0
EG-11571,Cairo,Maadi,230.0,2.0,2.0,1.0,2019,Broker,Lake,Cash,Finished,Unfurnished,Yes,No,3.93,White,31057000.0
EG-11572,Cairo,Madinaty,119.0,3.0,1.0,2.0,2029,Broker,Pool,Installments,Finished,Furnished,No,No,4.68,White,8375000.0
EG-11573,Cairo,Sheikh Zayed,147.0,3.0,3.0,4.0,2029,Broker,Pool,Installments,Finished,Furnished,No,Yes,9.01,White,12386000.0
EG-11574,Cairo,Nasr City,99.0,2.0,1.0,1.0,2027,Broker,Street,Installments,Finished,Unfurnished,Yes,Yes,2.66,Beige,4556000.0
EG-11575,Cairo,Nasr City,80.0,2.0,1.0,1.0,2025,Broker,Street,Installments,Finished,Unfurnished,No,Yes,1.65,Beige,3962000.0
EG-11576,Cairo,New Cairo,150.0,3.0,2.0,3.0,2010,Broker,Pool,Cash,Finished,Unfurnished,Yes,Yes,10.22,White,7882000.0
EG-11577,Cairo,Al-Haram,140.0,3.0,1.0,1.0,2027,Broker,Other,Installments,Finished,Furnished,Yes,Yes,11.71,White,6402000.0
EG-11578,Cairo,Nasr City,162.0,3.0,2.0,5.0,2008,Broker,Other,Cash,Finished,Unfurnished,No,Yes,7.56,White,4242000.0
EG-11579,Cairo,Shubra,50.0,1.0,1.0,1.0,2027,Broker,Other,Installments,Finished,Furnished,Yes,No,5.52,Grey,2550000.0
EG-11580,Cairo,Al-Haram,54.0,1.0,1.0,1.0,2025,Broker,Street,Installments,Finished,Furnished,Yes,No,6.54,White,2949000.0
EG-11581,Cairo,Maadi,133.0,3.0,1.0,1.0,2027,Broker,Lake,Installments,Finished,Unfurnished,Yes,No,5.89,Grey,6494000.0
EG-11582,Cairo,Heliopolis,133.0,,1.0,1.0,2027,Broker,Garden,Installments,Finished,Unfurnished,Yes,Yes,14.4,White,6629000.0
EG-11583,Cairo,6th of October,131.0,3.0,1.0,1.0,2027,Broker,Street,Installments,Finished,Unfurnished,Yes,Yes,11.54,Brown,6159000.0
EG-11584,Cairo,Al-Haram,,3.0,1.0,1.0,2027,Broker,Street,Installments,Finished,Unfurnished,No,Yes,3.2,Off-White,6069000.0
EG-11585,Cairo,Heliopolis,133.0,3.0,1.0,1.0,2027,Broker,Street,Installments,Finished,Unfurnished,Yes,No,5.82,Beige,6069000.0
EG-11586,Cairo,Ain Shams,58.0,1.0,1.0,1.0,2025,Broker,Street,Installments,Finished,Furnished,Yes,Yes,8.21,Brown,3263000.0
EG-11587,Cairo,Heliopolis,123.0,3.0,1.0,1.0,2029,Broker,Garden,Installments,Finished,Furnished,Yes,Yes,9.23,Off-White,9678000.0
EG-11588,Cairo,Heliopolis,,3.0,3.0,,2029,Broker,Pool,Installments,Finished,Unfurnished,Yes,Yes,7.08,Grey,9650000.0
EG-11589,Cairo,Nasr City,56.0,1.0,1.0,1.0,2025,Broker,Other,Installments,Finished,Unfurnished,No,Yes,12.17,Beige,2641000.0
EG-11590,Cairo,Al-Haram,135.0,3.0,,1.0,2025,Broker,Street,Installments,Unfinished,Unfurnished,No,Yes,11.54,Grey,2615000.0
EG-11591,Cairo,Heliopolis,140.0,3.0,,2.0,2028,Broker,Street,Installments,Finished,Furnished,No,No,7.63,Grey,9045000.0
EG-11592,Cairo,Nasr City,138.0,3.0,2.0,4.0,2025,Broker,Other,Installments,Unfinished,Unfurnished,Yes,Yes,12.83,Beige,5872000.0
EG-11593,Cairo,Al-Haram,68.0,1.0,1.0,1.0,2025,Broker,Other,Installments,Finished,Furnished,No,Yes,11.29,Off-White,3532000.0
EG-11594,Cairo,Nasr City,140.0,3.0,1.0,1.0,2027,Broker,Other,Installments,Finished,Unfurnished,Yes,Yes,11.7,Beige,6033000.0
EG-11595,Cairo,Al-Haram,64.0,,1.0,1.0,2025,Broker,Street,Installments,Finished,Unfurnished,Yes,No,14.35,White,3418000.0
EG-11596,Cairo,Al-Haram,75.0,1.0,1.0,1.0,2027,Broker,Street,Installments,Finished,Furnished,No,Yes,4.07,Grey,3555000.0
EG-11597,Cairo,Ain Shams,,1.0,1.0,4.0,2027,Broker,Street,Installments,Finished,Unfurnished,Yes,No,4.09,White,3210000.0
EG-11598,Cairo,New Cairo,169.0,3.0,1.0,1.0,2027,Broker,Pool,Installments,Finished,Unfurnished,Yes,Yes,13.35,Beige,9319000.0
EG-11599,Cairo,Nasr City,105.0,2.0,1.0,1.0,2025,Broker,Street,Installments,Unfinished,Unfurnished,No,Yes,11.61,Beige,4732000.0
EG-11600,Cairo,New Cairo,128.0,2.0,3.0,4.0,2027,Broker,Street,Installments,Finished,Unfurnished,No,Yes,13.91,Off-White,9865000.0
EG-11601,Cairo,Ain Shams,72.0,1.0,1.0,1.0,2025,Broker,Street,Installments,Finished,Unfurnished,Yes,Yes,1.04,Grey,3673000.0
EG-11602,Cairo,Al-Haram,120.0,3.0,1.0,1.0,1989,Broker,Other,Cash,Finished,Unfurnished,No,No,9.45,Brown,2479000.0
EG-11603,Cairo,6th of October,108.0,2.0,1.0,4.0,2027,Broker,Street,Installments,Finished,Unfurnished,No,No,2.25,Beige,5801000.0
EG-11604,Cairo,Ain Shams,64.0,1.0,1.0,1.0,2025,Broker,Street,Installments,Finished,Furnished,No,No,7.61,Brown,3520000.0
EG-11605,Cairo,6th of October,165.0,3.0,2.0,6.0,1995,Broker,Other,Cash,Finished,Furnished,Yes,Yes,2.42,Grey,5287000.0
EG-11606,Cairo,6th of October,85.0,1.0,1.0,1.0,2025,Broker,Street,Installments,Finished,Furnished,No,Yes,2.01,White,4116000.0
EG-11607,Cairo,Al-Haram,72.0,1.0,1.0,1.0,2025,Broker,Street,Installments,Finished,Unfurnished,No,No,0.28,Grey,3460000.0
EG-11608,Cairo,Maadi,98.0,2.0,1.0,3.0,2027,Broker,Lake,Installments,Finished,Unfurnished,No,Yes,9.49,Off-White,4989000.0
EG-11609,Cairo,Al-Haram,88.0,2.0,1.0,3.0,2027,Broker,Street,Installments,Finished,Unfurnished,No,No,5.45,Brown,4644000.0
EG-11610,Cairo,Nasr City,90.0,2.0,2.0,2.0,2025,Developer,Street,Cash,Finished,Furnished,Yes,No,1.67,Brown,1585000.0
EG-11611,Cairo,6th of October,108.0,2.0,1.0,3.0,2027,Broker,Street,Installments,Finished,Unfurnished,Yes,Yes,4.91,White,6050000.0
EG-11612,Cairo,New Cairo,125.0,3.0,3.0,2.0,2027,Broker,Pool,Cash,Finished,Unfurnished,No,Yes,2.62,White,8407000.0
EG-11613,Cairo,Sheikh Zayed,300.0,3.0,3.0,2.0,2010,Broker,Pool,Cash,Finished,Furnished,Yes,No,14.13,Beige,13438000.0
EG-11614,Cairo,Al-Haram,53.0,1.0,1.0,4.0,2027,Broker,Street,Installments,Finished,Unfurnished,Yes,Yes,4.87,Grey,3022000.0
EG-11615,Cairo,Al-Haram,72.0,1.0,1.0,1.0,2025,Broker,Street,Installments,Finished,Unfurnished,No,Yes,5.08,Off-White,3565000.0
EG-11616,Cairo,New Cairo,169.0,3.0,1.0,1.0,2027,Broker,Garden,Installments,Finished,Unfurnished,Yes,Yes,12.61,Beige,9319000.0
EG-11617,Cairo,Ain Shams,140.0,2.0,2.0,10.0,1999,Broker,Other,Cash,Finished,Unfurnished,Yes,Yes,9.75,Grey,3290000.0
EG-11618,Cairo,Ain Shams,53.0,,1.0,3.0,2027,Broker,Street,Installments,Finished,Unfurnished,Yes,No,10.68,White,2882000.0
EG-11619,Cairo,Ain Shams,75.0,1.0,1.0,1.0,2025,Broker,Street,Installments,Finished,Unfurnished,No,Yes,9.58,Off-White,3641000.0
EG-11620,Cairo,6th of October,210.0,3.0,3.0,3.0,2025,Broker,Street,Cash,Unfinished,Furnished,No,No,14.2,White,5949000.0
EG-11621,Cairo,Ain Shams,120.0,,1.0,4.0,2017,Cash,Other,Cash,Finished,Unfurnished,No,No,3.18,White,2922000.0
EG-11622,Cairo,Ain Shams,130.0,2.0,2.0,1.0,2019,Broker,Street,Cash,Unfinished,Unfurnished,Yes,Yes,14.84,Brown,1571000.0
EG-11623,Cairo,Nasr City,80.0,2.0,1.0,4.0,2020,Broker,Street,Cash,Finished,Unfurnished,No,No,12.48,Grey,1498000.0
EG-11624,Cairo,Maadi,80.0,1.0,1.0,3.0,2025,Broker,Street,Installments,Unfinished,Furnished,Yes,Yes,8.88,Beige,4730000.0
EG-11625,Cairo,Sheikh Zayed,208.0,3.0,3.0,6.0,2022,Broker,Pool,Cash,Finished,Unfurnished,Yes,No,9.97,Brown,11607000.0
EG-11626,Cairo,Ain Shams,53.0,1.0,1.0,3.0,2027,Broker,Street,Installments,Finished,Unfurnished,Yes,No,9.77,Grey,2882000.0
EG-11627,Cairo,Heliopolis,320.0,5.0,4.0,2.0,2021,Broker,Pool,Cash,Finished,Furnished,No,Yes,0.97,Grey,18701000.0
EG-11628,Cairo,Nasr City,150.0,3.0,2.0,1.0,2020,Broker,Street,Cash,Finished,Unfurnished,Yes,No,3.35,Grey,4181000.0
EG-11629,Cairo,Ain Shams,170.0,3.0,3.0,1.0,2028,Broker,Other,Installments,Unfinished,Unfurnished,No,Yes,14.43,Off-White,2871000.0
EG-11630,Cairo,Al-Haram,53.0,1.0,1.0,2.0,2027,Broker,Street,Installments,Finished,Unfurnished,Yes,No,8.06,Brown,2830000.0
EG-11631,Cairo,Sheikh Zayed,137.0,3.0,1.0,1.0,2026,Broker,Garden,Installments,Finished,Furnished,Yes,No,5.74,Beige,10968000.0
EG-11632,Cairo,New Cairo,70.0,1.0,2.0,1.0,2027,Broker,Garden,Installments,Finished,Furnished,No,No,11.45,Brown,8809000.0
EG-11633,Cairo,Sheikh Zayed,100.0,2.0,1.0,1.0,2026,Broker,Street,Installments,Finished,Unfurnished,No,Yes,7.92,White,7820000.0
EG-11634,Cairo,Al-Haram,85.0,1.0,1.0,1.0,2025,Broker,Other,Installments,Finished,Unfurnished,No,No,0.3,Grey,3450000.0
EG-11635,Cairo,Maadi,125.0,3.0,1.0,1.0,2026,Broker,Lake,Installments,Finished,Furnished,Yes,No,11.07,White,10292000.0
EG-11636,Cairo,Ain Shams,75.0,1.0,1.0,1.0,2025,Broker,Street,Installments,Finished,Furnished,No,Yes,11.01,Brown,3864000.0
EG-11637,Cairo,Ain Shams,100.0,2.0,1.0,7.0,2016,Broker,Street,Cash,Finished,Furnished,No,Yes,2.56,Beige,2557000.0
EG-11638,Cairo,6th of October,130.0,3.0,2.0,1.0,2019,Broker,Street,Cash,Finished,Unfurnished,Yes,Yes,14.35,White,3333000.0
EG-11639,Cairo,Ain Shams,53.0,1.0,,1.0,2027,Broker,Street,Installments,Finished,Unfurnished,No,Yes,3.44,White,2779000.0
EG-11640,Cairo,Ain Shams,72.0,1.0,1.0,1.0,2025,Broker,Street,Installments,Finished,Unfurnished,No,Yes,6.92,Off-White,3565000.0
EG-11641,Cairo,Sheikh Zayed,110.0,2.0,2.0,3.0,2025,Broker,Garden,Installments,Unfinished,Unfurnished,No,Yes,1.81,Brown,8696000.0
EG-11642,Cairo,Maadi,202.0,3.0,4.0,2.0,2023,Broker,Garden,Cash,Finished,Unfurnished,Yes,No,9.09,White,12240000.0
EG-11643,Cairo,New Cairo,105.0,2.0,1.0,1.0,2026,Broker,Pool,Installments,Finished,Unfurnished,No,No,5.69,Brown,7070000.0
EG-11644,Cairo,Al-Haram,98.0,2.0,1.0,1.0,2027,Broker,Street,Installments,Finished,Furnished,No,No,5.36,Beige,4606000.0
EG-11645,Cairo,Al-Haram,58.0,1.0,1.0,2.0,2027,Broker,Street,Installments,Finished,Unfurnished,Yes,No,12.42,White,3097000.0
EG-11646,Cairo,Nasr City,108.0,2.0,1.0,2.0,2027,Broker,Street,Installments,Finished,Unfurnished,No,Yes,0.24,Beige,5767000.0
EG-11647,Cairo,Maadi,170.0,3.0,3.0,2.0,2020,Broker,Garden,Cash,Finished,Unfurnished,No,Yes,11.99,White,4221000.0
EG-11648,Cairo,Shubra,77.0,1.0,,1.0,2025,Broker,Street,Installments,Finished,Unfurnished,No,No,8.61,Grey,3265000.0
EG-11649,Cairo,Heliopolis,202.0,3.0,3.0,4.0,2016,Broker,Pool,Cash,Finished,Furnished,No,No,14.79,Off-White,6521000.0
EG-11650,Cairo,Shubra,53.0,1.0,1.0,1.0,2027,Broker,Street,Installments,Finished,Furnished,Yes,Yes,8.88,Off-White,3038000.0
EG-11651,Cairo,New Cairo,220.0,,,2.0,2017,Broker,Garden,Cash,Finished,Unfurnished,No,Yes,0.93,Off-White,8969000.0
EG-11652,Cairo,Ain Shams,72.0,1.0,1.0,1.0,2025,Broker,Street,Installments,Finished,Furnished,No,Yes,0.85,Beige,3784000.0
EG-11653,Cairo,Shubra,72.0,,1.0,1.0,2025,Broker,Street,Installments,Finished,Furnished,Yes,Yes,13.26,Brown,3898000.0
EG-11654,Cairo,Ain Shams,100.0,2.0,1.0,7.0,2016,Broker,Street,Cash,Finished,Unfurnished,No,Yes,12.63,Off-White,2409000.0
EG-11655,Cairo,Sheikh Zayed,146.0,2.0,2.0,2.0,2026,Broker,Street,Installments,Unfinished,Unfurnished,No,No,5.25,White,7315000.0
EG-11656,Cairo,Heliopolis,108.0,2.0,1.0,1.0,2027,Broker,Garden,Installments,Finished,Furnished,Yes,No,9.31,White,6370000.0
EG-11657,Cairo,Al-Haram,255.0,3.0,3.0,,2025,Broker,Other,Installments,Unfinished,Furnished,No,Yes,7.39,Grey,3173000.0
EG-11658,Cairo,Nasr City,91.0,2.0,1.0,1.0,2026,Broker,Street,Installments,Finished,Furnished,No,Yes,14.51,Beige,5795000.0
EG-11659,Cairo,Al-Haram,58.0,1.0,1.0,,2027,Broker,Other,Installments,Finished,Unfurnished,Yes,No,14.25,White,2787000.0
EG-11660,Cairo,Ain Shams,125.0,2.0,2.0,2.0,2025,Broker,Street,Cash,Finished,Unfurnished,No,Yes,14.76,White,2937000.0
EG-11661,Cairo,Maadi,88.0,2.0,1.0,1.0,2027,Broker,Street,Installments,Finished,Furnished,No,No,13.01,Grey,4752000.0
EG-11662,Cairo,Sheikh Zayed,100.0,2.0,1.0,1.0,2026,Broker,Pool,Installments,Finished,Unfurnished,Yes,Yes,13.65,Grey,7898000.0
EG-11663,Cairo,Ain Shams,53.0,1.0,1.0,1.0,2027,Broker,Street,Installments,Finished,Furnished,Yes,Yes,3.34,Brown,3038000.0
EG-11664,Cairo,Ain Shams,72.0,1.0,1.0,1.0,2025,Broker,Other,Installments,Finished,Furnished,Yes,Yes,12.48,Brown,3503000.0
EG-11665,Cairo,New Cairo,200.0,3.0,2.0,2.0,2021,Broker,Pool,Cash,Finished,Unfurnished,Yes,No,10.66,Brown,8969000.0
EG-11666,Cairo,Nasr City,130.0,2.0,1.0,2.0,2015,Broker,Street,Cash,Finished,Furnished,No,Yes,14.45,White,3169000.0
EG-11667,Cairo,Ain Shams,72.0,1.0,1.0,1.0,2025,Broker,Street,Installments,Finished,Unfurnished,Yes,Yes,8.61,Grey,3601000.0
EG-11668,Cairo,Shubra,165.0,3.0,2.0,2.0,2000,Broker,Street,Cash,Finished,Unfurnished,No,Yes,1.37,Beige,3783000.0
EG-11669,Cairo,Al-Haram,180.0,3.0,2.0,7.0,2013,Broker,Other,Cash,Finished,Furnished,No,No,9.0,Brown,2772000.0
EG-11670,Cairo,6th of October,130.0,3.0,2.0,0.0,2025,Broker,Street,Cash,Finished,Unfurnished,Yes,No,10.33,Off-White,3783000.0
EG-11671,Cairo,Nasr City,158.0,2.0,2.0,2.0,2025,Broker,Street,Cash,Finished,Unfurnished,Yes,Yes,3.38,White,3819000.0
EG-11672,Cairo,Ain Shams,175.0,3.0,2.0,4.0,2022,Developer,Street,Cash,Finished,Unfurnished,No,Yes,5.97,Beige,3285000.0
EG-11673,Cairo,Al-Haram,140.0,3.0,2.0,4.0,2004,Broker,Other,Cash,Finished,Unfurnished,No,No,9.02,White,2568000.0
EG-11674,Cairo,Al-Haram,77.0,1.0,1.0,1.0,2025,Broker,Street,Installments,Finished,Unfurnished,Yes,No,5.67,Brown,3364000.0
EG-11675,Cairo,Ain Shams,72.0,1.0,1.0,1.0,2025,Broker,Other,Installments,Finished,Furnished,Yes,No,5.69,White,3400000.0
EG-11676,Cairo,Heliopolis,96.0,2.0,2.0,3.0,2021,Broker,Pool,Cash,Finished,Unfurnished,Yes,No,2.08,Brown,4854000.0
EG-11677,Cairo,Al-Haram,121.0,3.0,2.0,3.0,2020,Broker,Street,Cash,Finished,Furnished,Yes,No,14.12,White,3101000.0
EG-11678,Cairo,Ain Shams,72.0,1.0,1.0,1.0,2025,Broker,Street,Installments,Finished,Furnished,No,Yes,11.28,Brown,3709000.0
EG-11679,Cairo,Shubra,72.0,,1.0,1.0,2025,Broker,Other,Installments,Finished,Unfurnished,Yes,Yes,0.12,Grey,3301000.0
EG-11680,Cairo,Ain Shams,157.0,3.0,2.0,3.0,2025,Broker,Street,Cash,Finished,Furnished,Yes,No,11.51,Grey,4025000.0
EG-11681,Cairo,Nasr City,,3.0,2.0,5.0,2025,Broker,Other,Cash,Finished,Furnished,No,Yes,11.12,Grey,5083000.0
EG-11682,Cairo,Al-Haram,135.0,3.0,2.0,3.0,2025,Broker,Street,Cash,Finished,Unfurnished,Yes,Yes,0.24,Grey,3392000.0
EG-11683,Cairo,Al-Haram,88.0,2.0,1.0,2.0,2027,Broker,Street,Installments,Finished,Unfurnished,Yes,No,5.61,Grey,4699000.0
EG-11684,Cairo,Sheikh Zayed,220.0,3.0,2.0,4.0,2024,Broker,Street,Cash,Finished,Furnished,No,Yes,9.14,Off-White,7606000.0
EG-11685,Cairo,Maadi,200.0,4.0,3.0,5.0,2020,Broker,Garden,Cash,Finished,Furnished,No,No,6.85,White,11412000.0
EG-11686,Cairo,6th of October,145.0,3.0,3.0,1.0,2028,Broker,Street,Installments,Unfinished,Furnished,Yes,Yes,11.69,Grey,4430000.0
EG-11687,Cairo,New Cairo,200.0,3.0,3.0,1.0,2011,Broker,Pool,Cash,Finished,Furnished,Yes,Yes,6.44,Off-White,8307000.0
EG-11688,Cairo,Al-Haram,,3.0,2.0,2.0,2025,Broker,Street,Cash,Unfinished,Unfurnished,Yes,Yes,2.39,Off-White,5474000.0
EG-11689,Cairo,Shubra,140.0,3.0,3.0,2.0,2027,Broker,Street,Installments,Unfinished,Unfurnished,Yes,No,14.65,White,3154000.0
EG-11690,Cairo,Shubra,130.0,3.0,1.0,0.0,2025,Broker,Street,Cash,Finished,Unfurnished,No,No,3.71,White,3285000.0
EG-11691,Cairo,Maadi,165.0,2.0,2.0,5.0,2029,Broker,Street,Installments,Unfinished,Unfurnished,Yes,Yes,10.79,Brown,13929000.0
EG-11692,Cairo,Ain Shams,96.0,2.0,,0.0,2028,Developer,Other,Installments,Unfinished,Unfurnished,Yes,Yes,2.23,Brown,3105000.0
EG-11693,Cairo,Ain Shams,80.0,2.0,1.0,,2010,Broker,Street,Cash,Finished,Unfurnished,No,Yes,5.0,Grey,1593000.0
EG-11694,Cairo,Shubra,160.0,2.0,1.0,10.0,1990,Broker,Other,Cash,Finished,Unfurnished,No,Yes,6.69,Beige,3284000.0
EG-11695,Cairo,Al-Haram,165.0,3.0,2.0,6.0,2016,Broker,Other,Cash,Finished,Unfurnished,No,Yes,2.96,Brown,6113000.0
EG-11696,Cairo,Al-Haram,165.0,3.0,3.0,1.0,2026,Broker,Street,Installments,Unfinished,Unfurnished,Yes,Yes,6.8,Beige,4829000.0
EG-11697,Cairo,Nasr City,107.0,3.0,2.0,2.0,2026,Broker,Street,Cash,Finished,Unfurnished,Yes,No,2.44,Brown,6655000.0
EG-11698,Cairo,Nasr City,125.0,2.0,2.0,8.0,2025,Broker,Street,Installments,Unfinished,Unfurnished,Yes,No,8.43,Off-White,5577000.0
EG-11699,Cairo,6th of October,155.0,2.0,3.0,2.0,2024,Broker,Street,Cash,Unfinished,Unfurnished,No,Yes,9.99,Off-White,4805000.0
EG-11700,Cairo,Maadi,160.0,3.0,3.0,3.0,2025,Broker,Street,Cash,Unfinished,Furnished,No,No,1.03,Off-White,3807000.0
EG-11701,Cairo,Ain Shams,170.0,3.0,2.0,1.0,2025,Broker,Other,Cash,Finished,Unfurnished,Yes,Yes,13.08,Beige,3549000.0
EG-11702,Cairo,Maadi,165.0,3.0,3.0,5.0,2023,Broker,Street,Cash,Finished,Unfurnished,Yes,Yes,2.86,Grey,7385000.0
EG-11703,Cairo,Al-Haram,170.0,3.0,2.0,2.0,2026,Broker,Street,Installments,Unfinished,Unfurnished,Yes,No,3.46,Brown,3515000.0
EG-11704,Cairo,Al-Haram,140.0,3.0,2.0,4.0,1990,Broker,Street,Cash,Finished,Unfurnished,Yes,Yes,9.95,Brown,3077000.0
EG-11705,Cairo,Ain Shams,112.0,2.0,1.0,1.0,2024,Broker,Street,Installments,Unfinished,Unfurnished,No,Yes,7.08,Beige,3488000.0
EG-11706,Cairo,Shubra,150.0,3.0,3.0,1.0,2025,Broker,Street,Cash,Unfinished,Furnished,Yes,Yes,7.54,Off-White,3233000.0
EG-11707,Cairo,Al-Haram,119.0,3.0,2.0,1.0,2027,Broker,Street,Installments,Unfinished,Unfurnished,Yes,No,2.01,Grey,2752000.0
EG-11708,Cairo,Maadi,169.0,3.0,3.0,3.0,2026,Broker,Garden,Installments,Unfinished,Unfurnished,No,No,12.11,Brown,5397000.0
EG-11709,Cairo,Maadi,158.0,2.0,,,2025,Broker,Garden,Installments,Finished,Unfurnished,Yes,Yes,9.29,Grey,8483000.0
EG-11710,Cairo,6th of October,200.0,3.0,3.0,1.0,2025,Broker,Other,Installments,Unfinished,Furnished,Yes,No,2.12,Grey,5347000.0
EG-11711,Cairo,Madinaty,180.0,3.0,2.0,2.0,2025,Broker,Garden,Cash,Finished,Furnished,Yes,Yes,5.67,White,9230000.0
EG-11712,Cairo,Nasr City,125.0,3.0,1.0,2.0,2015,Broker,Street,Cash,Finished,Furnished,No,No,12.18,Grey,2871000.0
EG-11713,Cairo,Heliopolis,158.0,3.0,3.0,2.0,2028,Broker,Pool,Installments,Unfinished,Unfurnished,Yes,No,8.57,White,4679000.0
EG-11714,Cairo,Sheikh Zayed,138.0,2.0,2.0,5.0,2025,Broker,Garden,Installments,Finished,Furnished,Yes,Yes,1.72,Beige,17854000.0
EG-11715,Cairo,Nasr City,130.0,,2.0,1.0,2014,Broker,Street,Cash,Finished,Furnished,Yes,No,5.65,Off-White,3803000.0
EG-11716,Cairo,Sheikh Zayed,156.0,2.0,2.0,1.0,2025,Broker,Garden,Installments,Finished,Furnished,No,No,3.72,White,11237000.0
EG-11717,Cairo,Al-Haram,100.0,2.0,1.0,1.0,1989,Broker,Other,Cash,Finished,Furnished,Yes,No,7.81,Grey,2808000.0
EG-11718,Cairo,Shubra,100.0,2.0,1.0,3.0,2014,Broker,Street,Cash,Finished,Furnished,No,No,12.67,Off-White,2481000.0
EG-11719,Cairo,Nasr City,198.0,4.0,4.0,3.0,2025,Broker,Street,Cash,Unfinished,Furnished,Yes,Yes,6.6,Grey,6719000.0
EG-11720,Cairo,Ain Shams,160.0,3.0,3.0,2.0,2025,Broker,Other,Installments,Unfinished,Unfurnished,Yes,Yes,6.56,Grey,3030000.0
EG-11721,Cairo,Al-Haram,165.0,3.0,2.0,5.0,2020,Broker,Other,Cash,Finished,Unfurnished,No,Yes,13.59,White,4197000.0
EG-11722,Cairo,New Cairo,175.0,3.0,3.0,3.0,2014,Broker,Garden,Cash,Finished,Unfurnished,Yes,Yes,8.69,Beige,10872000.0
EG-11723,Cairo,Sheikh Zayed,250.0,4.0,3.0,1.0,2020,Broker,Street,Cash,Finished,Unfurnished,Yes,Yes,8.54,Grey,10564000.0
EG-11724,Cairo,Al-Haram,128.0,3.0,2.0,2.0,2028,Broker,Street,Installments,Unfinished,Unfurnished,No,Yes,4.0,White,6066000.0
EG-11725,Cairo,Shubra,123.0,,3.0,2.0,2027,Broker,Street,Installments,Unfinished,Unfurnished,Yes,Yes,9.16,Grey,2970000.0
EG-11726,Cairo,Al-Haram,96.0,2.0,2.0,,2027,Broker,Other,Installments,Finished,Furnished,No,No,8.68,Off-White,6327000.0
EG-11727,Cairo,Al-Haram,90.0,2.0,1.0,1.0,2026,Broker,Street,Installments,Unfinished,Unfurnished,Yes,No,6.01,Beige,1487000.0
EG-11728,Cairo,6th of October,133.0,3.0,3.0,3.0,2028,Broker,Street,Installments,Unfinished,Unfurnished,No,Yes,14.86,Grey,3716000.0
EG-11729,Cairo,Ain Shams,165.0,3.0,3.0,4.0,2025,Broker,Street,Installments,Unfinished,Unfurnished,No,Yes,13.24,Beige,1127000.0
EG-11730,Cairo,Heliopolis,107.0,3.0,2.0,1.0,2024,Broker,Garden,Cash,Finished,Unfurnished,Yes,Yes,11.27,Beige,6088000.0
EG-11731,Cairo,Al-Haram,150.0,3.0,3.0,3.0,2025,Broker,Street,Installments,Unfinished,Furnished,Yes,No,8.11,Off-White,3510000.0
EG-11732,Cairo,Al-Haram,119.0,3.0,3.0,0.0,2027,Broker,Street,Installments,Unfinished,Unfurnished,Yes,Yes,6.98,Off-White,2739000.0
EG-11733,Cairo,Maadi,107.0,3.0,2.0,4.0,2027,Broker,Pool,Installments,Finished,Unfurnished,No,No,2.85,Brown,7518000.0
EG-11734,Cairo,Heliopolis,134.0,3.0,3.0,1.0,2027,Broker,Street,Installments,Finished,Furnished,Yes,No,4.66,Beige,6343000.0
EG-11735,Cairo,6th of October,182.0,3.0,2.0,2.0,2025,Broker,Other,Cash,Unfinished,Unfurnished,No,No,11.63,Grey,4274000.0
EG-11736,Cairo,Al-Haram,108.0,,2.0,2.0,2027,Broker,Street,Installments,Unfinished,Unfurnished,No,Yes,6.86,Off-White,1757000.0
EG-11737,Cairo,Maadi,190.0,3.0,3.0,3.0,2015,Broker,Street,Cash,Unfinished,Furnished,Yes,Yes,13.25,Grey,4142000.0
EG-11738,Cairo,6th of October,128.0,3.0,2.0,2.0,2028,Broker,Other,Installments,Unfinished,Furnished,Yes,No,2.3,Beige,5899000.0
EG-11739,Cairo,Al-Haram,75.0,2.0,1.0,1.0,2000,Broker,Other,Cash,Unfinished,Unfurnished,Yes,Yes,7.67,Off-White,1535000.0
EG-11740,Cairo,Al-Haram,141.0,3.0,2.0,9.0,2018,Broker,Street,Cash,Finished,Unfurnished,No,Yes,9.74,Brown,1543000.0
EG-11741,Cairo,New Cairo,235.0,3.0,3.0,2.0,2025,Private Owner,Garden,Installments,Unfinished,Furnished,Yes,Yes,7.8,Beige,7573000.0
EG-11742,Cairo,Shubra,,3.0,2.0,7.0,2025,Broker,Street,Cash,Unfinished,Unfurnished,No,Yes,13.35,Grey,2033000.0
EG-11743,Cairo,6th of October,140.0,3.0,3.0,2.0,2025,Broker,Street,Installments,Finished,Unfurnished,Yes,No,14.84,Brown,3593000.0
EG-11744,Cairo,Ain Shams,120.0,3.0,,8.0,2000,Private Owner,Street,Cash,Finished,Unfurnished,Yes,Yes,1.83,Beige,3179000.0
EG-11745,Cairo,Nasr City,195.0,3.0,2.0,4.0,2025,Broker,Other,Cash,Finished,Unfurnished,Yes,No,2.04,Off-White,3649000.0
EG-11746,Cairo,6th of October,96.0,2.0,2.0,,2025,Broker,Street,Cash,Finished,Unfurnished,No,No,2.04,Beige,4928000.0
EG-11747,Cairo,Nasr City,130.0,2.0,3.0,2.0,2026,Broker,Street,Installments,Unfinished,Unfurnished,No,Yes,10.25,White,5675000.0
EG-11748,Cairo,Heliopolis,220.0,3.0,2.0,3.0,2025,Broker,Garden,Cash,Finished,Furnished,No,No,5.65,Grey,7336000.0
EG-11749,Cairo,Al-Haram,150.0,3.0,2.0,1.0,2025,Broker,Street,Cash,Finished,Furnished,No,No,11.03,Off-White,2358000.0
EG-11750,Cairo,Maadi,83.0,2.0,1.0,1.0,2024,Broker,Lake,Installments,Finished,Unfurnished,No,No,6.14,Off-White,7512000.0
EG-11751,Cairo,Nasr City,141.0,3.0,2.0,9.0,2018,Broker,Street,Cash,Finished,Furnished,Yes,No,9.45,White,1637000.0
EG-11752,Cairo,Madinaty,340.0,3.0,,1.0,2025,Broker,Pool,Cash,Finished,Unfurnished,No,Yes,11.57,Brown,10552000.0
EG-11753,Cairo,Shubra,119.0,3.0,1.0,7.0,2027,Developer,Street,Installments,Unfinished,Unfurnished,Yes,Yes,8.27,Off-White,2210000.0
EG-11754,Cairo,Heliopolis,142.0,3.0,2.0,13.0,2011,Developer,Garden,Cash,Finished,Furnished,No,Yes,8.14,Brown,4479000.0
EG-11755,Cairo,Maadi,230.0,4.0,2.0,1.0,2026,Developer,Lake,Installments,Unfinished,Unfurnished,Yes,Yes,1.41,Brown,4312000.0
EG-11756,Cairo,Al-Haram,158.0,2.0,3.0,2.0,2025,Broker,Street,Installments,Finished,Unfurnished,Yes,Yes,6.22,Brown,6502000.0
EG-11757,Cairo,Maadi,160.0,3.0,2.0,3.0,2026,Developer,Street,Installments,Unfinished,Unfurnished,Yes,Yes,8.23,Beige,9369000.0
EG-11758,Cairo,Heliopolis,116.0,3.0,2.0,1.0,2019,Broker,Garden,Cash,Finished,Furnished,Yes,Yes,6.98,White,7269000.0
EG-11759,Cairo,Sheikh Zayed,235.0,4.0,3.0,4.0,2001,Developer,Street,Cash,Finished,Furnished,No,Yes,13.52,Grey,9508000.0
EG-11760,Cairo,Maadi,201.0,3.0,3.0,10.0,2025,Developer,Garden,Installments,Finished,Unfurnished,Yes,Yes,13.61,White,9544000.0
EG-11761,Cairo,Shubra,165.0,3.0,3.0,6.0,2025,Broker,Other,Installments,Unfinished,Unfurnished,Yes,Yes,12.35,Off-White,1064000.0
EG-11762,Cairo,Sheikh Zayed,170.0,3.0,3.0,2.0,2026,Developer,Street,Installments,Unfinished,Unfurnished,No,No,5.69,White,9561000.0
EG-11763,Cairo,Nasr City,165.0,3.0,3.0,1.0,2025,Broker,Street,Installments,Unfinished,Unfurnished,No,Yes,10.79,Grey,1127000.0
EG-11764,Cairo,Heliopolis,198.0,3.0,3.0,3.0,2026,Broker,Pool,Installments,Unfinished,Unfurnished,Yes,No,5.99,Beige,12579000.0
EG-11765,Cairo,Al-Haram,158.0,3.0,2.0,3.0,2028,Developer,Street,Installments,Unfinished,Unfurnished,No,No,3.57,Off-White,5667000.0
EG-11766,Cairo,Heliopolis,194.0,3.0,3.0,1.0,2026,Developer,Street,Installments,Unfinished,Unfurnished,Yes,Yes,5.21,Beige,4414000.0
EG-11767,Cairo,Heliopolis,195.0,3.0,3.0,4.0,2026,Developer,Garden,Installments,Unfinished,Furnished,No,No,1.16,Off-White,5235000.0
EG-11768,Cairo,6th of October,130.0,3.0,2.0,5.0,2025,Broker,Street,Installments,Finished,Unfurnished,Yes,No,5.04,Grey,5967000.0
EG-11769,Cairo,Shubra,100.0,2.0,1.0,3.0,1999,Broker,Street,Cash,Finished,Furnished,Yes,Yes,6.97,Beige,2939000.0
EG-11770,Cairo,Shubra,120.0,2.0,1.0,7.0,1997,Broker,Other,Cash,Finished,Unfurnished,Yes,Yes,14.34,Grey,2444000.0
EG-11771,Cairo,Shubra,40.0,1.0,1.0,0.0,2020,Developer,Street,Cash,Finished,Furnished,Yes,No,4.77,Grey,1511000.0
EG-11772,Cairo,Al-Haram,125.0,3.0,1.0,4.0,2005,Broker,Street,Cash,Finished,Unfurnished,Yes,Yes,13.55,White,3077000.0
EG-11773,Cairo,Al-Haram,150.0,3.0,2.0,7.0,2025,Private Owner,Street,Cash,Unfinished,Unfurnished,Yes,Yes,3.51,Off-White,1142000.0
EG-11774,Cairo,Al-Haram,140.0,3.0,2.0,3.0,2027,Broker,Street,Installments,Unfinished,Unfurnished,No,No,2.95,Brown,2817000.0
EG-11775,Cairo,Shubra,133.0,3.0,2.0,1.0,2027,Broker,Street,Installments,Unfinished,Unfurnished,Yes,No,7.83,Brown,2877000.0
EG-11776,Cairo,Ain Shams,140.0,3.0,2.0,6.0,2005,Developer,Street,Cash,Finished,Unfurnished,No,No,10.12,Beige,2512000.0
EG-11777,Cairo,Nasr City,180.0,3.0,2.0,2.0,2026,Compound Developer,Street,Installments,Unfinished,Furnished,Yes,No,0.76,Grey,2774000.0
EG-11778,Cairo,6th of October,198.0,3.0,3.0,2.0,2028,Broker,Other,Installments,Unfinished,Unfurnished,No,No,3.39,White,4763000.0
EG-11779,Cairo,Heliopolis,144.0,3.0,2.0,1.0,2029,Broker,Garden,Installments,Unfinished,Unfurnished,Yes,Yes,6.89,Off-White,5108000.0
EG-11780,Cairo,6th of October,157.0,3.0,2.0,2.0,2028,Broker,Street,Installments,Unfinished,Unfurnished,Yes,Yes,5.03,Beige,4457000.0
EG-11781,Cairo,Ain Shams,70.0,2.0,1.0,2.0,2025,Broker,Street,Installments,Finished,Unfurnished,Yes,No,10.72,Grey,3730000.0
EG-11782,Cairo,Maadi,198.0,3.0,2.0,4.0,2015,Developer,Lake,Cash,Finished,Furnished,No,Yes,7.72,Brown,4521000.0
EG-11783,Cairo,Nasr City,155.0,3.0,3.0,3.0,2026,Broker,Street,Installments,Unfinished,Furnished,Yes,Yes,2.49,Brown,1247000.0
EG-11784,Cairo,New Cairo,185.0,3.0,3.0,8.0,2026,Developer,Pool,Installments,Finished,Furnished,Yes,Yes,13.43,Off-White,12283000.0
EG-11785,Cairo,Heliopolis,179.0,3.0,3.0,3.0,2025,Developer,Pool,Installments,Finished,Unfurnished,Yes,Yes,4.46,Off-White,4999000.0
EG-11786,Cairo,Nasr City,175.0,3.0,2.0,2.0,2025,Broker,Street,Cash,Finished,Unfurnished,Yes,Yes,10.99,Off-White,3436000.0
EG-11787,Cairo,6th of October,157.0,3.0,3.0,2.0,2029,Developer,Street,Installments,Unfinished,Furnished,No,No,11.72,Beige,4823000.0
EG-11788,Cairo,New Cairo,134.0,3.0,2.0,1.0,2016,Broker,Street,Cash,Finished,Furnished,No,No,14.45,Off-White,7895000.0
EG-11789,Cairo,Al-Haram,,3.0,2.0,6.0,2005,Developer,Street,Cash,Finished,Furnished,Yes,Yes,7.53,Beige,2830000.0
EG-11790,Cairo,6th of October,160.0,3.0,3.0,2.0,2025,Broker,Other,Cash,Unfinished,Furnished,Yes,No,9.28,White,3595000.0
EG-11791,Cairo,Ain Shams,130.0,3.0,2.0,1.0,2025,Broker,Street,Cash,Finished,Unfurnished,Yes,No,5.09,Grey,3783000.0
EG-11792,Cairo,6th of October,190.0,3.0,2.0,1.0,2025,Broker,Street,Cash,Finished,Unfurnished,No,Yes,10.2,Brown,5226000.0
EG-11793,Cairo,Heliopolis,176.0,3.0,2.0,3.0,2028,Broker,Garden,Installments,Unfinished,Furnished,Yes,Yes,7.0,Beige,9716000.0
EG-11794,Cairo,Heliopolis,167.0,3.0,3.0,1.0,2026,Broker,Street,Installments,Finished,Furnished,Yes,Yes,6.62,Grey,12421000.0
EG-11795,Cairo,Nasr City,133.0,3.0,3.0,2.0,2027,Broker,Street,Installments,Unfinished,Unfurnished,Yes,No,12.85,Off-White,2757000.0
EG-11796,Cairo,New Cairo,208.0,3.0,3.0,1.0,2025,Broker,Garden,Cash,Finished,Furnished,Yes,Yes,0.85,Brown,8941000.0
EG-11797,Cairo,Sheikh Zayed,155.0,3.0,3.0,5.0,2027,Broker,Garden,Installments,Unfinished,Unfurnished,No,Yes,13.24,Beige,14540000.0
EG-11798,Cairo,Al-Haram,133.0,3.0,3.0,3.0,2028,Broker,Street,Installments,Unfinished,Unfurnished,Yes,Yes,12.8,Off-White,3582000.0
EG-11799,Cairo,6th of October,114.0,2.0,2.0,2.0,2025,Broker,Street,Cash,Finished,Unfurnished,No,No,7.64,Grey,4348000.0
EG-11800,Cairo,Maadi,109.0,2.0,1.0,1.0,2025,Broker,Lake,Cash,Finished,Furnished,Yes,No,7.4,White,5652000.0
EG-11801,Cairo,6th of October,180.0,3.0,3.0,1.0,2011,Developer,Street,Cash,Finished,Furnished,No,Yes,5.49,Grey,5810000.0
EG-11802,Cairo,Maadi,190.0,3.0,2.0,8.0,2012,Developer,Street,Cash,Finished,Unfurnished,Yes,No,14.91,Beige,5376000.0
EG-11803,Cairo,New Cairo,167.0,3.0,3.0,1.0,2026,Broker,Garden,Installments,Finished,Furnished,No,Yes,1.76,White,17313000.0
EG-11804,Cairo,6th of October,123.0,3.0,3.0,2.0,2027,Broker,Street,Installments,Unfinished,Unfurnished,Yes,No,8.89,White,2882000.0
EG-11805,Cairo,6th of October,215.0,4.0,3.0,3.0,2026,Developer,Street,Installments,Unfinished,Unfurnished,No,Yes,10.26,Off-White,5498000.0
EG-11806,Cairo,Nasr City,190.0,3.0,3.0,2.0,2027,Broker,Other,Installments,Unfinished,Unfurnished,No,Yes,14.02,Grey,4708000.0
EG-11807,Cairo,Ain Shams,140.0,3.0,2.0,3.0,2025,Developer,Other,Cash,Unfinished,Unfurnished,Yes,No,11.73,Beige,1101000.0
EG-11808,Cairo,Al-Haram,120.0,3.0,1.0,1.0,2025,Developer,Other,Cash,Finished,Furnished,Yes,No,9.69,White,2614000.0
EG-11809,Cairo,Nasr City,185.0,3.0,2.0,1.0,2025,Broker,Street,Cash,Finished,Unfurnished,No,Yes,1.84,Off-White,4480000.0
EG-11810,Cairo,Heliopolis,250.0,3.0,,1.0,2025,Broker,Street,Cash,Unfinished,Furnished,Yes,Yes,5.67,White,6365000.0
EG-11811,Cairo,Nasr City,147.0,,2.0,,2020,Developer,Street,Cash,Finished,Furnished,No,Yes,2.17,Grey,5493000.0
EG-11812,Cairo,Al-Haram,91.0,2.0,1.0,4.0,2025,Broker,Street,Cash,Finished,Unfurnished,Yes,No,13.23,Brown,3982000.0
EG-11813,Cairo,New Cairo,135.0,2.0,3.0,2.0,2024,Broker,Pool,Cash,Finished,Furnished,Yes,Yes,11.27,Beige,12691000.0
EG-11814,Cairo,6th of October,133.0,3.0,3.0,1.0,2028,Broker,Street,Installments,Unfinished,Furnished,Yes,No,11.39,Brown,3689000.0
EG-11815,Cairo,Heliopolis,270.0,3.0,3.0,5.0,2009,Developer,Street,Cash,Finished,Furnished,Yes,No,9.82,Grey,8980000.0
EG-11816,Cairo,Al-Haram,158.0,3.0,3.0,3.0,2027,Broker,Street,Installments,Unfinished,Unfurnished,Yes,Yes,7.65,Brown,4255000.0
EG-11817,Cairo,Al-Haram,123.0,3.0,3.0,1.0,2027,Broker,Street,Installments,Unfinished,Unfurnished,Yes,No,2.33,Grey,2771000.0
EG-11818,Cairo,Al-Haram,150.0,3.0,2.0,0.0,2025,Developer,Other,Installments,Unfinished,Unfurnished,No,Yes,5.01,Grey,3408000.0
EG-11819,Cairo,Shubra,133.0,3.0,2.0,3.0,2027,Broker,Other,Installments,Unfinished,Unfurnished,No,No,2.14,Off-White,2666000.0
EG-11820,Cairo,Nasr City,178.0,,4.0,3.0,2028,Broker,Street,Installments,Unfinished,Unfurnished,Yes,No,10.9,Brown,5633000.0
EG-11821,Cairo,Shubra,154.0,3.0,3.0,4.0,2025,Broker,Street,Installments,Unfinished,Unfurnished,Yes,Yes,2.49,White,1170000.0
EG-11822,Cairo,Shubra,140.0,3.0,1.0,9.0,2015,Broker,Other,Installments,Finished,Furnished,No,Yes,10.56,Grey,1464000.0
EG-11823,Cairo,Heliopolis,178.0,3.0,3.0,1.0,2025,Developer,Garden,Installments,Finished,Unfurnished,Yes,No,10.41,Brown,4460000.0
EG-11824,Cairo,6th of October,133.0,3.0,3.0,3.0,2027,Broker,Street,Installments,Unfinished,Unfurnished,No,Yes,6.94,White,2550000.0
EG-11825,Cairo,Al-Haram,130.0,3.0,2.0,2.0,2028,Broker,Street,Installments,Unfinished,Furnished,Yes,Yes,2.11,Beige,3745000.0
EG-11826,Cairo,Al-Haram,142.0,3.0,1.0,9.0,2015,Broker,Street,Installments,Finished,Furnished,No,Yes,4.79,White,1607000.0
EG-11827,Cairo,New Cairo,237.0,4.0,3.0,2.0,2025,Developer,Street,Installments,Unfinished,Unfurnished,No,Yes,4.87,Brown,6624000.0
EG-11828,Cairo,6th of October,133.0,3.0,3.0,2.0,2028,Broker,Street,Installments,Unfinished,Unfurnished,No,Yes,10.54,Brown,3836000.0
EG-11829,Cairo,Al-Haram,150.0,3.0,2.0,5.0,1988,Broker,Street,Cash,Finished,Unfurnished,Yes,Yes,1.79,White,4205000.0
EG-11830,Cairo,Sheikh Zayed,180.0,3.0,2.0,2.0,2015,Developer,Garden,Cash,Finished,Unfurnished,Yes,Yes,12.45,White,7610000.0
EG-11831,Cairo,Maadi,240.0,4.0,3.0,8.0,2000,Developer,Garden,Cash,Finished,Unfurnished,Yes,No,11.44,Grey,9497000.0
EG-11832,Cairo,Al-Haram,150.0,3.0,2.0,2.0,2021,Broker,Street,Cash,Finished,Unfurnished,No,Yes,2.88,Brown,5475000.0
EG-11833,Cairo,Shubra,150.0,3.0,2.0,,2025,Developer,Street,Cash,Unfinished,Unfurnished,Yes,Yes,10.82,Grey,1142000.0
EG-11834,Cairo,Maadi,180.0,3.0,2.0,4.0,2015,Broker,Garden,Cash,Finished,Unfurnished,No,Yes,10.06,Grey,8442000.0
EG-11835,Cairo,Al-Haram,165.0,3.0,2.0,2.0,2012,Developer,Street,Cash,Finished,Furnished,Yes,Yes,11.25,Beige,4027000.0
EG-11836,Cairo,Maadi,173.0,3.0,3.0,2.0,2025,Developer,Garden,Installments,Finished,Furnished,Yes,Yes,2.92,Brown,5134000.0
EG-11837,Cairo,New Cairo,187.0,3.0,3.0,1.0,2023,Developer,Garden,Installments,Unfinished,Unfurnished,Yes,Yes,2.45,Grey,11704000.0
EG-11838,Cairo,Sheikh Zayed,185.0,3.0,3.0,1.0,2025,Broker,Garden,Cash,Finished,Furnished,No,Yes,3.62,Beige,8958000.0
EG-11839,Cairo,Sheikh Zayed,149.0,3.0,2.0,1.0,2020,Developer,Garden,Installments,Unfinished,Furnished,No,Yes,5.55,Grey,11614000.0
EG-11840,Cairo,Al-Haram,165.0,3.0,2.0,4.0,2016,Developer,Other,Cash,Unfinished,Unfurnished,No,No,11.93,Grey,2589000.0
EG-11841,Cairo,6th of October,215.0,4.0,3.0,1.0,2026,Developer,Street,Installments,Unfinished,Furnished,No,No,11.1,Brown,5663000.0
EG-11842,Cairo,Sheikh Zayed,230.0,4.0,3.0,6.0,1990,Broker,Garden,Cash,Finished,Unfurnished,No,Yes,13.89,White,8969000.0
EG-11843,Cairo,Maadi,155.0,3.0,3.0,3.0,2025,Broker,Lake,Installments,Finished,Furnished,No,No,0.97,White,7702000.0
EG-11844,Cairo,Nasr City,215.0,4.0,,2.0,2025,Developer,Other,Cash,Unfinished,Unfurnished,Yes,Yes,0.27,Brown,3665000.0
EG-11845,Cairo,Maadi,98.0,2.0,1.0,1.0,2027,Broker,Lake,Installments,Finished,Unfurnished,Yes,No,10.52,White,4785000.0
EG-11846,Cairo,Shubra,110.0,2.0,2.0,8.0,2008,Broker,Other,Cash,Finished,Unfurnished,Yes,No,4.26,Off-White,1369000.0
EG-11847,Cairo,Sheikh Zayed,138.0,3.0,2.0,5.0,2027,Broker,Garden,Installments,Unfinished,Unfurnished,No,No,5.08,White,6491000.0
EG-11848,Cairo,Heliopolis,135.0,3.0,2.0,3.0,2028,Broker,Street,Installments,Unfinished,Unfurnished,Yes,No,8.25,Grey,7588000.0
EG-11849,Cairo,Maadi,140.0,3.0,3.0,5.0,2022,Broker,Street,Cash,Finished,Unfurnished,Yes,Yes,1.63,Grey,5333000.0
EG-11850,Cairo,Shubra,155.0,3.0,2.0,2.0,1999,Broker,Street,Cash,Finished,Unfurnished,No,Yes,9.68,Beige,3385000.0
EG-11851,Cairo,Ain Shams,135.0,3.0,2.0,1.0,2024,Developer,Street,Installments,Finished,Furnished,Yes,Yes,4.94,Brown,2760000.0
EG-11852,Cairo,Ain Shams,200.0,3.0,3.0,2.0,2028,Developer,Street,Installments,Unfinished,Furnished,No,No,9.53,Beige,2599000.0
EG-11853,Cairo,Ain Shams,137.0,3.0,2.0,1.0,2020,Developer,Street,Cash,Unfinished,Furnished,No,No,12.53,Grey,1629000.0
EG-11854,Cairo,Shubra,130.0,3.0,1.0,1.0,2002,Broker,Street,Cash,Finished,Furnished,No,Yes,2.65,Grey,2113000.0
EG-11855,Cairo,Sheikh Zayed,170.0,3.0,2.0,10.0,1997,Developer,Garden,Cash,Finished,Furnished,No,Yes,13.97,Beige,16797000.0
EG-11856,Cairo,Shubra,215.0,3.0,3.0,1.0,2027,Developer,Street,Installments,Unfinished,Furnished,No,No,8.01,Off-White,2599000.0
EG-11857,Cairo,Shubra,71.0,1.0,1.0,1.0,2026,Broker,Street,Installments,Finished,Unfurnished,No,Yes,13.85,White,3654000.0
EG-11858,Cairo,Heliopolis,75.0,1.0,1.0,1.0,2026,Broker,Pool,Installments,Finished,Unfurnished,Yes,Yes,3.2,Off-White,4215000.0
EG-11859,Cairo,New Cairo,145.0,3.0,2.0,2.0,2025,Developer,Garden,Installments,Unfinished,Furnished,No,Yes,9.11,Off-White,16525000.0
EG-11860,Cairo,6th of October,98.0,2.0,1.0,1.0,2027,Broker,Street,Installments,Finished,Unfurnished,No,Yes,6.12,Off-White,4472000.0
EG-11861,Cairo,Al-Haram,80.0,1.0,1.0,1.0,2026,Broker,Other,Installments,Finished,Unfurnished,Yes,Yes,11.64,Off-White,3888000.0
EG-11862,Cairo,Heliopolis,180.0,3.0,2.0,3.0,2024,Broker,Pool,Cash,Finished,Unfurnished,Yes,Yes,9.13,White,7067000.0
EG-11863,Cairo,Al-Haram,155.0,3.0,2.0,2.0,1999,Broker,Other,Cash,Finished,Unfurnished,Yes,Yes,7.47,Brown,3196000.0
EG-11864,Cairo,Maadi,195.0,3.0,3.0,4.0,2021,Developer,Garden,Installments,Unfinished,Furnished,No,No,13.7,Beige,10431000.0
EG-11865,Cairo,Al-Haram,200.0,3.0,3.0,,2028,Developer,Street,Installments,Unfinished,Unfurnished,Yes,Yes,5.72,Off-White,2600000.0
EG-11866,Cairo,Ain Shams,64.0,1.0,,1.0,2026,Broker,Street,Installments,Finished,Unfurnished,No,No,3.38,Off-White,2774000.0
EG-11867,Cairo,Al-Haram,76.0,1.0,1.0,1.0,2026,Broker,Street,Installments,Finished,Unfurnished,Yes,No,9.16,Beige,3911000.0
EG-11868,Cairo,New Cairo,150.0,3.0,2.0,3.0,2019,Developer,Street,Installments,Unfinished,Unfurnished,Yes,No,9.4,Beige,6805000.0
EG-11869,Cairo,6th of October,64.0,1.0,,1.0,2026,Broker,Street,Installments,Finished,Unfurnished,Yes,No,6.64,Brown,2858000.0
EG-11870,Cairo,Shubra,64.0,1.0,1.0,1.0,2026,Broker,Street,Installments,Finished,Unfurnished,No,No,7.35,Grey,2774000.0
EG-11871,Cairo,Shubra,140.0,3.0,3.0,3.0,2027,Broker,Other,Installments,Unfinished,Unfurnished,Yes,No,14.4,Brown,2660000.0
EG-11872,Cairo,Al-Haram,125.0,2.0,2.0,5.0,2025,Developer,Street,Installments,Unfinished,Furnished,Yes,Yes,11.02,Grey,2340000.0
EG-11873,Cairo,Nasr City,140.0,3.0,1.0,9.0,2013,Broker,Other,Cash,Finished,Unfurnished,No,Yes,1.75,White,1505000.0
EG-11874,Cairo,Al-Haram,92.0,1.0,1.0,1.0,2026,Broker,Other,Installments,Finished,Unfurnished,No,Yes,3.26,Brown,4175000.0
EG-11875,Cairo,Heliopolis,145.0,3.0,,4.0,2027,Broker,Garden,Installments,Unfinished,Unfurnished,No,Yes,14.64,White,7576000.0
EG-11876,Cairo,Shubra,64.0,1.0,1.0,1.0,2026,Broker,Street,Installments,Finished,Unfurnished,No,Yes,10.92,Beige,3169000.0
EG-11877,Cairo,New Cairo,130.0,2.0,2.0,2.0,2024,Broker,Pool,Installments,Unfinished,Furnished,No,Yes,13.73,Brown,10138000.0
EG-11878,Cairo,Shubra,76.0,2.0,1.0,,2026,Broker,Street,Installments,Finished,Furnished,No,Yes,4.63,Beige,3602000.0
EG-11879,Cairo,Sheikh Zayed,229.0,3.0,3.0,1.0,2025,Broker,Pool,Cash,Finished,Unfurnished,No,No,11.15,Off-White,10754000.0
EG-11880,Cairo,6th of October,251.0,4.0,3.0,1.0,2025,Developer,Other,Installments,Unfinished,Furnished,Yes,No,10.74,Beige,5457000.0
EG-11881,Cairo,Al-Haram,251.0,4.0,3.0,3.0,2025,Developer,Street,Installments,Unfinished,Furnished,Yes,Yes,4.49,Off-White,6134000.0
EG-11882,Cairo,6th of October,122.0,3.0,1.0,11.0,2024,Developer,Street,Installments,Unfinished,Unfurnished,Yes,Yes,8.31,Grey,2461000.0
EG-11883,Cairo,6th of October,183.0,,2.0,3.0,2024,Developer,Street,Cash,Unfinished,Furnished,No,No,9.45,Off-White,5425000.0
EG-11884,Cairo,Al-Haram,251.0,4.0,3.0,,2025,Developer,Street,Installments,Unfinished,Furnished,No,No,7.27,Grey,5779000.0
EG-11885,Cairo,Al-Haram,135.0,3.0,1.0,1.0,2026,Broker,Street,Installments,Finished,Unfurnished,Yes,No,12.42,Off-White,6030000.0
EG-11886,Cairo,Sheikh Zayed,144.0,3.0,2.0,2.0,2020,Developer,Pool,Installments,Unfinished,Furnished,Yes,Yes,12.51,Off-White,8983000.0
EG-11887,Cairo,Al-Haram,245.0,2.0,2.0,10.0,2020,Developer,Street,Installments,Finished,Furnished,No,No,12.77,White,3600000.0
EG-11888,Cairo,Nasr City,77.0,1.0,1.0,1.0,2026,Broker,Street,Installments,Finished,Furnished,No,No,12.07,White,3927000.0
EG-11889,Cairo,Ain Shams,140.0,,3.0,3.0,2026,Broker,Street,Installments,Unfinished,Unfurnished,No,Yes,7.37,Beige,2902000.0
EG-11890,Cairo,Al-Haram,76.0,2.0,,1.0,2026,Broker,Street,Installments,Finished,Unfurnished,No,Yes,5.78,White,3394000.0
EG-11891,Cairo,Heliopolis,222.0,4.0,3.0,4.0,2025,Developer,Garden,Installments,Unfinished,Furnished,Yes,Yes,12.49,Grey,6790000.0
EG-11892,Cairo,Sheikh Zayed,160.0,3.0,3.0,3.0,2023,Broker,Pool,Installments,Unfinished,Furnished,Yes,Yes,7.4,White,13579000.0
EG-11893,Cairo,Shubra,155.0,3.0,2.0,1.0,2023,Developer,Street,Installments,Unfinished,Unfurnished,No,No,3.77,Beige,2756000.0
EG-11894,Cairo,Heliopolis,108.0,2.0,1.0,4.0,2027,Broker,Pool,Installments,Finished,Furnished,No,Yes,7.66,Brown,6724000.0
EG-11895,Cairo,6th of October,96.0,2.0,1.0,1.0,2026,Broker,Street,Installments,Finished,Unfurnished,No,No,2.21,Grey,4162000.0
EG-11896,Cairo,Al-Haram,110.0,2.0,1.0,12.0,2002,Developer,Street,Cash,Finished,Unfurnished,Yes,No,10.41,Brown,2489000.0
EG-11897,Cairo,Ain Shams,215.0,3.0,,1.0,2025,Compound Developer,Other,Installments,Unfinished,Furnished,Yes,Yes,5.11,Grey,3203000.0
EG-11898,Cairo,Maadi,180.0,3.0,2.0,8.0,1988,Broker,Lake,Cash,Finished,Unfurnished,Yes,No,3.98,Beige,4793000.0
EG-11899,Cairo,Al-Haram,80.0,2.0,1.0,1.0,2027,Broker,Street,Installments,Unfinished,Furnished,No,Yes,14.35,White,3443000.0
EG-11900,Cairo,Heliopolis,108.0,2.0,1.0,1.0,2026,Broker,Garden,Installments,Finished,Furnished,Yes,Yes,11.68,Brown,5591000.0
EG-11901,Cairo,Nasr City,130.0,3.0,2.0,4.0,2019,Developer,Other,Cash,Finished,Furnished,No,No,11.83,Brown,3618000.0
EG-11902,Cairo,New Cairo,145.0,3.0,3.0,3.0,2022,Broker,Street,Installments,Unfinished,Unfurnished,No,Yes,9.39,White,7931000.0
EG-11903,Cairo,Madinaty,188.0,4.0,4.0,1.0,2028,Broker,Pool,Installments,Unfinished,Furnished,Yes,Yes,12.6,Beige,7494000.0
EG-11904,Cairo,Nasr City,225.0,4.0,3.0,3.0,2017,Developer,Street,Cash,Finished,Unfurnished,Yes,No,11.41,White,5973000.0
EG-11905,Cairo,6th of October,210.0,3.0,2.0,1.0,2026,Broker,Other,Installments,Unfinished,Furnished,No,No,9.02,Off-White,2893000.0
EG-11906,Cairo,Nasr City,,3.0,1.0,6.0,2025,Broker,Street,Cash,Finished,Unfurnished,Yes,No,14.42,Off-White,3235000.0
EG-11907,Cairo,Nasr City,108.0,2.0,1.0,1.0,2026,Broker,Other,Installments,Finished,Furnished,No,No,2.95,Off-White,4554000.0
EG-11908,Cairo,6th of October,101.0,2.0,2.0,2.0,2024,Broker,Street,Cash,Unfinished,Furnished,No,Yes,14.16,Brown,3202000.0
EG-11909,Cairo,Heliopolis,190.0,3.0,1.0,,2025,Broker,Street,Cash,Finished,Unfurnished,Yes,No,6.08,Brown,7964000.0
EG-11910,Cairo,Al-Haram,180.0,3.0,2.0,3.0,2025,Broker,Street,Cash,Finished,Unfurnished,Yes,No,7.97,Beige,5475000.0
EG-11911,Cairo,Nasr City,280.0,4.0,3.0,8.0,2025,Broker,Other,Cash,Finished,Unfurnished,Yes,Yes,1.93,Grey,6345000.0
EG-11912,Cairo,6th of October,96.0,2.0,1.0,1.0,2026,Broker,Street,Installments,Finished,Furnished,Yes,Yes,8.15,White,4688000.0
EG-11913,Cairo,Madinaty,,4.0,3.0,2.0,2025,Developer,Pool,Cash,Finished,Unfurnished,No,Yes,9.21,Grey,9497000.0
EG-11914,Cairo,Al-Haram,125.0,3.0,1.0,4.0,2025,Private Owner,Street,Cash,Finished,Unfurnished,No,Yes,14.97,Brown,1294000.0
EG-11915,Cairo,Heliopolis,96.0,1.0,1.0,3.0,2025,Broker,Garden,Installments,Finished,Furnished,No,Yes,14.63,White,9051000.0
EG-11916,Cairo,Heliopolis,200.0,3.0,3.0,,2026,Compound Developer,Pool,Installments,Unfinished,Unfurnished,No,No,14.5,Brown,5424000.0
EG-11917,Cairo,Maadi,195.0,4.0,4.0,1.0,2025,Developer,Garden,Installments,Finished,Unfurnished,Yes,No,5.29,Beige,18328000.0
EG-11918,Cairo,Ain Shams,170.0,3.0,,6.0,2008,Broker,Other,Cash,Finished,Unfurnished,Yes,No,14.87,White,3011000.0
EG-11919,Cairo,Heliopolis,82.0,1.0,1.0,2.0,2027,Developer,Pool,Installments,Finished,Unfurnished,No,No,6.89,Brown,11887000.0
EG-11920,Cairo,Maadi,132.0,2.0,3.0,2.0,2027,Broker,Lake,Cash,Finished,Unfurnished,Yes,Yes,12.79,Off-White,9767000.0
EG-11921,Cairo,Ain Shams,120.0,2.0,1.0,1.0,2025,Broker,Street,Cash,Finished,Furnished,No,Yes,3.32,Off-White,3697000.0
EG-11922,Cairo,Shubra,65.0,1.0,1.0,1.0,2027,Broker,Street,Installments,Finished,Unfurnished,Yes,No,7.64,Brown,2840000.0
EG-11923,Cairo,New Cairo,96.0,1.0,1.0,2.0,2025,Broker,Garden,Installments,Finished,Furnished,No,No,14.49,Grey,8501000.0
EG-11924,Cairo,Shubra,69.0,1.0,1.0,1.0,2027,Broker,Street,Installments,Finished,Unfurnished,No,Yes,14.21,Beige,3015000.0
EG-11925,Cairo,Heliopolis,116.0,2.0,2.0,8.0,2026,Developer,Street,Installments,Finished,Furnished,No,No,10.29,Beige,4814000.0
EG-11926,Cairo,Nasr City,75.0,1.0,1.0,5.0,2025,Broker,Street,Installments,Finished,Furnished,Yes,Yes,11.99,Brown,5954000.0
EG-11927,Cairo,Al-Haram,150.0,3.0,2.0,3.0,2025,Developer,Street,Cash,Finished,Unfurnished,No,Yes,2.73,Beige,2389000.0
EG-11928,Cairo,Al-Haram,195.0,3.0,2.0,2.0,2014,Broker,Street,Cash,Finished,Unfurnished,No,No,10.85,White,4348000.0
EG-11929,Cairo,Shubra,160.0,3.0,2.0,3.0,2020,Developer,Street,Cash,Finished,Unfurnished,No,No,9.31,Beige,2899000.0
EG-11930,Cairo,Maadi,195.0,4.0,3.0,10.0,2019,Broker,Lake,Cash,Finished,Unfurnished,Yes,Yes,1.46,Off-White,8615000.0
EG-11931,Cairo,Ain Shams,122.0,3.0,1.0,3.0,2024,Developer,Street,Installments,Unfinished,Furnished,Yes,Yes,1.79,Brown,2808000.0
EG-11932,Cairo,Maadi,119.0,3.0,1.0,2.0,2026,Developer,Lake,Installments,Finished,Unfurnished,No,Yes,1.72,White,6026000.0
EG-11933,Cairo,Shubra,60.0,1.0,1.0,1.0,2027,Broker,Other,Installments,Finished,Unfurnished,No,No,10.89,Beige,1814000.0
EG-11934,Cairo,Nasr City,87.0,1.0,1.0,3.0,2025,Broker,Street,Installments,Finished,Unfurnished,Yes,Yes,2.21,Off-White,6663000.0
EG-11935,Cairo,Al-Haram,76.0,1.0,1.0,,2025,Broker,Street,Installments,Finished,Unfurnished,No,No,7.07,Grey,5623000.0
EG-11936,Cairo,New Cairo,245.0,3.0,,3.0,2018,Broker,Pool,Cash,Finished,Unfurnished,Yes,No,5.42,Beige,7650000.0
EG-11937,Cairo,Al-Haram,140.0,3.0,1.0,6.0,2020,Broker,Street,Cash,Finished,Unfurnished,No,Yes,8.3,Off-White,2688000.0
EG-11938,Cairo,New Cairo,101.0,1.0,1.0,1.0,2025,Broker,Garden,Installments,Finished,Unfurnished,Yes,No,10.63,Off-White,10089000.0
EG-11939,Cairo,Heliopolis,190.0,3.0,2.0,1.0,2013,Broker,Pool,Cash,Unfinished,Furnished,No,Yes,10.3,Off-White,4262000.0
EG-11940,Cairo,Maadi,183.0,3.0,3.0,1.0,2025,Broker,Lake,Cash,Unfinished,Unfurnished,No,Yes,7.78,Off-White,4153000.0
EG-11941,Cairo,Madinaty,152.0,3.0,2.0,2.0,2025,Broker,Street,Cash,Finished,Furnished,Yes,Yes,7.02,Grey,15565000.0
EG-11942,Cairo,Madinaty,134.0,2.0,2.0,3.0,2024,Broker,Street,Cash,Unfinished,Unfurnished,Yes,No,6.03,Brown,7207000.0
EG-11943,Cairo,Nasr City,105.0,2.0,1.0,3.0,2024,Developer,Street,Installments,Unfinished,Unfurnished,Yes,Yes,12.94,Off-White,1718000.0
EG-11944,Cairo,Maadi,108.0,2.0,1.0,2.0,2027,Broker,Street,Installments,Finished,Furnished,No,No,5.03,Brown,4594000.0
EG-11945,Cairo,Shubra,160.0,3.0,2.0,3.0,2020,Developer,Street,Cash,Finished,Furnished,No,Yes,3.96,Grey,3169000.0
EG-11946,Cairo,Sheikh Zayed,202.0,3.0,4.0,2.0,2023,Broker,Garden,Cash,Finished,Unfurnished,No,Yes,11.18,Grey,13718000.0
EG-11947,Cairo,Maadi,171.0,4.0,3.0,3.0,2027,Broker,Pool,Installments,Unfinished,Unfurnished,No,No,5.46,White,7974000.0
EG-11948,Cairo,Nasr City,165.0,3.0,2.0,1.0,2026,Developer,Street,Installments,Unfinished,Unfurnished,No,No,12.72,White,2449000.0
EG-11949,Cairo,6th of October,210.0,3.0,2.0,9.0,2025,Broker,Street,Cash,Finished,Furnished,No,Yes,4.99,Off-White,5176000.0
EG-11950,Cairo,Heliopolis,150.0,3.0,1.0,2.0,2020,Developer,Garden,Cash,Finished,Furnished,No,Yes,10.56,Brown,5039000.0
EG-11951,Cairo,Heliopolis,220.0,3.0,2.0,2.0,2025,Broker,Garden,Cash,Finished,Unfurnished,Yes,Yes,0.77,Grey,11415000.0
EG-11952,Cairo,Nasr City,200.0,3.0,3.0,3.0,2025,Private Owner,Other,Cash,Unfinished,Furnished,No,Yes,5.84,Beige,6066000.0
EG-11953,Cairo,6th of October,135.0,3.0,2.0,1.0,2024,Developer,Street,Cash,Unfinished,Unfurnished,Yes,No,5.21,White,1571000.0
EG-11954,Cairo,Ain Shams,85.0,2.0,2.0,3.0,2028,Broker,Street,Installments,Unfinished,Furnished,No,Yes,12.27,White,3635000.0
EG-11955,Cairo,Shubra,58.0,1.0,1.0,1.0,2026,Broker,Street,Installments,Finished,Unfurnished,Yes,No,14.51,Beige,3041000.0
EG-11956,Cairo,Heliopolis,,3.0,2.0,4.0,2012,Broker,Pool,Cash,Finished,Furnished,Yes,No,6.97,Brown,7279000.0
EG-11957,Cairo,Heliopolis,170.0,3.0,3.0,2.0,2025,Broker,Pool,Installments,Unfinished,Unfurnished,Yes,Yes,12.39,Brown,4429000.0
EG-11958,Cairo,Nasr City,101.0,2.0,2.0,3.0,2027,Broker,Street,Installments,Unfinished,Unfurnished,No,Yes,10.53,Brown,4506000.0
EG-11959,Cairo,Ain Shams,58.0,1.0,1.0,1.0,2026,Broker,Street,Installments,Finished,Unfurnished,Yes,Yes,14.51,Off-White,3133000.0
EG-11960,Cairo,New Cairo,134.0,2.0,1.0,3.0,2025,Broker,Garden,Installments,Finished,Furnished,No,Yes,12.19,Off-White,10267000.0
EG-11961,Cairo,Shubra,56.0,1.0,1.0,1.0,2026,Broker,Other,Installments,Finished,Furnished,Yes,No,1.25,Beige,2908000.0
EG-11962,Cairo,6th of October,125.0,2.0,1.0,,2025,Broker,Street,Cash,Finished,Furnished,Yes,Yes,10.73,Grey,3810000.0
EG-11963,Cairo,Nasr City,71.0,1.0,1.0,1.0,2026,Broker,Other,Installments,Finished,Unfurnished,Yes,No,8.08,Beige,3412000.0
EG-11964,Cairo,Sheikh Zayed,208.0,3.0,3.0,,2025,Developer,Pool,Installments,Finished,Unfurnished,Yes,Yes,0.34,Grey,10286000.0
EG-11965,Cairo,6th of October,230.0,4.0,2.0,3.0,2025,Broker,Other,Cash,Unfinished,Unfurnished,Yes,Yes,3.84,Beige,3490000.0
EG-11966,Cairo,Ain Shams,40.0,1.0,1.0,,2020,Developer,Other,Cash,Finished,Furnished,Yes,Yes,13.83,Off-White,1426000.0
EG-11967,Cairo,Al-Haram,140.0,2.0,2.0,1.0,2005,Developer,Street,Cash,Finished,Unfurnished,Yes,No,13.9,Brown,4181000.0
EG-11968,Cairo,6th of October,58.0,1.0,,1.0,2026,Broker,Street,Installments,Finished,Unfurnished,Yes,Yes,12.0,White,3133000.0
EG-11969,Cairo,Heliopolis,76.0,1.0,1.0,1.0,2026,Broker,Pool,Installments,Finished,Furnished,Yes,No,14.73,Beige,4399000.0
EG-11970,Cairo,Shubra,75.0,2.0,1.0,13.0,2011,Broker,Street,Cash,Finished,Unfurnished,No,Yes,12.12,Beige,2300000.0
EG-11971,Cairo,6th of October,86.0,2.0,1.0,1.0,2026,Broker,Street,Installments,Finished,Furnished,Yes,Yes,0.25,White,4839000.0
EG-11972,Cairo,Al-Haram,,1.0,1.0,1.0,2026,Broker,Street,Installments,Finished,Unfurnished,Yes,Yes,4.39,Beige,3521000.0
EG-11973,Cairo,6th of October,175.0,3.0,3.0,3.0,2025,Broker,Other,Installments,Finished,Unfurnished,Yes,Yes,0.56,Brown,3746000.0
EG-11974,Cairo,Nasr City,74.0,2.0,1.0,1.0,2026,Broker,Street,Installments,Finished,Unfurnished,No,No,1.5,White,3696000.0
EG-11975,Cairo,Nasr City,75.0,2.0,1.0,1.0,2026,Broker,Other,Installments,Finished,Unfurnished,Yes,Yes,3.36,White,3644000.0
EG-11976,Cairo,Maadi,82.0,2.0,1.0,1.0,2026,Broker,Lake,Installments,Finished,Furnished,No,Yes,7.6,Brown,4792000.0
EG-11977,Cairo,Ain Shams,58.0,1.0,1.0,1.0,2026,Broker,Street,Installments,Finished,Unfurnished,No,No,12.73,Brown,2952000.0
EG-11978,Cairo,Al-Haram,76.0,2.0,1.0,1.0,2026,Broker,Street,Installments,Finished,Furnished,Yes,Yes,12.94,White,3711000.0
EG-11979,Cairo,Sheikh Zayed,140.0,3.0,3.0,2.0,2024,Broker,Pool,Cash,Unfinished,Furnished,Yes,Yes,9.28,Brown,8567000.0
EG-11980,Cairo,Heliopolis,63.0,1.0,1.0,4.0,2026,Broker,Garden,Installments,Finished,Unfurnished,Yes,No,13.93,Brown,4409000.0
EG-11981,Cairo,Heliopolis,190.0,3.0,2.0,3.0,2014,Broker,Street,Cash,Unfinished,Unfurnished,Yes,Yes,7.55,Brown,3903000.0
EG-11982,Cairo,Sheikh Zayed,140.0,3.0,3.0,4.0,2025,Broker,Street,Installments,Unfinished,Furnished,Yes,No,13.35,White,8771000.0
EG-11983,Cairo,Sheikh Zayed,250.0,4.0,4.0,1.0,1990,Broker,Street,Cash,Finished,Furnished,Yes,Yes,6.87,Beige,9796000.0
EG-11984,Cairo,Nasr City,58.0,1.0,1.0,1.0,2026,Broker,Street,Installments,Finished,Unfurnished,No,Yes,4.23,Grey,3041000.0
EG-11985,Cairo,Al-Haram,66.0,1.0,1.0,4.0,2026,Broker,Other,Installments,Finished,Furnished,Yes,No,13.75,White,4239000.0
EG-11986,Cairo,Al-Haram,53.0,1.0,1.0,4.0,2027,Broker,Other,Installments,Finished,Unfurnished,Yes,No,5.88,Grey,2689000.0
EG-11987,Cairo,Nasr City,58.0,1.0,1.0,,2027,Broker,Street,Installments,Finished,Furnished,No,Yes,7.6,Brown,3347000.0
EG-11988,Cairo,Nasr City,135.0,3.0,1.0,1.0,2026,Broker,Street,Installments,Finished,Furnished,Yes,Yes,5.0,Brown,6593000.0
EG-11989,Cairo,Al-Haram,53.0,1.0,1.0,3.0,2027,Broker,Street,Installments,Finished,Unfurnished,Yes,Yes,9.98,Beige,2969000.0
EG-11990,Cairo,6th of October,88.0,2.0,1.0,3.0,2027,Broker,Street,Installments,Finished,Unfurnished,No,Yes,14.93,Brown,4785000.0
EG-11991,Cairo,Al-Haram,108.0,3.0,1.0,1.0,2026,Broker,Street,Installments,Finished,Unfurnished,Yes,No,0.48,Grey,4824000.0
EG-11992,Cairo,Al-Haram,181.0,3.0,3.0,2.0,2027,Broker,Other,Installments,Unfinished,Unfurnished,No,Yes,13.51,White,3738000.0
EG-11993,Cairo,Sheikh Zayed,145.0,3.0,2.0,4.0,2025,Broker,Garden,Installments,Unfinished,Furnished,Yes,Yes,0.16,White,9002000.0
EG-11994,Cairo,6th of October,58.0,1.0,1.0,4.0,2027,Broker,Street,Installments,Finished,Unfurnished,Yes,Yes,5.53,Beige,3307000.0
EG-11995,Cairo,Heliopolis,128.0,2.0,2.0,2.0,2027,Broker,Street,Installments,Finished,Unfurnished,No,Yes,2.61,Grey,3884000.0
EG-11996,Cairo,Maadi,198.0,3.0,3.0,2.0,2028,Broker,Lake,Installments,Unfinished,Unfurnished,Yes,Yes,11.38,Brown,6295000.0
EG-11997,Cairo,Maadi,108.0,2.0,1.0,3.0,2027,Broker,Street,Installments,Finished,Unfurnished,Yes,Yes,0.85,Off-White,6050000.0
EG-11998,Cairo,Al-Haram,120.0,2.0,1.0,4.0,2009,Cash,Street,Cash,Finished,Furnished,Yes,No,8.35,Beige,3486000.0
EG-11999,Cairo,New Cairo,260.0,3.0,3.0,5.0,2021,Broker,Pool,Cash,Unfinished,Furnished,No,Yes,4.49,Beige,11434000.0
EG-12000,Cairo,Ain Shams,150.0,3.0,2.0,6.0,2006,Broker,Street,Cash,Finished,Unfurnished,No,Yes,2.09,Off-White,3484000.0
EG-12001,Cairo,6th of October,230.0,3.0,2.0,6.0,2012,Broker,Street,Cash,Finished,Furnished,Yes,No,11.6,White,6867000.0
EG-12002,Cairo,Shubra,,3.0,2.0,4.0,2024,Developer,Street,Cash,Finished,Unfurnished,No,No,3.34,White,2802000.0
EG-12003,Cairo,Maadi,,3.0,3.0,3.0,2023,Broker,Street,Installments,Unfinished,Furnished,No,Yes,3.43,White,10999000.0
EG-12004,Cairo,Nasr City,185.0,3.0,2.0,1.0,2025,Broker,Street,Cash,Unfinished,Furnished,No,No,4.2,Off-White,2379000.0
EG-12005,Cairo,Sheikh Zayed,76.0,1.0,1.0,3.0,2027,Broker,Street,Installments,Finished,Furnished,Yes,No,8.84,Brown,7819000.0
EG-12006,Cairo,New Cairo,150.0,3.0,2.0,2.0,2024,Broker,Garden,Cash,Finished,Furnished,No,Yes,9.93,Brown,10078000.0
EG-12007,Cairo,Heliopolis,184.0,3.0,2.0,4.0,2016,Developer,Garden,Cash,Finished,Unfurnished,Yes,No,0.36,Grey,5118000.0
EG-12008,Cairo,Al-Haram,200.0,3.0,2.0,2.0,2018,Broker,Street,Cash,Finished,Unfurnished,No,Yes,3.7,Grey,6919000.0
EG-12009,Cairo,Al-Haram,120.0,3.0,2.0,4.0,2025,Broker,Street,Cash,Finished,Unfurnished,Yes,Yes,6.52,White,2000000.0
EG-12010,Cairo,Heliopolis,,2.0,1.0,2.0,2026,Broker,Pool,Installments,Finished,Furnished,Yes,Yes,5.05,Off-White,12403000.0
EG-12011,Cairo,Maadi,125.0,2.0,2.0,2.0,2024,Broker,Pool,Installments,Finished,Unfurnished,No,Yes,13.27,Beige,12351000.0
EG-12012,Cairo,Maadi,240.0,3.0,2.0,0.0,2025,Private Owner,Street,Installments,Unfinished,Furnished,No,Yes,11.84,Brown,4325000.0
EG-12013,Cairo,Al-Haram,64.0,1.0,1.0,1.0,2026,Broker,Street,Installments,Finished,Unfurnished,Yes,No,9.43,Off-White,3169000.0
EG-12014,Cairo,Maadi,77.0,1.0,1.0,1.0,2026,Broker,Garden,Installments,Finished,Furnished,No,Yes,5.14,Grey,4289000.0
EG-12015,Cairo,Sheikh Zayed,190.0,3.0,2.0,1.0,2024,Broker,Pool,Installments,Finished,Unfurnished,Yes,No,10.54,Brown,7307000.0
EG-12016,Cairo,Shubra,58.0,1.0,1.0,1.0,2026,Broker,Other,Installments,Finished,Unfurnished,Yes,No,12.67,Brown,2736000.0
EG-12017,Cairo,Heliopolis,80.0,1.0,1.0,1.0,2026,Broker,Garden,Installments,Finished,Unfurnished,Yes,No,8.96,Off-White,4529000.0
EG-12018,Cairo,Ain Shams,71.0,1.0,1.0,1.0,2026,Broker,Street,Installments,Finished,Furnished,Yes,Yes,11.79,Grey,3995000.0
EG-12019,Cairo,Nasr City,68.0,1.0,1.0,1.0,2026,Broker,Street,Installments,Finished,Unfurnished,No,No,11.26,Off-White,3525000.0
EG-12020,Cairo,6th of October,96.0,2.0,1.0,1.0,2026,Broker,Street,Installments,Finished,Furnished,Yes,Yes,8.62,Beige,4688000.0
EG-12021,Cairo,Ain Shams,170.0,3.0,2.0,3.0,2016,Developer,Street,Cash,Finished,Unfurnished,Yes,No,4.75,Brown,3186000.0
EG-12022,Cairo,Heliopolis,200.0,3.0,2.0,2.0,1997,Broker,Garden,Cash,Finished,Unfurnished,No,Yes,11.21,Off-White,7914000.0
EG-12023,Cairo,Heliopolis,102.0,2.0,1.0,1.0,2026,Broker,Street,Installments,Finished,Unfurnished,Yes,No,3.18,Off-White,5150000.0
EG-12024,Cairo,Ain Shams,102.0,2.0,1.0,1.0,2027,Broker,Other,Installments,Unfinished,Unfurnished,No,Yes,11.71,Beige,2780000.0
EG-12025,Cairo,6th of October,58.0,1.0,1.0,1.0,2026,Broker,Street,Installments,Finished,Furnished,No,No,12.09,Off-White,3074000.0
EG-12026,Cairo,Sheikh Zayed,153.0,3.0,3.0,5.0,2026,Broker,Garden,Installments,Unfinished,Furnished,Yes,No,12.35,Brown,8206000.0
EG-12027,Cairo,Al-Haram,58.0,1.0,,1.0,2026,Broker,Street,Installments,Finished,Furnished,Yes,No,7.15,White,3167000.0
EG-12028,Cairo,Nasr City,64.0,1.0,1.0,1.0,2026,Broker,Other,Installments,Finished,Unfurnished,No,Yes,2.97,White,3133000.0
EG-12029,Cairo,Shubra,53.0,1.0,1.0,3.0,2027,Broker,Other,Installments,Finished,Unfurnished,Yes,Yes,1.59,Grey,2721000.0
EG-12030,Cairo,6th of October,88.0,,1.0,4.0,2027,Broker,Other,Installments,Finished,Unfurnished,Yes,Yes,11.18,Beige,4599000.0
EG-12031,Cairo,Ain Shams,51.0,1.0,1.0,1.0,2026,Broker,Other,Installments,Finished,Unfurnished,No,Yes,13.31,Grey,2406000.0
EG-12032,Cairo,Heliopolis,76.0,1.0,1.0,3.0,2027,Broker,Garden,Installments,Finished,Unfurnished,No,Yes,9.8,White,7810000.0
EG-12033,Cairo,Maadi,98.0,2.0,1.0,3.0,2027,Broker,Street,Installments,Finished,Unfurnished,Yes,Yes,2.25,Beige,4804000.0
EG-12034,Cairo,Maadi,150.0,,1.0,2.0,1986,Broker,Garden,Cash,Finished,Unfurnished,No,No,14.03,Off-White,4302000.0
EG-12035,Cairo,6th of October,126.0,3.0,2.0,3.0,2024,Broker,Street,Cash,Unfinished,Unfurnished,Yes,Yes,14.84,Off-White,4284000.0
EG-12036,Cairo,New Cairo,125.0,2.0,2.0,2.0,2024,Broker,Pool,Installments,Finished,Unfurnished,Yes,No,6.56,Brown,12351000.0
EG-12037,Cairo,Nasr City,56.0,1.0,1.0,1.0,2026,Broker,Street,Installments,Finished,Furnished,Yes,Yes,8.96,White,3151000.0
EG-12038,Cairo,New Cairo,167.0,2.0,1.0,2.0,2026,Broker,Garden,Installments,Finished,Furnished,Yes,No,11.68,Off-White,12039000.0
EG-12039,Cairo,6th of October,92.0,1.0,1.0,1.0,2026,Broker,Street,Installments,Finished,Furnished,No,Yes,11.07,Beige,4835000.0
EG-12040,Cairo,Heliopolis,260.0,3.0,3.0,5.0,2021,Broker,Garden,Cash,Unfinished,Unfurnished,Yes,No,14.52,Off-White,10774000.0
EG-12041,Cairo,Shubra,150.0,3.0,2.0,6.0,2006,Broker,Other,Cash,Finished,Unfurnished,Yes,Yes,1.81,Grey,3290000.0
EG-12042,Cairo,Nasr City,230.0,3.0,,6.0,2012,Broker,Street,Cash,Finished,Furnished,Yes,Yes,8.75,Grey,7075000.0
EG-12043,Cairo,Sheikh Zayed,125.0,2.0,2.0,3.0,2024,Broker,Garden,Installments,Unfinished,Unfurnished,Yes,Yes,10.41,Grey,7874000.0
EG-12044,Cairo,Maadi,150.0,3.0,3.0,3.0,2023,Broker,Lake,Installments,Unfinished,Furnished,No,Yes,13.36,Grey,11769000.0
EG-12045,Cairo,Nasr City,115.0,2.0,2.0,2.0,2029,Broker,Street,Installments,Unfinished,Unfurnished,No,Yes,13.12,Grey,3335000.0
EG-12046,Cairo,Ain Shams,185.0,3.0,2.0,1.0,2025,Broker,Street,Cash,Unfinished,Unfurnished,No,No,14.67,Brown,2242000.0
EG-12047,Cairo,Heliopolis,150.0,3.0,2.0,2.0,2024,Broker,Pool,Cash,Finished,Unfurnished,No,Yes,7.73,Grey,9497000.0
EG-12048,Cairo,Maadi,200.0,3.0,2.0,2.0,2018,Broker,Garden,Cash,Finished,Furnished,Yes,No,12.48,Brown,7783000.0
EG-12049,Cairo,6th of October,170.0,3.0,3.0,1.0,2024,Broker,Other,Installments,Unfinished,Unfurnished,Yes,No,6.47,Brown,2685000.0
EG-12050,Cairo,Al-Haram,120.0,3.0,2.0,4.0,2025,Broker,Other,Cash,Finished,Furnished,No,No,6.39,Off-White,1832000.0
EG-12051,Cairo,Al-Haram,125.0,2.0,3.0,3.0,2026,Broker,Street,Installments,Unfinished,Unfurnished,Yes,Yes,3.87,Beige,5664000.0
EG-12052,Cairo,Maadi,120.0,2.0,2.0,2.0,2027,Broker,Lake,Installments,Unfinished,Unfurnished,No,Yes,12.29,Grey,10102000.0
EG-12053,Cairo,Heliopolis,125.0,3.0,2.0,2.0,2027,Broker,Garden,Installments,Unfinished,Unfurnished,No,Yes,14.79,Beige,9305000.0
EG-12054,Cairo,Shubra,72.0,1.0,1.0,1.0,2026,Broker,Other,Installments,Finished,Unfurnished,No,Yes,3.92,White,3268000.0
EG-12055,Cairo,Shubra,75.0,1.0,1.0,1.0,2026,Broker,Street,Installments,Finished,Unfurnished,Yes,Yes,0.94,Brown,3751000.0
EG-12056,Cairo,Al-Haram,98.0,2.0,1.0,1.0,2027,Broker,Other,Installments,Finished,Unfurnished,Yes,Yes,12.25,White,4223000.0
EG-12057,Cairo,Shubra,85.0,1.0,1.0,1.0,2027,Broker,Other,Installments,Finished,Furnished,No,Yes,9.34,Brown,2809000.0
EG-12058,Cairo,Sheikh Zayed,153.0,2.0,2.0,4.0,2020,Broker,Street,Cash,Finished,Unfurnished,No,No,14.4,Grey,12561000.0
EG-12059,Cairo,6th of October,88.0,2.0,1.0,2.0,2027,Broker,Other,Installments,Finished,Unfurnished,No,Yes,3.86,White,3914000.0
EG-12060,Cairo,Heliopolis,181.0,3.0,3.0,3.0,2027,Broker,Pool,Installments,Unfinished,Furnished,Yes,Yes,1.16,Off-White,4349000.0
EG-12061,Cairo,Shubra,75.0,1.0,1.0,1.0,2026,Broker,Street,Installments,Finished,Unfurnished,No,Yes,7.44,White,3641000.0
EG-12062,Cairo,Al-Haram,121.0,3.0,2.0,,2025,Broker,Other,Installments,Finished,Unfurnished,No,Yes,1.37,Brown,2612000.0
EG-12063,Cairo,New Cairo,115.0,2.0,2.0,2.0,2027,Broker,Pool,Installments,Unfinished,Unfurnished,Yes,No,4.0,Brown,13375000.0
EG-12064,Cairo,Heliopolis,130.0,2.0,3.0,2.0,2028,Broker,Garden,Installments,Unfinished,Unfurnished,No,No,1.98,Beige,9430000.0
EG-12065,Cairo,Al-Haram,101.0,2.0,1.0,2.0,2027,Broker,Street,Installments,Finished,Unfurnished,Yes,No,3.44,White,5001000.0
EG-12066,Cairo,Maadi,190.0,4.0,4.0,2.0,2027,Broker,Garden,Installments,Unfinished,Furnished,No,No,1.68,Off-White,13776000.0
EG-12067,Cairo,Sheikh Zayed,110.0,1.0,1.0,1.0,2027,Broker,Street,Installments,Finished,Unfurnished,Yes,Yes,14.31,Grey,7153000.0
EG-12068,Cairo,6th of October,168.0,3.0,1.0,13.0,2027,Broker,Street,Installments,Finished,Unfurnished,No,Yes,4.25,Beige,6311000.0
EG-12069,Cairo,Heliopolis,108.0,2.0,1.0,1.0,2027,Broker,Garden,Installments,Finished,Unfurnished,Yes,No,6.71,White,6002000.0
EG-12070,Cairo,Ain Shams,53.0,1.0,1.0,1.0,2027,Broker,Other,Installments,Finished,Furnished,Yes,No,13.49,Beige,2702000.0
EG-12071,Cairo,6th of October,85.0,2.0,1.0,4.0,2027,Broker,Other,Installments,Finished,Unfurnished,No,No,10.19,White,3894000.0
EG-12072,Cairo,Ain Shams,58.0,1.0,1.0,1.0,2027,Broker,Street,Installments,Finished,Furnished,Yes,No,9.31,Grey,3227000.0
EG-12073,Cairo,Ain Shams,53.0,1.0,1.0,1.0,2027,Broker,Street,Installments,Finished,Furnished,No,Yes,10.61,Grey,2949000.0
EG-12074,Cairo,Sheikh Zayed,156.0,2.0,3.0,2.0,2024,Broker,Garden,Cash,Unfinished,Unfurnished,Yes,No,12.45,Off-White,11264000.0
EG-12075,Cairo,Al-Haram,121.0,3.0,2.0,3.0,2025,Broker,Street,Installments,Finished,Furnished,No,Yes,13.18,Beige,3024000.0
EG-12076,Cairo,Ain Shams,40.0,1.0,1.0,0.0,2025,Developer,Street,Cash,Finished,Unfurnished,Yes,Yes,9.68,Off-White,1467000.0
EG-12077,Cairo,Maadi,88.0,2.0,1.0,1.0,2027,Broker,Lake,Installments,Finished,Unfurnished,No,Yes,13.36,White,4937000.0
EG-12078,Cairo,Shubra,57.0,1.0,1.0,1.0,2027,Broker,Street,Installments,Finished,Furnished,Yes,Yes,8.08,Grey,3822000.0
EG-12079,Cairo,Al-Haram,56.0,1.0,1.0,1.0,2026,Broker,Street,Installments,Finished,Unfurnished,Yes,Yes,4.23,Grey,2969000.0
EG-12080,Cairo,Nasr City,58.0,1.0,1.0,1.0,2026,Broker,Street,Installments,Finished,Furnished,No,Yes,13.21,Brown,3167000.0
EG-12081,Cairo,Ain Shams,150.0,3.0,1.0,4.0,2020,Private Owner,Street,Cash,Finished,Unfurnished,Yes,Yes,8.17,Brown,2564000.0
EG-12082,Cairo,Nasr City,57.0,1.0,1.0,,2027,Broker,Street,Installments,Finished,Furnished,No,Yes,13.6,Off-White,3709000.0
EG-12083,Cairo,Ain Shams,54.0,1.0,1.0,1.0,2026,Broker,Other,Installments,Finished,Furnished,Yes,Yes,0.7,Beige,2784000.0
EG-12084,Cairo,Al-Haram,62.0,1.0,1.0,1.0,2027,Broker,Street,Installments,Finished,Unfurnished,No,No,6.02,White,3506000.0
EG-12085,Cairo,Heliopolis,250.0,3.0,2.0,3.0,2025,Broker,Garden,Cash,Unfinished,Unfurnished,Yes,No,14.22,Off-White,4114000.0
EG-12086,Cairo,Nasr City,85.0,2.0,1.0,4.0,2027,Broker,Street,Installments,Finished,Unfurnished,No,Yes,3.82,Grey,4377000.0
EG-12087,Cairo,Al-Haram,,1.0,1.0,1.0,2026,Broker,Other,Installments,Finished,Furnished,Yes,No,14.13,Grey,3324000.0
EG-12088,Cairo,6th of October,88.0,2.0,1.0,2.0,2027,Broker,Street,Installments,Finished,Furnished,Yes,Yes,14.31,Grey,5138000.0
EG-12089,Cairo,Heliopolis,197.0,3.0,2.0,8.0,1986,Broker,Garden,Cash,Finished,Unfurnished,Yes,Yes,13.24,White,6523000.0
EG-12090,Cairo,Shubra,136.0,3.0,2.0,1.0,2025,Broker,Street,Cash,Unfinished,Unfurnished,Yes,Yes,8.5,Off-White,3713000.0
EG-12091,Cairo,Heliopolis,155.0,3.0,3.0,4.0,2028,Broker,Street,Installments,Unfinished,Unfurnished,No,Yes,9.74,White,7931000.0
EG-12092,Cairo,Heliopolis,240.0,4.0,3.0,3.0,2023,Broker,Garden,Cash,Finished,Unfurnished,No,No,13.06,Grey,11266000.0
EG-12093,Cairo,Nasr City,89.0,2.0,1.0,3.0,2027,Broker,Street,Installments,Finished,Furnished,No,Yes,11.66,Brown,4865000.0
EG-12094,Cairo,6th of October,68.0,1.0,1.0,1.0,2026,Broker,Street,Installments,Finished,Furnished,Yes,Yes,9.49,Off-White,3970000.0
EG-12095,Cairo,Al-Haram,180.0,4.0,2.0,9.0,2006,Broker,Street,Cash,Finished,Unfurnished,Yes,Yes,14.74,Brown,6769000.0
EG-12096,Cairo,Shubra,57.0,1.0,,1.0,2027,Broker,Other,Installments,Finished,Furnished,Yes,No,10.32,Off-White,3400000.0
EG-12097,Cairo,Ain Shams,57.0,1.0,1.0,1.0,2027,Broker,Street,Installments,Finished,Furnished,No,Yes,14.63,Grey,3709000.0
EG-12098,Cairo,Heliopolis,270.0,4.0,2.0,6.0,2025,Broker,Pool,Cash,Finished,Furnished,Yes,No,0.96,Brown,5599000.0
EG-12099,Cairo,Nasr City,108.0,3.0,1.0,,2028,Broker,Street,Installments,Unfinished,Unfurnished,No,No,2.17,Brown,2078000.0
EG-12100,Cairo,Maadi,89.0,2.0,1.0,1.0,2027,Broker,Lake,Installments,Finished,Furnished,Yes,No,6.83,Off-White,5205000.0
EG-12101,Cairo,Heliopolis,210.0,3.0,2.0,1.0,2020,Broker,Pool,Cash,Unfinished,Unfurnished,Yes,No,5.83,Brown,5877000.0
EG-12102,Cairo,Al-Haram,64.0,1.0,1.0,1.0,2026,Broker,Street,Installments,Finished,Unfurnished,No,Yes,11.76,Brown,3418000.0
EG-12103,Cairo,Nasr City,104.0,2.0,1.0,1.0,2027,Broker,Street,Installments,Finished,Furnished,Yes,Yes,2.49,Grey,6625000.0
EG-12104,Cairo,6th of October,80.0,2.0,1.0,3.0,2019,Broker,Street,Cash,Finished,Unfurnished,Yes,No,14.64,Off-White,1543000.0
EG-12105,Cairo,Al-Haram,89.0,2.0,1.0,4.0,2027,Broker,Street,Installments,Finished,Unfurnished,No,Yes,4.79,Off-White,4584000.0
EG-12106,Cairo,Shubra,75.0,,1.0,2.0,2026,Broker,Other,Installments,Finished,Furnished,Yes,Yes,6.49,Beige,3649000.0
EG-12107,Cairo,New Cairo,180.0,3.0,3.0,0.0,2028,Broker,Pool,Installments,Unfinished,Furnished,Yes,Yes,4.19,Off-White,9046000.0
EG-12108,Cairo,6th of October,85.0,2.0,1.0,1.0,2027,Broker,Other,Installments,Finished,Furnished,No,No,8.73,Grey,4132000.0
EG-12109,Cairo,Maadi,85.0,2.0,1.0,1.0,2027,Broker,Lake,Installments,Finished,Unfurnished,Yes,Yes,0.97,Brown,4825000.0
EG-12110,Cairo,Al-Haram,85.0,1.0,2.0,1.0,2026,Broker,Other,Installments,Finished,Unfurnished,Yes,Yes,2.33,Beige,3663000.0
EG-12111,Cairo,Maadi,206.0,3.0,3.0,2.0,2025,Broker,Lake,Cash,Unfinished,Furnished,No,No,11.21,Brown,5092000.0
EG-12112,Cairo,Nasr City,130.0,3.0,3.0,0.0,2028,Broker,Street,Installments,Unfinished,Unfurnished,No,Yes,2.88,Off-White,5863000.0
EG-12113,Cairo,Al-Haram,,2.0,1.0,1.0,2027,Broker,Other,Installments,Finished,Unfurnished,Yes,Yes,3.61,White,4134000.0
EG-12114,Cairo,Ain Shams,72.0,1.0,1.0,1.0,2026,Broker,Street,Installments,Finished,Furnished,No,Yes,11.92,Brown,3784000.0
EG-12115,Cairo,Maadi,183.0,3.0,3.0,0.0,2025,Broker,Garden,Installments,Finished,Unfurnished,Yes,Yes,1.49,Off-White,5196000.0
EG-12116,Cairo,Al-Haram,72.0,2.0,1.0,1.0,2027,Broker,Street,Installments,Finished,Furnished,Yes,Yes,6.62,Grey,4223000.0
EG-12117,Cairo,Maadi,67.0,1.0,1.0,4.0,2026,Broker,Lake,Installments,Finished,Unfurnished,No,Yes,0.44,Off-White,4733000.0
EG-12118,Cairo,Al-Haram,85.0,,,1.0,2027,Broker,Street,Installments,Finished,Furnished,No,No,5.27,Beige,4508000.0
EG-12119,Cairo,Maadi,194.0,3.0,3.0,1.0,2021,Broker,Street,Installments,Unfinished,Unfurnished,No,No,10.51,White,3936000.0
EG-12120,Cairo,Sheikh Zayed,185.0,3.0,4.0,4.0,2028,Broker,Pool,Installments,Finished,Furnished,No,Yes,1.44,White,13107000.0
EG-12121,Cairo,Al-Haram,75.0,1.0,,1.0,2026,Broker,Street,Installments,Finished,Unfurnished,Yes,No,13.34,White,3641000.0
EG-12122,Cairo,Heliopolis,117.0,1.0,1.0,2.0,2026,Broker,Pool,Installments,Finished,Furnished,Yes,Yes,13.65,Grey,8842000.0
EG-12123,Cairo,Al-Haram,85.0,1.0,1.0,1.0,2026,Broker,Street,Installments,Finished,Unfurnished,No,Yes,1.66,White,3879000.0
EG-12124,Cairo,New Cairo,124.0,1.0,1.0,4.0,2026,Broker,Garden,Installments,Finished,Furnished,No,No,14.86,Brown,10175000.0
EG-12125,Cairo,Heliopolis,,2.0,1.0,4.0,2027,Broker,Street,Installments,Finished,Furnished,Yes,Yes,4.53,Grey,4786000.0
EG-12126,Cairo,Nasr City,,1.0,1.0,1.0,2026,Broker,Street,Installments,Finished,Furnished,Yes,No,1.35,Off-White,3784000.0
EG-12127,Cairo,6th of October,220.0,3.0,3.0,1.0,2018,Broker,Street,Cash,Unfinished,Furnished,No,Yes,0.18,Beige,4903000.0
EG-12128,Cairo,6th of October,72.0,1.0,1.0,1.0,2026,Broker,Street,Installments,Finished,Unfurnished,No,Yes,6.19,Grey,3565000.0
EG-12129,Cairo,Ain Shams,62.0,1.0,1.0,1.0,2027,Broker,Street,Installments,Finished,Unfurnished,Yes,No,9.48,Beige,3070000.0
EG-12130,Cairo,6th of October,85.0,2.0,1.0,1.0,2027,Broker,Street,Installments,Finished,Unfurnished,No,Yes,5.05,Grey,4377000.0
EG-12131,Cairo,Heliopolis,194.0,3.0,3.0,1.0,2021,Broker,Garden,Installments,Unfinished,Unfurnished,Yes,Yes,12.57,Off-White,4429000.0
EG-12132,Cairo,Sheikh Zayed,115.0,1.0,1.0,1.0,2026,Broker,Garden,Installments,Finished,Furnished,Yes,Yes,10.78,Beige,8202000.0
EG-12133,Cairo,Madinaty,108.0,1.0,1.0,4.0,2026,Broker,Pool,Installments,Finished,Furnished,Yes,Yes,5.32,Grey,11264000.0
EG-12134,Cairo,Madinaty,180.0,3.0,3.0,5.0,2029,Broker,Garden,Installments,Finished,Unfurnished,Yes,No,11.04,Beige,7616000.0
EG-12135,Cairo,Heliopolis,149.0,3.0,3.0,1.0,2020,Broker,Garden,Cash,Finished,Unfurnished,No,No,14.11,White,10754000.0
EG-12136,Cairo,Shubra,125.0,3.0,1.0,,2025,Broker,Street,Cash,Finished,Unfurnished,Yes,No,1.49,White,3484000.0
EG-12137,Cairo,Sheikh Zayed,125.0,2.0,1.0,2.0,2026,Broker,Garden,Installments,Finished,Unfurnished,Yes,Yes,4.66,White,8748000.0
EG-12138,Cairo,Heliopolis,88.0,2.0,1.0,2.0,2027,Broker,Street,Installments,Finished,Furnished,No,Yes,7.0,Brown,4532000.0
EG-12139,Cairo,Heliopolis,100.0,2.0,1.0,3.0,2025,Broker,Pool,Installments,Unfinished,Furnished,Yes,No,7.52,White,6795000.0
EG-12140,Cairo,Heliopolis,126.0,,2.0,4.0,2025,Broker,Garden,Installments,Unfinished,Unfurnished,No,Yes,8.18,White,3812000.0
EG-12141,Cairo,Nasr City,101.0,2.0,1.0,2.0,2027,Broker,Street,Installments,Finished,Unfurnished,No,Yes,4.58,Off-White,5001000.0
EG-12142,Cairo,Nasr City,150.0,3.0,1.0,11.0,2000,Broker,Street,Cash,Finished,Furnished,Yes,No,10.04,Beige,3169000.0
EG-12143,Cairo,Maadi,116.0,2.0,1.0,4.0,2025,Broker,Lake,Installments,Unfinished,Unfurnished,Yes,Yes,9.71,Beige,8489000.0
EG-12144,Cairo,6th of October,62.0,1.0,1.0,1.0,2027,Broker,Street,Installments,Finished,Unfurnished,No,No,8.71,White,2980000.0
EG-12145,Cairo,Shubra,62.0,1.0,1.0,1.0,2027,Broker,Street,Installments,Finished,Unfurnished,No,Yes,1.8,Beige,3070000.0
EG-12146,Cairo,Heliopolis,100.0,2.0,1.0,2.0,2023,Broker,Garden,Cash,Finished,Unfurnished,Yes,No,7.21,Grey,4748000.0
EG-12147,Cairo,Sheikh Zayed,128.0,2.0,3.0,1.0,2026,Broker,Garden,Installments,Finished,Furnished,No,Yes,5.41,White,13216000.0
EG-12148,Cairo,Shubra,62.0,1.0,1.0,1.0,2027,Broker,Street,Installments,Finished,Unfurnished,Yes,No,7.42,White,2948000.0
EG-12149,Cairo,Maadi,200.0,3.0,2.0,2.0,2023,Broker,Lake,Cash,Finished,Unfurnished,Yes,Yes,13.84,Brown,5268000.0
EG-12150,Cairo,Al-Haram,,1.0,1.0,1.0,2027,Broker,Street,Installments,Finished,Unfurnished,No,No,7.26,Grey,2980000.0
EG-12151,Cairo,Nasr City,72.0,1.0,1.0,1.0,2026,Broker,Street,Installments,Finished,Furnished,No,Yes,0.31,White,3709000.0
EG-12152,Cairo,6th of October,72.0,1.0,1.0,1.0,2026,Broker,Street,Installments,Finished,Unfurnished,Yes,No,6.64,White,3495000.0
EG-12153,Cairo,New Cairo,159.0,3.0,3.0,3.0,2025,Broker,Pool,Cash,Finished,Furnished,Yes,No,12.33,Beige,8399000.0
EG-12154,Cairo,6th of October,146.0,2.0,2.0,2.0,2024,Broker,Other,Cash,Unfinished,Furnished,No,Yes,11.72,White,5213000.0
EG-12155,Cairo,Nasr City,72.0,1.0,1.0,1.0,2026,Broker,Street,Installments,Finished,Unfurnished,No,Yes,7.75,White,3565000.0
EG-12156,Cairo,Al-Haram,116.0,3.0,2.0,1.0,2025,Broker,Street,Cash,Finished,Unfurnished,No,No,3.82,White,3382000.0
EG-12157,Cairo,Shubra,77.0,1.0,1.0,1.0,2026,Broker,Street,Installments,Finished,Unfurnished,Yes,Yes,7.03,White,3466000.0
EG-12158,Cairo,Nasr City,70.0,1.0,1.0,1.0,2027,Broker,Other,Installments,Finished,Unfurnished,No,No,8.5,Brown,3325000.0
EG-12159,Cairo,Shubra,72.0,1.0,1.0,1.0,2026,Broker,Street,Installments,Finished,Unfurnished,Yes,Yes,15.0,Grey,3601000.0
EG-12160,Cairo,6th of October,96.0,1.0,1.0,1.0,2027,Broker,Street,Installments,Finished,Furnished,No,No,9.7,Brown,6241000.0
EG-12161,Cairo,6th of October,72.0,1.0,1.0,1.0,2026,Broker,Street,Installments,Finished,Unfurnished,Yes,Yes,10.44,Beige,3673000.0
EG-12162,Cairo,Shubra,72.0,1.0,1.0,1.0,2026,Broker,Street,Installments,Finished,Unfurnished,No,No,7.42,Off-White,3460000.0
EG-12163,Cairo,Ain Shams,72.0,1.0,1.0,2.0,2026,Broker,Street,Installments,Finished,Unfurnished,No,Yes,5.38,White,3495000.0
EG-12164,Cairo,Al-Haram,85.0,1.0,1.0,1.0,2027,Broker,Street,Installments,Finished,Unfurnished,No,Yes,12.21,Beige,2889000.0
EG-12165,Cairo,Al-Haram,160.0,3.0,2.0,1.0,2025,Broker,Street,Cash,Unfinished,Unfurnished,No,Yes,7.47,Off-White,2726000.0
EG-12166,Cairo,Nasr City,72.0,1.0,1.0,1.0,2026,Broker,Street,Installments,Finished,Unfurnished,No,No,14.92,White,3393000.0
EG-12167,Cairo,Shubra,180.0,3.0,2.0,7.0,2013,Broker,Other,Cash,Finished,Unfurnished,No,Yes,6.91,White,2691000.0
EG-12168,Cairo,Maadi,179.0,2.0,1.0,4.0,2026,Broker,Lake,Installments,Finished,Unfurnished,No,Yes,1.11,Off-White,15518000.0
EG-12169,Cairo,6th of October,140.0,3.0,1.0,9.0,2013,Broker,Street,Cash,Finished,Unfurnished,No,No,10.27,Brown,1594000.0
EG-12170,Cairo,Al-Haram,185.0,3.0,2.0,2.0,2026,Broker,Street,Cash,Unfinished,Unfurnished,No,Yes,0.79,Off-White,4620000.0
EG-12171,Cairo,Shubra,140.0,3.0,3.0,6.0,2025,Broker,Street,Cash,Unfinished,Furnished,Yes,No,3.83,Off-White,1226000.0
EG-12172,Cairo,New Cairo,130.0,2.0,2.0,2.0,2029,Broker,Pool,Installments,Unfinished,Furnished,Yes,No,5.37,Grey,8064000.0
EG-12173,Cairo,Al-Haram,145.0,3.0,2.0,4.0,2000,Broker,Street,Cash,Finished,Furnished,Yes,Yes,11.12,White,1850000.0
EG-12174,Cairo,Ain Shams,150.0,3.0,2.0,3.0,2025,Broker,Street,Cash,Finished,Unfurnished,Yes,Yes,7.46,White,3026000.0
EG-12175,Cairo,6th of October,180.0,4.0,2.0,9.0,2025,Broker,Street,Cash,Finished,Furnished,No,No,0.53,Brown,3589000.0
EG-12176,Cairo,Al-Haram,70.0,1.0,1.0,1.0,2027,Broker,Street,Installments,Finished,Unfurnished,Yes,Yes,9.29,Brown,3851000.0
EG-12177,Cairo,Maadi,104.0,1.0,1.0,1.0,2027,Broker,Garden,Installments,Finished,Unfurnished,Yes,No,6.23,Grey,6957000.0
EG-12178,Cairo,6th of October,96.0,1.0,1.0,1.0,2027,Broker,Street,Installments,Finished,Unfurnished,Yes,Yes,13.84,Grey,6242000.0
EG-12179,Cairo,Shubra,77.0,1.0,1.0,1.0,2026,Broker,Street,Installments,Finished,Furnished,Yes,Yes,7.54,Grey,3679000.0
EG-12180,Cairo,Al-Haram,60.0,1.0,1.0,1.0,2027,Broker,Street,Installments,Finished,Furnished,Yes,Yes,10.66,Brown,2229000.0
EG-12181,Cairo,Maadi,181.0,3.0,3.0,2.0,2027,Broker,Lake,Installments,Unfinished,Unfurnished,No,No,3.36,Off-White,4405000.0
EG-12182,Cairo,6th of October,62.0,1.0,1.0,1.0,2027,Broker,Street,Installments,Finished,Unfurnished,No,No,11.44,White,2861000.0
EG-12183,Cairo,Maadi,111.0,1.0,1.0,4.0,2026,Broker,Garden,Installments,Finished,Unfurnished,Yes,Yes,10.84,White,10864000.0
EG-12184,Cairo,Nasr City,170.0,3.0,2.0,,2026,Broker,Street,Installments,Unfinished,Unfurnished,Yes,No,13.57,Beige,4305000.0
EG-12185,Cairo,Shubra,54.0,1.0,1.0,1.0,2027,Broker,Street,Installments,Finished,Unfurnished,No,Yes,0.6,Brown,2884000.0
EG-12186,Cairo,Sheikh Zayed,181.0,3.0,2.0,2.0,2020,Broker,Pool,Cash,Unfinished,Unfurnished,No,No,6.77,Brown,8176000.0
EG-12187,Cairo,Ain Shams,62.0,1.0,1.0,1.0,2027,Broker,Other,Installments,Finished,Unfurnished,Yes,No,10.22,Grey,2701000.0
EG-12188,Cairo,New Cairo,135.0,3.0,1.0,1.0,2027,Broker,Garden,Installments,Finished,Unfurnished,Yes,No,1.52,Beige,9031000.0
EG-12189,Cairo,Sheikh Zayed,110.0,1.0,1.0,1.0,2027,Broker,Garden,Installments,Finished,Unfurnished,Yes,Yes,6.22,Beige,7582000.0
EG-12190,Cairo,Nasr City,156.0,3.0,2.0,2.0,2020,Broker,Street,Cash,Finished,Unfurnished,Yes,Yes,14.14,Brown,6974000.0
EG-12191,Cairo,Nasr City,110.0,2.0,1.0,1.0,2027,Broker,Street,Installments,Finished,Unfurnished,Yes,No,6.6,Grey,6408000.0
EG-12192,Cairo,6th of October,64.0,1.0,1.0,1.0,2027,Broker,Street,Installments,Finished,Furnished,No,Yes,14.78,White,3627000.0
EG-12193,Cairo,Sheikh Zayed,176.0,3.0,1.0,13.0,2027,Broker,Garden,Installments,Finished,Unfurnished,No,Yes,0.95,Grey,9963000.0
EG-12194,Cairo,New Cairo,145.0,2.0,1.0,4.0,2026,Broker,Pool,Installments,Finished,Unfurnished,Yes,No,10.8,White,10148000.0
EG-12195,Cairo,Ain Shams,165.0,3.0,2.0,3.0,2025,Developer,Street,Installments,Unfinished,Unfurnished,No,No,8.76,Brown,2449000.0
EG-12196,Cairo,Nasr City,62.0,1.0,1.0,1.0,2027,Broker,Street,Installments,Finished,Furnished,No,Yes,7.56,Grey,3258000.0
EG-12197,Cairo,Ain Shams,165.0,3.0,3.0,2.0,2026,Developer,Street,Installments,Unfinished,Furnished,No,Yes,14.57,Beige,2678000.0
EG-12198,Cairo,Maadi,149.0,2.0,1.0,3.0,2026,Broker,Street,Installments,Finished,Furnished,No,Yes,2.03,Off-White,9979000.0
EG-12199,Cairo,Shubra,149.0,3.0,3.0,1.0,2025,Broker,Street,Installments,Unfinished,Furnished,No,No,13.45,Beige,1160000.0
EG-12200,Cairo,Nasr City,150.0,3.0,1.0,3.0,2021,Broker,Other,Cash,Finished,Furnished,Yes,No,10.4,White,2324000.0
EG-12201,Cairo,New Cairo,237.0,4.0,3.0,2.0,2025,Developer,Pool,Cash,Unfinished,Unfurnished,Yes,No,3.96,Brown,7199000.0
EG-12202,Cairo,Shubra,62.0,1.0,1.0,1.0,2027,Broker,Street,Installments,Finished,Unfurnished,No,No,13.53,Grey,2980000.0
EG-12203,Cairo,Nasr City,220.0,4.0,3.0,4.0,2024,Broker,Street,Cash,Finished,Unfurnished,Yes,No,6.5,Brown,4579000.0
EG-12204,Cairo,Maadi,178.0,3.0,2.0,5.0,2028,Broker,Garden,Installments,Unfinished,Unfurnished,No,Yes,12.23,Brown,8996000.0
EG-12205,Cairo,Al-Haram,140.0,3.0,1.0,9.0,2013,Broker,Other,Cash,Finished,Furnished,No,Yes,5.89,White,1598000.0
EG-12206,Cairo,Maadi,150.0,3.0,2.0,2.0,2020,Broker,Street,Cash,Unfinished,Unfurnished,Yes,No,12.78,Brown,3973000.0
EG-12207,Cairo,Ain Shams,165.0,3.0,3.0,1.0,2025,Broker,Street,Installments,Unfinished,Unfurnished,Yes,Yes,9.59,Grey,1161000.0
EG-12208,Cairo,New Cairo,179.0,2.0,1.0,3.0,2026,Broker,Street,Installments,Finished,Unfurnished,Yes,No,2.2,Beige,11297000.0
EG-12209,Cairo,Heliopolis,150.0,3.0,2.0,6.0,2025,Broker,Garden,Cash,Finished,Furnished,Yes,No,9.78,Brown,5039000.0
EG-12210,Cairo,Al-Haram,140.0,,1.0,9.0,2013,Broker,Street,Cash,Finished,Unfurnished,Yes,Yes,2.95,Grey,1692000.0
EG-12211,Cairo,Maadi,96.0,2.0,1.0,1.0,2027,Broker,Pool,Installments,Finished,Furnished,Yes,Yes,6.24,Grey,6482000.0
EG-12212,Cairo,Shubra,71.0,1.0,1.0,1.0,2027,Broker,Other,Installments,Finished,Unfurnished,Yes,Yes,2.64,White,3255000.0
EG-12213,Cairo,Nasr City,90.0,3.0,1.0,1.0,2017,Broker,Street,Cash,Finished,Unfurnished,Yes,No,0.43,Brown,1443000.0
EG-12214,Cairo,Shubra,69.0,1.0,1.0,1.0,2027,Broker,Other,Installments,Finished,Furnished,Yes,No,3.26,White,2933000.0
EG-12215,Cairo,Al-Haram,145.0,3.0,2.0,1.0,2028,Developer,Other,Installments,Unfinished,Furnished,No,Yes,8.09,Beige,3940000.0
EG-12216,Cairo,Heliopolis,104.0,2.0,1.0,1.0,2027,Broker,Pool,Installments,Finished,Unfurnished,No,No,7.28,Beige,6233000.0
EG-12217,Cairo,Ain Shams,137.0,2.0,1.0,5.0,1915,Broker,Other,Cash,Finished,Unfurnished,No,No,7.57,Grey,2657000.0
EG-12218,Cairo,Heliopolis,,3.0,3.0,6.0,2026,Broker,Pool,Installments,Unfinished,Unfurnished,Yes,Yes,3.79,Brown,11779000.0
EG-12219,Cairo,Nasr City,62.0,1.0,1.0,1.0,2027,Broker,Street,Installments,Finished,Furnished,No,Yes,10.31,Grey,3128000.0
EG-12220,Cairo,Sheikh Zayed,148.0,2.0,1.0,2.0,2026,Broker,Street,Installments,Finished,Furnished,Yes,Yes,10.59,Brown,9899000.0
EG-12221,Cairo,Shubra,134.0,3.0,2.0,3.0,2020,Broker,Street,Cash,Finished,Furnished,Yes,Yes,5.43,White,3483000.0
EG-12222,Cairo,Maadi,178.0,2.0,1.0,2.0,2026,Broker,Street,Installments,Finished,Unfurnished,Yes,Yes,13.23,Beige,11218000.0
EG-12223,Cairo,Sheikh Zayed,135.0,3.0,1.0,1.0,2027,Broker,Pool,Installments,Finished,Furnished,Yes,Yes,9.7,Beige,9115000.0
EG-12224,Cairo,Maadi,69.0,1.0,1.0,2.0,2026,Broker,Street,Installments,Finished,Furnished,Yes,No,10.72,White,4621000.0
EG-12225,Cairo,6th of October,64.0,1.0,1.0,1.0,2027,Broker,Street,Installments,Finished,Unfurnished,Yes,Yes,4.23,Off-White,3201000.0
EG-12226,Cairo,Ain Shams,140.0,3.0,2.0,7.0,2025,Broker,Street,Cash,Unfinished,Unfurnished,Yes,Yes,0.11,Off-White,2094000.0
EG-12227,Cairo,Nasr City,100.0,2.0,1.0,3.0,2025,Broker,Street,Cash,Finished,Unfurnished,Yes,Yes,12.99,Off-White,2369000.0
EG-12228,Cairo,Ain Shams,90.0,3.0,1.0,1.0,2017,Broker,Other,Cash,Finished,Unfurnished,Yes,No,12.35,Brown,1323000.0
EG-12229,Cairo,6th of October,200.0,3.0,3.0,6.0,2025,Broker,Other,Cash,Finished,Unfurnished,No,No,1.94,White,4870000.0
EG-12230,Cairo,Nasr City,245.0,3.0,2.0,1.0,2021,Broker,Street,Cash,Unfinished,Unfurnished,Yes,No,5.67,Brown,5544000.0
EG-12231,Cairo,Sheikh Zayed,152.0,3.0,3.0,1.0,2029,Broker,Street,Installments,Unfinished,Unfurnished,Yes,No,9.95,Brown,8744000.0
EG-12232,Cairo,Maadi,69.0,1.0,1.0,1.0,2026,Broker,Street,Installments,Finished,Unfurnished,No,Yes,9.82,White,4221000.0
EG-12233,Cairo,6th of October,165.0,3.0,3.0,4.0,2025,Broker,Street,Installments,Unfinished,Unfurnished,Yes,Yes,12.92,Brown,1254000.0
EG-12234,Cairo,Nasr City,145.0,3.0,3.0,3.0,2028,Broker,Street,Installments,Unfinished,Unfurnished,Yes,No,2.19,White,4051000.0
EG-12235,Cairo,6th of October,,3.0,3.0,5.0,2026,Broker,Other,Cash,Finished,Unfurnished,Yes,Yes,6.51,Off-White,5640000.0
EG-12236,Cairo,New Cairo,205.0,3.0,2.0,2.0,2018,Broker,Pool,Cash,Unfinished,Unfurnished,No,No,1.55,Off-White,7605000.0
EG-12237,Cairo,Sheikh Zayed,179.0,2.0,1.0,1.0,2026,Broker,Street,Installments,Finished,Unfurnished,No,Yes,5.9,Brown,10080000.0
EG-12238,Cairo,Maadi,141.0,3.0,2.0,2.0,2028,Broker,Street,Cash,Finished,Unfurnished,Yes,No,0.33,Beige,10978000.0
EG-12239,Cairo,Nasr City,140.0,3.0,2.0,7.0,2024,Broker,Other,Cash,Unfinished,Unfurnished,Yes,Yes,13.48,White,1920000.0
EG-12240,Cairo,6th of October,300.0,4.0,,3.0,2022,Broker,Street,Cash,Unfinished,Furnished,Yes,Yes,7.95,Grey,6567000.0
EG-12241,Cairo,Shubra,140.0,3.0,2.0,7.0,2025,Broker,Street,Cash,Unfinished,Unfurnished,No,Yes,12.76,Grey,2033000.0
EG-12242,Cairo,Al-Haram,140.0,3.0,2.0,2.0,2027,Broker,Street,Installments,Unfinished,Unfurnished,No,No,0.99,Brown,2572000.0
EG-12243,Cairo,Shubra,75.0,2.0,2.0,5.0,2024,Broker,Street,Cash,Finished,Unfurnished,No,Yes,3.49,Beige,3484000.0
EG-12244,Cairo,Sheikh Zayed,122.0,2.0,2.0,3.0,2026,Broker,Garden,Installments,Unfinished,Furnished,Yes,Yes,3.96,White,8520000.0
EG-12245,Cairo,Shubra,130.0,3.0,1.0,7.0,1999,Broker,Street,Cash,Finished,Unfurnished,Yes,Yes,5.86,Off-White,2564000.0
EG-12246,Cairo,Heliopolis,150.0,3.0,2.0,3.0,2020,Broker,Pool,Installments,Finished,Furnished,Yes,Yes,12.06,Brown,5964000.0
EG-12247,Cairo,Heliopolis,128.0,3.0,2.0,3.0,2029,Developer,Street,Installments,Unfinished,Unfurnished,No,Yes,5.86,White,3807000.0
EG-12248,Cairo,Heliopolis,334.0,3.0,2.0,2.0,2028,Broker,Garden,Installments,Finished,Furnished,Yes,Yes,3.15,White,40849000.0
EG-12249,Cairo,Sheikh Zayed,250.0,4.0,3.0,2.0,2016,Broker,Pool,Cash,Unfinished,Unfurnished,Yes,No,1.07,White,8081000.0
EG-12250,Cairo,Al-Haram,165.0,3.0,3.0,4.0,2025,Broker,Street,Installments,Unfinished,Unfurnished,No,No,1.28,Beige,1181000.0
EG-12251,Cairo,Ain Shams,150.0,3.0,2.0,5.0,2024,Broker,Street,Installments,Unfinished,Unfurnished,Yes,Yes,11.42,White,3250000.0
EG-12252,Cairo,Sheikh Zayed,,3.0,3.0,1.0,2030,Broker,Garden,Installments,Finished,Unfurnished,No,Yes,6.73,Beige,14650000.0
EG-12253,Cairo,Nasr City,140.0,3.0,2.0,7.0,2024,Broker,Street,Cash,Unfinished,Furnished,No,Yes,10.92,Beige,2157000.0
EG-12254,Cairo,Ain Shams,167.0,3.0,3.0,2.0,2027,Broker,Street,Installments,Unfinished,Furnished,Yes,Yes,10.27,White,3646000.0
EG-12255,Cairo,Al-Haram,130.0,3.0,1.0,7.0,1999,Broker,Street,Cash,Finished,Unfurnished,No,No,2.12,Off-White,2415000.0
EG-12256,Cairo,New Cairo,88.0,2.0,1.0,2.0,2026,Broker,Garden,Installments,Finished,Furnished,No,Yes,2.23,White,8422000.0
EG-12257,Cairo,6th of October,168.0,3.0,1.0,13.0,2027,Broker,Other,Installments,Finished,Unfurnished,Yes,No,11.35,Off-White,5784000.0
EG-12258,Cairo,Maadi,128.0,3.0,2.0,3.0,2029,Developer,Street,Installments,Unfinished,Unfurnished,No,Yes,10.85,Brown,3807000.0
EG-12259,Cairo,New Cairo,334.0,3.0,2.0,2.0,2028,Broker,Street,Installments,Finished,Furnished,No,Yes,5.73,Grey,37404000.0
EG-12260,Cairo,Nasr City,156.0,3.0,2.0,3.0,2027,Broker,Other,Cash,Unfinished,Furnished,No,No,1.25,Brown,2857000.0
EG-12261,Cairo,Maadi,205.0,4.0,,2.0,2027,Broker,Pool,Installments,Unfinished,Furnished,No,Yes,0.28,Beige,4765000.0
EG-12262,Cairo,6th of October,166.0,3.0,,2.0,2027,Broker,Other,Installments,Unfinished,Unfurnished,Yes,Yes,4.39,Brown,3236000.0
EG-12263,Cairo,Nasr City,76.0,1.0,1.0,2.0,2026,Broker,Street,Installments,Finished,Furnished,Yes,Yes,0.24,Grey,7069000.0
EG-12264,Cairo,Heliopolis,161.0,3.0,1.0,13.0,2027,Broker,Garden,Installments,Finished,Furnished,No,Yes,3.53,Grey,6553000.0
EG-12265,Cairo,Nasr City,190.0,3.0,2.0,9.0,2020,Private Owner,Street,Cash,Unfinished,Unfurnished,Yes,Yes,6.35,Off-White,4570000.0
EG-12266,Cairo,Al-Haram,220.0,3.0,3.0,1.0,2025,Private Owner,Street,Cash,Unfinished,Unfurnished,No,No,1.91,Brown,5381000.0
EG-12267,Cairo,Ain Shams,160.0,3.0,3.0,3.0,2024,Private Owner,Street,Installments,Unfinished,Unfurnished,Yes,No,1.65,Beige,3154000.0
EG-12268,Cairo,Heliopolis,91.0,2.0,1.0,2.0,2026,Broker,Pool,Installments,Finished,Unfurnished,No,No,13.46,Beige,7965000.0
EG-12269,Cairo,New Cairo,167.0,3.0,3.0,1.0,2026,Broker,Street,Installments,Finished,Furnished,Yes,Yes,8.82,Off-White,10637000.0
EG-12270,Cairo,Nasr City,73.0,1.0,1.0,1.0,2028,Broker,Other,Installments,Finished,Furnished,Yes,No,14.02,Off-White,3414000.0
EG-12271,Cairo,Maadi,133.0,3.0,3.0,2.0,2028,Broker,Garden,Installments,Unfinished,Furnished,No,No,5.25,Brown,4057000.0
EG-12272,Cairo,Nasr City,148.0,3.0,2.0,1.0,2018,Broker,Street,Cash,Unfinished,Unfurnished,No,Yes,10.19,Off-White,3696000.0
EG-12273,Cairo,Nasr City,142.0,3.0,2.0,2.0,2025,Developer,Other,Installments,Unfinished,Furnished,Yes,Yes,3.15,Grey,2709000.0
EG-12274,Cairo,Ain Shams,58.0,1.0,1.0,1.0,2028,Broker,Street,Installments,Finished,Unfurnished,Yes,No,9.31,Beige,2782000.0
EG-12275,Cairo,6th of October,68.0,1.0,1.0,2.0,2028,Broker,Other,Installments,Finished,Unfurnished,No,No,2.03,Grey,2701000.0
EG-12276,Cairo,Al-Haram,130.0,3.0,2.0,5.0,2025,Broker,Street,Installments,Finished,Unfurnished,No,Yes,0.13,White,5869000.0
EG-12277,Cairo,6th of October,165.0,3.0,3.0,2.0,2026,Developer,Street,Cash,Unfinished,Furnished,Yes,Yes,13.98,Grey,2829000.0
EG-12278,Cairo,Maadi,177.0,3.0,3.0,0.0,2026,Broker,Lake,Installments,Finished,Unfurnished,Yes,No,8.37,Beige,11948000.0
EG-12279,Cairo,Ain Shams,120.0,2.0,1.0,1.0,2001,Broker,Other,Cash,Finished,Unfurnished,Yes,Yes,13.91,White,3290000.0
EG-12280,Cairo,Heliopolis,100.0,2.0,2.0,1.0,2026,Broker,Pool,Installments,Finished,Unfurnished,No,Yes,5.07,Brown,7143000.0
EG-12281,Cairo,Heliopolis,160.0,3.0,3.0,7.0,1995,Broker,Garden,Cash,Finished,Unfurnished,Yes,No,4.98,White,5593000.0
EG-12282,Cairo,Nasr City,80.0,2.0,2.0,3.0,2025,Broker,Street,Installments,Unfinished,Unfurnished,Yes,Yes,6.07,Off-White,1393000.0
EG-12283,Cairo,New Cairo,150.0,3.0,3.0,3.0,2026,Broker,Pool,Installments,Finished,Unfurnished,Yes,No,10.62,Beige,10436000.0
EG-12284,Cairo,Shubra,142.0,3.0,2.0,2.0,2025,Developer,Other,Cash,Unfinished,Furnished,No,No,8.53,Off-White,2617000.0
EG-12285,Cairo,Maadi,185.0,3.0,3.0,3.0,2025,Private Owner,Street,Installments,Unfinished,Furnished,No,Yes,13.89,Grey,4213000.0
EG-12286,Cairo,Al-Haram,130.0,3.0,2.0,5.0,2026,Broker,Street,Installments,Finished,Unfurnished,Yes,Yes,0.48,Brown,6047000.0
EG-12287,Cairo,Ain Shams,86.0,2.0,2.0,2.0,2026,Broker,Street,Installments,Unfinished,Unfurnished,Yes,Yes,10.65,Beige,2635000.0
EG-12288,Cairo,New Cairo,140.0,3.0,,1.0,2026,Broker,Pool,Installments,Finished,Unfurnished,No,Yes,5.02,Brown,9048000.0
EG-12289,Cairo,Nasr City,150.0,3.0,2.0,5.0,2000,Broker,Street,Cash,Finished,Unfurnished,Yes,No,2.79,Beige,4480000.0
EG-12290,Cairo,Nasr City,135.0,,2.0,1.0,2015,Private Owner,Other,Installments,Finished,Unfurnished,Yes,Yes,7.7,Off-White,2475000.0
EG-12291,Cairo,6th of October,130.0,3.0,,5.0,2025,Broker,Street,Installments,Finished,Furnished,No,No,7.63,Grey,6046000.0
EG-12292,Cairo,Al-Haram,160.0,3.0,3.0,4.0,2025,Developer,Street,Cash,Finished,Unfurnished,No,No,2.14,White,4164000.0
EG-12293,Cairo,6th of October,150.0,3.0,2.0,1.0,2018,Developer,Street,Cash,Finished,Unfurnished,No,Yes,3.11,Brown,2986000.0
EG-12294,Cairo,Heliopolis,175.0,3.0,2.0,1.0,2017,Broker,Street,Cash,Unfinished,Unfurnished,Yes,No,6.18,Beige,3696000.0
EG-12295,Cairo,Nasr City,200.0,3.0,3.0,2.0,2028,Developer,Other,Installments,Unfinished,Furnished,Yes,No,6.19,Beige,2454000.0
EG-12296,Cairo,Nasr City,73.0,2.0,1.0,1.0,2018,Private Owner,Other,Cash,Finished,Unfurnished,No,No,4.83,Brown,1107000.0
EG-12297,Cairo,New Cairo,220.0,3.0,2.0,5.0,2015,Broker,Pool,Cash,Finished,Furnished,Yes,Yes,2.31,White,9230000.0
EG-12298,Cairo,Maadi,173.0,,3.0,2.0,2025,Developer,Lake,Cash,Finished,Furnished,Yes,No,0.17,Grey,5351000.0
EG-12299,Cairo,Heliopolis,155.0,,3.0,1.0,2028,Broker,Street,Installments,Unfinished,Unfurnished,Yes,Yes,14.56,Beige,7243000.0
EG-12300,Cairo,Nasr City,,3.0,2.0,5.0,2026,Broker,Street,Installments,Finished,Unfurnished,No,No,14.16,Beige,5697000.0
EG-12301,Cairo,Maadi,182.0,3.0,2.0,4.0,2025,Broker,Lake,Cash,Unfinished,Unfurnished,No,Yes,7.31,Brown,4795000.0
EG-12302,Cairo,Madinaty,175.0,2.0,3.0,2.0,2025,Broker,Garden,Cash,Finished,Unfurnished,Yes,Yes,14.93,Brown,16851000.0
EG-12303,Cairo,Maadi,186.0,3.0,3.0,2.0,2028,Broker,Street,Installments,Unfinished,Furnished,Yes,Yes,10.14,Beige,8376000.0
EG-12304,Cairo,Al-Haram,90.0,3.0,,4.0,2020,Broker,Street,Cash,Unfinished,Furnished,No,Yes,1.13,Beige,2373000.0
EG-12305,Cairo,Al-Haram,215.0,3.0,3.0,2.0,2027,Developer,Street,Installments,Unfinished,Unfurnished,No,Yes,1.85,Beige,2524000.0
EG-12306,Cairo,Nasr City,215.0,3.0,3.0,2.0,2027,Developer,Street,Installments,Unfinished,Furnished,No,Yes,13.75,Off-White,2678000.0
EG-12307,Cairo,Heliopolis,133.0,3.0,3.0,3.0,2028,Broker,Garden,Installments,Unfinished,Unfurnished,Yes,No,9.49,Beige,4066000.0
EG-12308,Cairo,Al-Haram,175.0,3.0,2.0,9.0,2025,Private Owner,Street,Cash,Finished,Unfurnished,Yes,Yes,12.66,Grey,2359000.0
EG-12309,Cairo,Shubra,75.0,2.0,1.0,3.0,2015,Private Owner,Other,Cash,Finished,Furnished,No,Yes,13.48,Grey,1917000.0
EG-12310,Cairo,Al-Haram,67.0,,1.0,1.0,2026,Broker,Other,Installments,Finished,Unfurnished,No,No,6.77,White,3692000.0
EG-12311,Cairo,Sheikh Zayed,156.0,2.0,2.0,2.0,2025,Developer,Garden,Cash,Finished,Furnished,Yes,Yes,0.82,Brown,10672000.0
EG-12312,Cairo,6th of October,128.0,2.0,3.0,3.0,2023,Broker,Other,Cash,Finished,Unfurnished,Yes,No,2.91,White,3923000.0
EG-12313,Cairo,Sheikh Zayed,200.0,3.0,3.0,2.0,2025,Developer,Pool,Cash,Unfinished,Unfurnished,Yes,Yes,1.09,Beige,12614000.0
EG-12314,Cairo,Al-Haram,68.0,,1.0,1.0,2026,Broker,Street,Installments,Finished,Unfurnished,Yes,Yes,2.91,Brown,5642000.0
EG-12315,Cairo,Maadi,66.0,1.0,1.0,2.0,2026,Broker,Street,Installments,Finished,Unfurnished,Yes,Yes,6.22,Beige,5476000.0
EG-12316,Cairo,Heliopolis,67.0,1.0,1.0,1.0,2026,Broker,Street,Installments,Finished,Furnished,No,No,1.86,Brown,5558000.0
EG-12317,Cairo,6th of October,133.0,,,3.0,2028,Broker,Street,Installments,Unfinished,Furnished,Yes,No,2.58,Off-White,4071000.0
EG-12318,Cairo,Nasr City,135.0,3.0,1.0,8.0,2008,Developer,Street,Cash,Finished,Unfurnished,Yes,No,6.74,Off-White,4081000.0
EG-12319,Cairo,Maadi,234.0,3.0,4.0,,2025,Developer,Pool,Cash,Finished,Unfurnished,Yes,Yes,5.17,Off-White,23918000.0
EG-12320,Cairo,6th of October,85.0,2.0,1.0,1.0,2026,Broker,Street,Installments,Finished,Furnished,No,No,7.07,White,6343000.0
EG-12321,Cairo,Ain Shams,120.0,3.0,2.0,4.0,2025,Developer,Street,Cash,Finished,Unfurnished,No,No,6.49,Brown,1256000.0
EG-12322,Cairo,Maadi,114.0,1.0,1.0,0.0,2028,Broker,Garden,Installments,Finished,Unfurnished,Yes,Yes,9.7,White,10880000.0
EG-12323,Cairo,Ain Shams,,3.0,3.0,1.0,2025,Broker,Street,Installments,Unfinished,Unfurnished,Yes,No,14.06,Brown,3153000.0
EG-12324,Cairo,Nasr City,73.0,1.0,1.0,1.0,2028,Broker,Other,Installments,Finished,Furnished,No,No,1.71,Beige,3878000.0
EG-12325,Cairo,Heliopolis,143.0,2.0,2.0,2.0,2025,Developer,Pool,Installments,Unfinished,Unfurnished,Yes,Yes,1.58,Off-White,9295000.0
EG-12326,Cairo,Al-Haram,73.0,1.0,1.0,1.0,2028,Broker,Street,Installments,Finished,Furnished,Yes,Yes,12.81,Off-White,3753000.0
EG-12327,Cairo,6th of October,68.0,1.0,1.0,2.0,2028,Broker,Street,Installments,Finished,Unfurnished,No,No,7.65,Brown,3207000.0
EG-12328,Cairo,Maadi,220.0,3.0,2.0,3.0,2014,Private Owner,Garden,Cash,Finished,Furnished,Yes,Yes,11.52,White,9807000.0
EG-12329,Cairo,Shubra,145.0,3.0,2.0,2.0,2025,Developer,Street,Cash,Finished,Unfurnished,No,No,3.31,White,1546000.0
EG-12330,Cairo,Maadi,200.0,3.0,3.0,2.0,2025,Developer,Garden,Cash,Unfinished,Unfurnished,Yes,Yes,12.45,Grey,12614000.0
EG-12331,Cairo,6th of October,105.0,,1.0,1.0,2027,Broker,Other,Installments,Finished,Unfurnished,Yes,Yes,13.87,Off-White,4139000.0
EG-12332,Cairo,Al-Haram,57.0,,1.0,1.0,2028,Broker,Street,Installments,Finished,Unfurnished,Yes,Yes,9.57,Off-White,2908000.0
EG-12333,Cairo,Shubra,58.0,1.0,1.0,1.0,2028,Broker,Street,Installments,Finished,Furnished,Yes,No,1.68,White,2886000.0
EG-12334,Cairo,Nasr City,140.0,3.0,1.0,2.0,2027,Broker,Street,Installments,Finished,Unfurnished,Yes,Yes,13.44,Off-White,6723000.0
EG-12335,Cairo,Heliopolis,67.0,1.0,1.0,2.0,2026,Broker,Garden,Installments,Finished,Unfurnished,No,Yes,11.91,White,5540000.0
EG-12336,Cairo,Shubra,155.0,3.0,2.0,2.0,2025,Broker,Street,Installments,Unfinished,Furnished,Yes,Yes,11.29,Grey,3425000.0
EG-12337,Cairo,Nasr City,140.0,,3.0,1.0,2027,Broker,Street,Installments,Unfinished,Unfurnished,Yes,No,0.65,Brown,3154000.0
EG-12338,Cairo,Maadi,68.0,1.0,1.0,2.0,2026,Broker,Street,Installments,Finished,Unfurnished,No,No,12.0,Brown,5315000.0
EG-12339,Cairo,Maadi,215.0,3.0,3.0,1.0,2023,Broker,Lake,Cash,Finished,Unfurnished,No,No,2.16,Grey,7754000.0
EG-12340,Cairo,Nasr City,130.0,2.0,3.0,5.0,2020,Broker,Street,Cash,Unfinished,Unfurnished,No,No,3.41,Off-White,4350000.0
EG-12341,Cairo,Shubra,173.0,3.0,3.0,2.0,2028,Broker,Street,Installments,Unfinished,Furnished,No,Yes,8.7,Beige,3286000.0
EG-12342,Cairo,Al-Haram,64.0,1.0,1.0,2.0,2025,Broker,Other,Installments,Finished,Unfurnished,Yes,Yes,4.05,Off-White,4867000.0
EG-12343,Cairo,Shubra,220.0,3.0,2.0,1.0,2006,Private Owner,Street,Cash,Finished,Unfurnished,Yes,Yes,9.95,White,2256000.0
EG-12344,Cairo,Al-Haram,85.0,2.0,1.0,1.0,2025,Broker,Street,Installments,Finished,Furnished,Yes,No,9.16,Beige,6535000.0
EG-12345,Cairo,Al-Haram,67.0,1.0,1.0,2.0,2025,Broker,Street,Installments,Finished,Unfurnished,No,No,1.71,Grey,5237000.0
EG-12346,Cairo,Heliopolis,68.0,1.0,1.0,2.0,2026,Broker,Garden,Installments,Finished,Unfurnished,Yes,No,9.87,Brown,5805000.0
EG-12347,Cairo,Madinaty,185.0,3.0,2.0,1.0,2025,Developer,Garden,Cash,Finished,Furnished,Yes,No,13.87,Brown,9910000.0
EG-12348,Cairo,Heliopolis,182.0,3.0,3.0,5.0,2025,Broker,Street,Cash,Finished,Unfurnished,Yes,No,2.5,Off-White,9158000.0
EG-12349,Cairo,Nasr City,53.0,1.0,1.0,4.0,2027,Broker,Street,Installments,Finished,Unfurnished,Yes,Yes,9.0,Brown,3022000.0
EG-12350,Cairo,Heliopolis,155.0,3.0,2.0,1.0,2029,Broker,Pool,Installments,Unfinished,Unfurnished,Yes,Yes,5.19,Off-White,9646000.0
EG-12351,Cairo,Maadi,175.0,2.0,3.0,2.0,2025,Broker,Street,Cash,Finished,Furnished,Yes,No,6.95,White,16375000.0
EG-12352,Cairo,Sheikh Zayed,91.0,,1.0,2.0,2026,Broker,Garden,Installments,Finished,Unfurnished,Yes,No,4.38,White,8206000.0
EG-12353,Cairo,6th of October,175.0,3.0,3.0,2.0,2025,Broker,Street,Installments,Unfinished,Furnished,Yes,Yes,5.38,Grey,2710000.0
EG-12354,Cairo,Maadi,,3.0,3.0,,2026,Developer,Street,Installments,Unfinished,Unfurnished,Yes,No,0.53,White,10845000.0
EG-12355,Cairo,New Cairo,200.0,3.0,2.0,4.0,2017,Developer,Pool,Cash,Finished,Unfurnished,No,Yes,14.73,Off-White,8969000.0
EG-12356,Cairo,Sheikh Zayed,200.0,3.0,2.0,1.0,2025,Broker,Pool,Cash,Finished,Unfurnished,No,Yes,9.41,Brown,11607000.0
EG-12357,Cairo,Al-Haram,150.0,3.0,2.0,2.0,2025,Developer,Street,Cash,Unfinished,Unfurnished,Yes,No,7.56,White,2171000.0
EG-12358,Cairo,Al-Haram,200.0,3.0,3.0,1.0,2028,Developer,Street,Installments,Unfinished,Unfurnished,No,No,5.82,White,2449000.0
EG-12359,Cairo,Nasr City,,3.0,2.0,2.0,2025,Developer,Other,Cash,Unfinished,Unfurnished,Yes,Yes,8.14,Off-White,2618000.0
EG-12360,Cairo,Maadi,146.0,3.0,2.0,2.0,2020,Developer,Garden,Installments,Finished,Unfurnished,Yes,Yes,5.76,White,5514000.0
EG-12361,Cairo,New Cairo,168.0,,2.0,2.0,2024,Broker,Garden,Cash,Finished,Unfurnished,No,No,5.46,Brown,10242000.0
EG-12362,Cairo,Nasr City,53.0,1.0,1.0,1.0,2027,Broker,Other,Installments,Finished,Unfurnished,Yes,Yes,7.01,Brown,2624000.0
EG-12363,Cairo,Al-Haram,105.0,2.0,1.0,4.0,2024,Developer,Street,Installments,Unfinished,Unfurnished,Yes,Yes,4.21,Brown,1718000.0
EG-12364,Cairo,Sheikh Zayed,213.0,3.0,3.0,11.0,2022,Developer,Street,Cash,Finished,Unfurnished,No,Yes,2.78,Brown,10452000.0
EG-12365,Cairo,New Cairo,166.0,2.0,1.0,0.0,2028,Broker,Street,Installments,Finished,Unfurnished,Yes,Yes,8.39,Beige,19429000.0
EG-12366,Cairo,6th of October,66.0,1.0,1.0,2.0,2026,Broker,Other,Installments,Finished,Unfurnished,Yes,No,12.66,Brown,4872000.0
EG-12367,Cairo,Nasr City,130.0,3.0,2.0,2.0,2027,Broker,Other,Installments,Unfinished,Furnished,No,Yes,2.38,Beige,4216000.0
EG-12368,Cairo,Sheikh Zayed,155.0,2.0,1.0,0.0,2028,Broker,Garden,Installments,Finished,Unfurnished,Yes,Yes,0.59,Brown,19230000.0
EG-12369,Cairo,Madinaty,102.0,2.0,1.0,,2026,Broker,Garden,Installments,Finished,Unfurnished,No,No,3.78,Brown,7186000.0
EG-12370,Cairo,6th of October,68.0,1.0,1.0,2.0,2026,Broker,Street,Installments,Finished,Unfurnished,Yes,No,14.7,Off-White,5304000.0
EG-12371,Cairo,Maadi,250.0,3.0,3.0,7.0,2000,Developer,Lake,Cash,Finished,Unfurnished,Yes,Yes,12.45,Brown,7353000.0
EG-12372,Cairo,Heliopolis,180.0,3.0,2.0,2.0,2020,Broker,Garden,Cash,Finished,Furnished,Yes,Yes,8.98,White,9807000.0
EG-12373,Cairo,Heliopolis,225.0,3.0,3.0,1.0,2027,Developer,Pool,Installments,Unfinished,Furnished,Yes,Yes,13.95,Brown,5406000.0
EG-12374,Cairo,Madinaty,155.0,2.0,1.0,1.0,2028,Broker,Garden,Installments,Finished,Unfurnished,No,Yes,6.73,Grey,19622000.0
EG-12375,Cairo,Maadi,166.0,2.0,1.0,0.0,2028,Broker,Pool,Installments,Finished,Furnished,No,Yes,14.75,Off-White,21213000.0
EG-12376,Cairo,Nasr City,200.0,3.0,3.0,3.0,2023,Broker,Other,Cash,Finished,Furnished,Yes,Yes,4.51,Off-White,5985000.0
EG-12377,Cairo,New Cairo,,2.0,,4.0,2028,Broker,Street,Installments,Finished,Unfurnished,No,No,3.68,Brown,16876000.0
EG-12378,Cairo,Nasr City,122.0,3.0,1.0,3.0,2024,Developer,Other,Installments,Unfinished,Unfurnished,Yes,No,9.61,Grey,2354000.0
EG-12379,Cairo,Heliopolis,66.0,1.0,1.0,2.0,2026,Broker,Street,Installments,Finished,Unfurnished,Yes,No,5.73,Brown,5315000.0
EG-12380,Cairo,Maadi,81.0,1.0,1.0,1.0,2026,Broker,Street,Installments,Finished,Unfurnished,No,No,9.43,White,3706000.0
EG-12381,Cairo,Heliopolis,88.0,2.0,1.0,4.0,2027,Broker,Pool,Installments,Finished,Furnished,Yes,No,4.64,Off-White,5479000.0
EG-12382,Cairo,Sheikh Zayed,124.0,1.0,1.0,4.0,2026,Broker,Garden,Installments,Finished,Unfurnished,Yes,Yes,9.31,Off-White,9160000.0
EG-12383,Cairo,Al-Haram,55.0,1.0,1.0,2.0,2026,Broker,Other,Installments,Finished,Furnished,No,Yes,4.21,Grey,4308000.0
EG-12384,Cairo,New Cairo,125.0,1.0,1.0,2.0,2026,Broker,Street,Installments,Finished,Furnished,Yes,No,0.86,Beige,7651000.0
EG-12385,Cairo,Nasr City,102.0,1.0,1.0,1.0,2025,Broker,Street,Installments,Finished,Unfurnished,Yes,No,13.69,Grey,5150000.0
EG-12386,Cairo,Sheikh Zayed,97.0,2.0,1.0,1.0,2026,Broker,Garden,Installments,Finished,Furnished,No,Yes,13.26,White,7762000.0
EG-12387,Cairo,Sheikh Zayed,,2.0,1.0,1.0,2026,Broker,Pool,Installments,Finished,Unfurnished,No,Yes,14.56,Grey,7404000.0
EG-12388,Cairo,New Cairo,195.0,3.0,3.0,3.0,2025,Developer,Garden,Cash,Finished,Unfurnished,Yes,No,10.78,Beige,10288000.0
EG-12389,Cairo,Nasr City,98.0,2.0,1.0,4.0,2027,Broker,Other,Installments,Finished,Furnished,Yes,Yes,10.27,White,4768000.0
EG-12390,Cairo,Maadi,108.0,2.0,1.0,4.0,2027,Broker,Pool,Installments,Finished,Unfurnished,Yes,Yes,8.43,White,6528000.0
EG-12391,Cairo,Al-Haram,67.0,1.0,1.0,2.0,2026,Broker,Street,Installments,Finished,Unfurnished,Yes,Yes,1.98,Beige,5559000.0
EG-12392,Cairo,Maadi,133.0,3.0,1.0,2.0,2027,Broker,Street,Installments,Finished,Unfurnished,No,Yes,2.92,Brown,6199000.0
EG-12393,Cairo,Shubra,58.0,1.0,1.0,1.0,2028,Broker,Street,Installments,Finished,Unfurnished,No,Yes,4.41,Grey,2658000.0
EG-12394,Cairo,Nasr City,210.0,3.0,2.0,0.0,2024,Broker,Street,Cash,Finished,Furnished,No,Yes,13.36,White,4754000.0
EG-12395,Cairo,Shubra,125.0,,1.0,1.0,2023,Broker,Street,Cash,Finished,Unfurnished,No,No,2.68,Grey,3285000.0
EG-12396,Cairo,Madinaty,94.0,2.0,,1.0,2026,Broker,Pool,Installments,Finished,Unfurnished,No,Yes,13.85,Beige,7610000.0
EG-12397,Cairo,6th of October,,3.0,1.0,1.0,2027,Broker,Street,Installments,Finished,Unfurnished,Yes,No,7.89,Off-White,6069000.0
EG-12398,Cairo,Nasr City,81.0,1.0,1.0,1.0,2026,Broker,Street,Installments,Finished,Unfurnished,Yes,Yes,10.76,Beige,3934000.0
EG-12399,Cairo,Al-Haram,131.0,3.0,1.0,1.0,2027,Broker,Street,Installments,Finished,Unfurnished,Yes,Yes,1.74,Grey,6159000.0
EG-12400,Cairo,Nasr City,108.0,2.0,1.0,3.0,2027,Broker,Street,Installments,Finished,Furnished,No,No,4.11,White,6049000.0
EG-12401,Cairo,Al-Haram,133.0,3.0,1.0,1.0,2027,Broker,Street,Installments,Finished,Unfurnished,Yes,No,14.38,Grey,6069000.0
EG-12402,Cairo,Nasr City,75.0,1.0,1.0,1.0,2027,Broker,Street,Installments,Finished,Unfurnished,Yes,No,4.07,Off-White,3350000.0
EG-12403,Cairo,Heliopolis,165.0,3.0,2.0,6.0,2026,Broker,Pool,Cash,Finished,Unfurnished,Yes,Yes,4.52,White,7067000.0
EG-12404,Cairo,Maadi,133.0,3.0,1.0,1.0,2027,Broker,Street,Installments,Finished,Unfurnished,No,Yes,3.04,Off-White,6069000.0
EG-12405,Cairo,Al-Haram,73.0,1.0,1.0,1.0,2028,Broker,Other,Installments,Finished,Unfurnished,No,No,2.02,Brown,2901000.0
EG-12406,Cairo,Heliopolis,89.0,2.0,1.0,2.0,2026,Broker,Street,Installments,Finished,Furnished,Yes,Yes,3.58,Beige,8279000.0
EG-12407,Cairo,Ain Shams,215.0,3.0,3.0,2.0,2028,Developer,Other,Installments,Unfinished,Unfurnished,No,No,9.67,Brown,2245000.0
EG-12408,Cairo,Maadi,97.0,2.0,1.0,1.0,2026,Broker,Lake,Installments,Finished,Unfurnished,Yes,Yes,6.88,Grey,7607000.0
EG-12409,Cairo,Al-Haram,50.0,1.0,1.0,2.0,2027,Broker,Street,Installments,Finished,Furnished,No,No,8.35,Brown,2750000.0
EG-12410,Cairo,Al-Haram,99.0,2.0,1.0,2.0,2027,Broker,Street,Installments,Finished,Furnished,Yes,No,1.92,Beige,4794000.0
EG-12411,Cairo,Ain Shams,68.0,1.0,1.0,1.0,2028,Broker,Other,Installments,Finished,Unfurnished,Yes,Yes,12.05,White,2805000.0
EG-12412,Cairo,Sheikh Zayed,225.0,4.0,3.0,3.0,2012,Broker,Street,Cash,Finished,Unfurnished,Yes,Yes,11.78,Off-White,7692000.0
EG-12413,Cairo,Sheikh Zayed,240.0,3.0,3.0,2.0,2019,Broker,Garden,Cash,Finished,Unfurnished,Yes,No,0.42,White,14773000.0
EG-12414,Cairo,Al-Haram,74.0,1.0,1.0,2.0,2026,Broker,Street,Installments,Finished,Furnished,No,No,5.81,Brown,6485000.0
EG-12415,Cairo,Nasr City,133.0,3.0,1.0,1.0,2027,Broker,Street,Installments,Finished,Unfurnished,No,Yes,1.12,Grey,6069000.0
EG-12416,Cairo,Heliopolis,,2.0,1.0,1.0,2026,Broker,Pool,Installments,Finished,Furnished,Yes,Yes,11.9,Brown,4659000.0
EG-12417,Cairo,Heliopolis,91.0,2.0,1.0,2.0,2026,Broker,Pool,Installments,Finished,Unfurnished,Yes,Yes,11.09,Beige,8455000.0
EG-12418,Cairo,Shubra,50.0,1.0,1.0,1.0,2027,Broker,Street,Installments,Finished,Unfurnished,No,Yes,13.54,Beige,2622000.0
EG-12419,Cairo,Nasr City,120.0,,2.0,3.0,2021,Developer,Street,Installments,Unfinished,Unfurnished,Yes,Yes,3.62,Grey,5237000.0
EG-12420,Cairo,Shubra,175.0,3.0,3.0,4.0,2024,Developer,Street,Installments,Unfinished,Unfurnished,Yes,No,6.9,White,3019000.0
EG-12421,Cairo,Heliopolis,74.0,1.0,1.0,2.0,2026,Broker,Pool,Installments,Finished,Unfurnished,Yes,Yes,2.85,Beige,6876000.0
EG-12422,Cairo,Heliopolis,133.0,3.0,2.0,3.0,2028,Broker,Garden,Installments,Unfinished,Unfurnished,No,No,5.63,Beige,3823000.0
EG-12423,Cairo,Nasr City,108.0,2.0,1.0,1.0,2027,Broker,Other,Installments,Finished,Unfurnished,No,No,7.88,Grey,5037000.0
EG-12424,Cairo,Maadi,67.0,1.0,,2.0,2026,Broker,Garden,Installments,Finished,Furnished,No,Yes,0.89,White,5879000.0
EG-12425,Cairo,6th of October,,1.0,1.0,1.0,2026,Broker,Other,Installments,Finished,Unfurnished,Yes,Yes,10.75,Brown,3919000.0
EG-12426,Cairo,Heliopolis,133.0,3.0,1.0,1.0,2027,Broker,Street,Installments,Finished,Furnished,No,No,8.2,Off-White,6252000.0
EG-12427,Cairo,Al-Haram,76.0,1.0,1.0,1.0,2025,Broker,Street,Installments,Finished,Unfurnished,No,Yes,12.45,Grey,3911000.0
EG-12428,Cairo,Al-Haram,140.0,3.0,1.0,1.0,2027,Broker,Street,Installments,Finished,Unfurnished,Yes,Yes,4.15,White,6582000.0
EG-12429,Cairo,Maadi,67.0,1.0,,3.0,2026,Broker,Street,Installments,Finished,Unfurnished,No,No,13.56,Off-White,4230000.0
EG-12430,Cairo,Heliopolis,,2.0,1.0,1.0,2026,Broker,Garden,Installments,Finished,Unfurnished,No,Yes,14.98,Grey,4800000.0
EG-12431,Cairo,Nasr City,76.0,2.0,1.0,1.0,2026,Broker,Other,Installments,Finished,Unfurnished,No,Yes,13.8,Brown,2975000.0
EG-12432,Cairo,Ain Shams,64.0,1.0,1.0,1.0,2026,Broker,Street,Installments,Finished,Unfurnished,No,Yes,11.69,Brown,2992000.0
EG-12433,Cairo,Heliopolis,98.0,2.0,1.0,1.0,2026,Broker,Street,Installments,Finished,Furnished,No,No,12.2,White,4312000.0
EG-12434,Cairo,Shubra,175.0,3.0,3.0,4.0,2024,Developer,Street,Installments,Unfinished,Unfurnished,No,Yes,8.65,White,3019000.0
EG-12435,Cairo,Al-Haram,,3.0,3.0,3.0,2024,Developer,Street,Installments,Unfinished,Unfurnished,No,Yes,2.93,Brown,3019000.0
EG-12436,Cairo,Al-Haram,74.0,1.0,2.0,1.0,2029,Broker,Street,Installments,Unfinished,Unfurnished,Yes,Yes,10.19,Brown,2817000.0
EG-12437,Cairo,Heliopolis,99.0,2.0,1.0,1.0,2027,Broker,Garden,Installments,Finished,Furnished,Yes,No,10.72,Grey,4974000.0
EG-12438,Cairo,6th of October,130.0,3.0,2.0,5.0,2026,Broker,Street,Installments,Finished,Unfurnished,No,No,14.78,White,5697000.0
EG-12439,Cairo,Al-Haram,75.0,1.0,1.0,1.0,2027,Broker,Other,Installments,Finished,Unfurnished,No,Yes,8.17,Off-White,3070000.0
EG-12440,Cairo,Al-Haram,130.0,3.0,2.0,1.0,2025,Broker,Street,Cash,Finished,Unfurnished,Yes,No,4.14,Brown,2041000.0
EG-12441,Cairo,6th of October,160.0,3.0,2.0,4.0,2024,Developer,Other,Installments,Unfinished,Unfurnished,No,Yes,10.29,Off-White,2651000.0
EG-12442,Cairo,Al-Haram,76.0,2.0,1.0,1.0,2026,Broker,Street,Installments,Finished,Furnished,Yes,Yes,14.69,White,3711000.0
EG-12443,Cairo,Nasr City,93.0,2.0,1.0,1.0,2026,Broker,Street,Installments,Finished,Furnished,No,No,2.74,White,6638000.0
EG-12444,Cairo,Sheikh Zayed,198.0,4.0,3.0,3.0,2026,Broker,Street,Installments,Unfinished,Unfurnished,No,Yes,4.96,Beige,9193000.0
EG-12445,Cairo,Shubra,64.0,1.0,1.0,1.0,2026,Broker,Other,Installments,Finished,Unfurnished,No,No,8.17,Brown,2546000.0
EG-12446,Cairo,6th of October,90.0,2.0,1.0,1.0,2026,Broker,Street,Installments,Finished,Unfurnished,No,No,2.64,White,3902000.0
EG-12447,Cairo,Maadi,128.0,3.0,2.0,2.0,2029,Broker,Pool,Installments,Unfinished,Unfurnished,No,Yes,0.43,White,5637000.0
EG-12448,Cairo,Maadi,220.0,3.0,2.0,6.0,2026,Broker,Garden,Cash,Finished,Unfurnished,No,No,5.12,Brown,6145000.0
EG-12449,Cairo,Sheikh Zayed,154.0,3.0,3.0,2.0,2027,Broker,Garden,Installments,Finished,Furnished,No,Yes,12.99,Beige,12437000.0
EG-12450,Cairo,Madinaty,,2.0,1.0,,2026,Broker,Garden,Installments,Finished,Unfurnished,Yes,Yes,0.75,Beige,10519000.0
EG-12451,Cairo,Al-Haram,,3.0,2.0,3.0,2000,Broker,Other,Cash,Finished,Unfurnished,Yes,No,6.49,Beige,2920000.0
EG-12452,Cairo,Al-Haram,64.0,1.0,1.0,1.0,2026,Broker,Street,Installments,Finished,Unfurnished,No,No,11.46,Beige,2654000.0
EG-12453,Cairo,Sheikh Zayed,153.0,2.0,2.0,3.0,2020,Broker,Pool,Cash,Finished,Furnished,No,Yes,14.3,Grey,11758000.0
EG-12454,Cairo,Ain Shams,53.0,1.0,1.0,4.0,2027,Broker,Street,Installments,Finished,Furnished,Yes,No,14.78,Brown,3113000.0
EG-12455,Cairo,Al-Haram,165.0,3.0,2.0,3.0,2025,Broker,Street,Cash,Finished,Furnished,Yes,No,6.39,Brown,3381000.0
EG-12456,Cairo,Shubra,75.0,1.0,1.0,1.0,2027,Broker,Street,Installments,Finished,Unfurnished,Yes,Yes,14.26,Brown,3451000.0
EG-12457,Cairo,Ain Shams,53.0,1.0,1.0,3.0,2027,Broker,Street,Installments,Finished,Unfurnished,Yes,No,0.63,Beige,2882000.0
EG-12458,Cairo,Nasr City,270.0,4.0,3.0,3.0,2017,Broker,Street,Cash,Finished,Unfurnished,No,Yes,11.21,Beige,6670000.0
EG-12459,Cairo,Shubra,50.0,1.0,1.0,4.0,2027,Broker,Street,Installments,Finished,Furnished,Yes,Yes,9.68,White,3026000.0
EG-12460,Cairo,Shubra,64.0,1.0,1.0,1.0,2026,Broker,Street,Installments,Finished,Furnished,Yes,No,3.82,Grey,3038000.0
EG-12461,Cairo,Shubra,82.0,2.0,1.0,3.0,2027,Broker,Street,Installments,Unfinished,Unfurnished,No,Yes,7.66,Brown,1922000.0
EG-12462,Cairo,Shubra,69.0,2.0,1.0,1.0,2026,Broker,Street,Installments,Finished,Unfurnished,Yes,No,2.03,Grey,2948000.0
EG-12463,Cairo,New Cairo,198.0,4.0,3.0,3.0,2026,Broker,Garden,Installments,Unfinished,Unfurnished,No,Yes,13.09,Brown,9745000.0
EG-12464,Cairo,Heliopolis,169.0,3.0,2.0,2.0,2026,Broker,Street,Installments,Unfinished,Furnished,Yes,Yes,5.43,Beige,8475000.0
EG-12465,Cairo,Ain Shams,130.0,3.0,2.0,1.0,2022,Broker,Street,Cash,Finished,Unfurnished,No,No,9.43,Beige,3092000.0
EG-12466,Cairo,New Cairo,167.0,2.0,1.0,2.0,2026,Broker,Garden,Installments,Finished,Unfurnished,Yes,Yes,2.47,Brown,10519000.0
EG-12467,Cairo,Sheikh Zayed,179.0,3.0,2.0,3.0,2021,Developer,Pool,Installments,Finished,Furnished,Yes,Yes,3.17,Off-White,11591000.0
EG-12468,Cairo,Nasr City,88.0,2.0,1.0,3.0,2027,Broker,Other,Installments,Finished,Unfurnished,Yes,No,14.88,Beige,4385000.0
EG-12469,Cairo,Nasr City,98.0,2.0,1.0,3.0,2027,Broker,Other,Installments,Finished,Furnished,No,No,11.32,White,4402000.0
EG-12470,Cairo,Al-Haram,295.0,3.0,3.0,0.0,2026,Broker,Street,Installments,Unfinished,Furnished,No,Yes,14.43,Beige,6069000.0
EG-12471,Cairo,Nasr City,220.0,3.0,3.0,3.0,2003,Broker,Street,Cash,Finished,Unfurnished,Yes,Yes,4.51,White,4769000.0
EG-12472,Cairo,Maadi,167.0,2.0,1.0,1.0,2026,Broker,Lake,Installments,Finished,Unfurnished,No,Yes,2.55,Grey,9086000.0
EG-12473,Cairo,Al-Haram,55.0,1.0,1.0,2.0,2026,Broker,Street,Installments,Finished,Furnished,Yes,No,7.6,Beige,4701000.0
EG-12474,Cairo,Al-Haram,110.0,2.0,2.0,3.0,2028,Broker,Street,Installments,Unfinished,Unfurnished,No,Yes,7.47,Beige,3245000.0
EG-12475,Cairo,New Cairo,235.0,3.0,3.0,2.0,2020,Broker,Pool,Cash,Finished,Unfurnished,Yes,Yes,2.71,Grey,18808000.0
EG-12476,Cairo,Nasr City,180.0,3.0,2.0,8.0,1978,Broker,Other,Cash,Finished,Furnished,Yes,No,11.02,White,2663000.0
EG-12477,Cairo,Al-Haram,63.0,1.0,1.0,1.0,2026,Broker,Street,Installments,Finished,Furnished,Yes,Yes,5.49,Off-White,3083000.0
EG-12478,Cairo,Ain Shams,110.0,,1.0,2.0,2000,Broker,Street,Cash,Finished,Unfurnished,No,Yes,2.88,White,1991000.0
EG-12479,Cairo,6th of October,45.0,1.0,1.0,1.0,2027,Broker,Street,Installments,Finished,Furnished,Yes,Yes,5.05,Brown,1577000.0
EG-12480,Cairo,Shubra,150.0,3.0,2.0,1.0,2025,Broker,Street,Cash,Unfinished,Unfurnished,Yes,No,8.5,Brown,2079000.0
EG-12481,Cairo,Sheikh Zayed,178.0,2.0,1.0,2.0,2026,Broker,Garden,Installments,Finished,Unfurnished,Yes,Yes,10.92,Brown,10703000.0
EG-12482,Cairo,New Cairo,219.0,3.0,3.0,2.0,2025,Broker,Garden,Cash,Finished,Furnished,No,Yes,7.28,Grey,21276000.0
EG-12483,Cairo,Heliopolis,55.0,1.0,1.0,2.0,2026,Broker,Garden,Installments,Finished,Unfurnished,No,No,7.93,White,4557000.0
EG-12484,Cairo,Ain Shams,110.0,2.0,2.0,3.0,2028,Broker,Street,Installments,Unfinished,Furnished,No,No,2.17,Beige,3342000.0
EG-12485,Cairo,Heliopolis,179.0,2.0,1.0,1.0,2026,Broker,Pool,Installments,Finished,Furnished,No,Yes,13.73,Brown,11339000.0
EG-12486,Cairo,Al-Haram,151.0,3.0,2.0,1.0,2025,Developer,Street,Cash,Finished,Furnished,No,Yes,13.94,White,7289000.0
EG-12487,Cairo,Maadi,280.0,4.0,3.0,2.0,2025,Developer,Lake,Cash,Finished,Unfurnished,Yes,Yes,10.28,Beige,9877000.0
EG-12488,Cairo,Ain Shams,110.0,2.0,1.0,2.0,2000,Broker,Street,Cash,Finished,Unfurnished,No,Yes,0.36,White,1991000.0
EG-12489,Cairo,New Cairo,148.0,2.0,1.0,2.0,2026,Broker,Garden,Installments,Finished,Unfurnished,Yes,Yes,8.1,Grey,8899000.0
EG-12490,Cairo,Nasr City,40.0,1.0,1.0,1.0,2027,Broker,Street,Installments,Finished,Unfurnished,No,Yes,9.48,Brown,1204000.0
EG-12491,Cairo,6th of October,173.0,3.0,2.0,5.0,2025,Developer,Street,Installments,Unfinished,Furnished,No,No,14.92,Off-White,2785000.0
EG-12492,Cairo,Nasr City,53.0,1.0,1.0,3.0,2027,Broker,Street,Installments,Finished,Furnished,No,Yes,14.94,Brown,3058000.0
EG-12493,Cairo,Shubra,65.0,1.0,1.0,1.0,2027,Broker,Street,Installments,Finished,Furnished,No,Yes,12.88,Brown,2143000.0
EG-12494,Cairo,Maadi,67.0,1.0,1.0,4.0,2026,Broker,Lake,Installments,Finished,Furnished,Yes,Yes,1.05,Grey,4589000.0
EG-12495,Cairo,Al-Haram,108.0,2.0,,2.0,2027,Broker,Street,Installments,Finished,Furnished,No,No,14.3,Beige,5941000.0
EG-12496,Cairo,Nasr City,45.0,1.0,1.0,1.0,2026,Broker,Other,Installments,Finished,Unfurnished,No,Yes,9.23,Brown,1322000.0
EG-12497,Cairo,Shubra,55.0,1.0,1.0,1.0,2027,Broker,Street,Installments,Finished,Unfurnished,Yes,No,12.03,Beige,1655000.0
EG-12498,Cairo,Heliopolis,179.0,2.0,1.0,3.0,2026,Broker,Garden,Installments,Finished,Unfurnished,Yes,Yes,6.17,Beige,11105000.0
EG-12499,Cairo,Sheikh Zayed,252.0,3.0,3.0,2.0,2026,Broker,Pool,Cash,Finished,Furnished,No,No,4.86,Grey,27172000.0
EG-12500,Cairo,Heliopolis,68.0,1.0,1.0,3.0,2026,Broker,Pool,Installments,Finished,Unfurnished,Yes,Yes,7.0,Brown,4348000.0
EG-12501,Cairo,Al-Haram,128.0,3.0,3.0,2.0,2027,Broker,Other,Installments,Unfinished,Unfurnished,Yes,Yes,2.29,Grey,2832000.0
EG-12502,Cairo,Heliopolis,99.0,2.0,1.0,,2025,Broker,Garden,Cash,Finished,Unfurnished,Yes,No,5.42,Grey,5382000.0
EG-12503,Cairo,New Cairo,149.0,2.0,1.0,,2026,Broker,Street,Installments,Finished,Furnished,No,Yes,12.88,Off-White,8981000.0
EG-12504,Cairo,Shubra,65.0,1.0,1.0,1.0,2027,Broker,Street,Installments,Finished,Unfurnished,No,Yes,0.67,Grey,2083000.0
EG-12505,Cairo,Al-Haram,,1.0,1.0,1.0,2027,Broker,Street,Installments,Finished,Unfurnished,Yes,Yes,2.35,Off-White,1240000.0
EG-12506,Cairo,Heliopolis,88.0,2.0,1.0,2.0,2027,Broker,Street,Installments,Finished,Unfurnished,Yes,Yes,1.96,Beige,4842000.0
EG-12507,Cairo,Nasr City,135.0,3.0,2.0,2.0,2029,Broker,Street,Installments,Unfinished,Unfurnished,Yes,No,6.11,Beige,5633000.0
EG-12508,Cairo,Shubra,45.0,1.0,1.0,1.0,2027,Broker,Street,Installments,Finished,Unfurnished,Yes,Yes,14.96,White,1486000.0
EG-12509,Cairo,Shubra,35.0,1.0,1.0,1.0,2027,Broker,Street,Installments,Finished,Furnished,No,Yes,2.68,White,2578000.0
EG-12510,Cairo,Al-Haram,120.0,3.0,3.0,1.0,2027,Broker,Street,Installments,Unfinished,Unfurnished,Yes,Yes,2.27,Beige,3250000.0
EG-12511,Cairo,6th of October,60.0,1.0,1.0,1.0,2027,Broker,Street,Installments,Finished,Furnished,Yes,Yes,13.73,Brown,2070000.0
EG-12512,Cairo,Ain Shams,53.0,1.0,1.0,2.0,2027,Broker,Street,Installments,Finished,Furnished,No,Yes,13.24,White,3004000.0
EG-12513,Cairo,Ain Shams,50.0,1.0,1.0,1.0,2027,Broker,Street,Installments,Finished,Unfurnished,Yes,Yes,0.58,Grey,1651000.0
EG-12514,Cairo,Al-Haram,50.0,1.0,1.0,1.0,2027,Broker,Other,Installments,Finished,Unfurnished,No,Yes,11.3,White,1468000.0
EG-12515,Cairo,Ain Shams,160.0,3.0,2.0,6.0,2024,Developer,Other,Installments,Unfinished,Furnished,No,No,9.87,Beige,2731000.0
EG-12516,Cairo,6th of October,55.0,1.0,1.0,2.0,2026,Broker,Street,Installments,Finished,Unfurnished,Yes,Yes,11.54,Brown,4564000.0
EG-12517,Cairo,Ain Shams,50.0,1.0,1.0,1.0,2027,Broker,Street,Installments,Finished,Unfurnished,Yes,No,7.47,Beige,1602000.0
EG-12518,Cairo,Sheikh Zayed,274.0,3.0,3.0,2.0,2022,Broker,Garden,Cash,Unfinished,Unfurnished,Yes,No,14.87,Brown,14594000.0
EG-12519,Cairo,Shubra,65.0,1.0,1.0,1.0,2027,Broker,Street,Installments,Finished,Furnished,Yes,Yes,0.75,White,2242000.0
EG-12520,Cairo,Shubra,119.0,3.0,3.0,0.0,2027,Broker,Other,Installments,Unfinished,Unfurnished,Yes,Yes,3.59,Grey,2849000.0
EG-12521,Cairo,Sheikh Zayed,169.0,,3.0,2.0,2027,Broker,Garden,Installments,Unfinished,Furnished,No,Yes,6.01,Grey,8009000.0
EG-12522,Cairo,Maadi,179.0,2.0,1.0,3.0,2026,Broker,Garden,Installments,Finished,Furnished,No,Yes,6.8,Beige,12708000.0
EG-12523,Cairo,Al-Haram,67.0,1.0,1.0,3.0,2026,Broker,Other,Installments,Finished,Unfurnished,Yes,No,13.83,Brown,3995000.0
EG-12524,Cairo,Madinaty,200.0,3.0,2.0,2.0,2025,Broker,Street,Cash,Unfinished,Furnished,No,No,8.44,White,9518000.0
EG-12525,Cairo,Maadi,148.0,,2.0,3.0,2027,Broker,Garden,Installments,Unfinished,Furnished,Yes,Yes,0.77,Brown,7207000.0
EG-12526,Cairo,6th of October,130.0,3.0,2.0,4.0,2020,Broker,Street,Cash,Finished,Unfurnished,No,Yes,6.18,Brown,3982000.0
EG-12527,Cairo,Nasr City,220.0,3.0,3.0,0.0,2000,Broker,Street,Cash,Finished,Furnished,Yes,No,6.31,Brown,5652000.0
EG-12528,Cairo,Nasr City,198.0,3.0,3.0,2.0,2028,Broker,Other,Installments,Unfinished,Furnished,Yes,Yes,14.49,White,5723000.0
EG-12529,Cairo,Al-Haram,35.0,1.0,1.0,1.0,2027,Broker,Street,Installments,Finished,Unfurnished,No,No,9.03,Brown,2395000.0
EG-12530,Cairo,Al-Haram,58.0,1.0,1.0,1.0,2027,Broker,Street,Installments,Finished,Unfurnished,Yes,Yes,9.57,Grey,3133000.0
EG-12531,Cairo,New Cairo,149.0,2.0,1.0,3.0,2026,Broker,Garden,Installments,Finished,Unfurnished,No,Yes,10.73,Beige,9968000.0
EG-12532,Cairo,New Cairo,251.0,3.0,2.0,2.0,2008,Broker,Garden,Cash,Finished,Unfurnished,Yes,No,11.57,Off-White,9497000.0
EG-12533,Cairo,6th of October,158.0,3.0,2.0,0.0,2022,Broker,Street,Cash,Finished,Unfurnished,Yes,Yes,9.56,Brown,5333000.0
EG-12534,Cairo,6th of October,200.0,3.0,2.0,4.0,2025,Broker,Other,Cash,Finished,Unfurnished,No,No,3.63,Grey,2657000.0
EG-12535,Cairo,Nasr City,47.0,1.0,1.0,1.0,2027,Broker,Other,Installments,Finished,Furnished,No,Yes,13.12,Grey,1443000.0
EG-12536,Cairo,Nasr City,88.0,2.0,1.0,1.0,2027,Broker,Other,Installments,Finished,Furnished,Yes,No,11.01,Beige,4488000.0
EG-12537,Cairo,Maadi,167.0,3.0,2.0,2.0,2025,Broker,Garden,Cash,Finished,Unfurnished,Yes,No,11.15,Beige,10573000.0
EG-12538,Cairo,Maadi,179.0,2.0,1.0,1.0,2026,Broker,Street,Installments,Finished,Unfurnished,No,Yes,14.95,Off-White,10080000.0
EG-12539,Cairo,Heliopolis,89.0,2.0,1.0,2.0,2026,Broker,Street,Installments,Finished,Unfurnished,No,Yes,12.06,Off-White,7572000.0
EG-12540,Cairo,Ain Shams,53.0,1.0,1.0,1.0,2027,Broker,Street,Installments,Finished,Furnished,No,No,12.45,Off-White,2862000.0
EG-12541,Cairo,6th of October,69.0,1.0,1.0,1.0,2026,Broker,Street,Installments,Finished,Furnished,No,No,14.28,White,4347000.0
EG-12542,Cairo,Heliopolis,69.0,1.0,1.0,2.0,2026,Broker,Pool,Installments,Finished,Unfurnished,No,No,2.35,White,4480000.0
EG-12543,Cairo,Ain Shams,221.0,3.0,3.0,4.0,2016,Broker,Other,Cash,Unfinished,Unfurnished,Yes,No,7.52,Grey,2625000.0
EG-12544,Cairo,Sheikh Zayed,117.0,2.0,2.0,2.0,2025,Broker,Garden,Cash,Unfinished,Unfurnished,No,Yes,8.75,Beige,9599000.0
EG-12545,Cairo,New Cairo,178.0,2.0,1.0,2.0,2026,Broker,Street,Installments,Finished,Furnished,No,No,5.01,Brown,11215000.0
EG-12546,Cairo,6th of October,68.0,1.0,1.0,3.0,2026,Broker,Street,Installments,Finished,Furnished,No,Yes,12.61,Beige,4695000.0
EG-12547,Cairo,Heliopolis,133.0,3.0,3.0,2.0,2028,Broker,Pool,Installments,Unfinished,Furnished,Yes,Yes,11.46,White,4446000.0
EG-12548,Cairo,Sheikh Zayed,94.0,2.0,1.0,1.0,2026,Broker,Pool,Installments,Finished,Unfurnished,No,Yes,10.84,Grey,7610000.0
EG-12549,Cairo,Al-Haram,135.0,3.0,2.0,11.0,2004,Broker,Street,Cash,Finished,Unfurnished,No,No,14.96,Brown,2126000.0
EG-12550,Cairo,New Cairo,148.0,2.0,1.0,,2026,Broker,Garden,Installments,Finished,Unfurnished,No,Yes,3.96,Off-White,9596000.0
EG-12551,Cairo,New Cairo,185.0,3.0,2.0,5.0,2028,Broker,Street,Installments,Finished,Unfurnished,Yes,No,11.06,Off-White,9224000.0
EG-12552,Cairo,Heliopolis,168.0,,2.0,2.0,2024,Broker,Pool,Cash,Finished,Unfurnished,Yes,No,8.32,White,11080000.0
EG-12553,Cairo,Shubra,75.0,2.0,1.0,1.0,2026,Broker,Street,Installments,Finished,Unfurnished,No,No,4.76,Grey,3251000.0
EG-12554,Cairo,Maadi,125.0,3.0,3.0,0.0,2028,Broker,Garden,Installments,Unfinished,Unfurnished,No,Yes,2.49,Beige,4204000.0
EG-12555,Cairo,New Cairo,230.0,3.0,3.0,4.0,1990,Broker,Garden,Cash,Finished,Furnished,No,Yes,13.45,White,10638000.0
EG-12556,Cairo,Al-Haram,135.0,3.0,2.0,4.0,2024,Broker,Street,Cash,Unfinished,Unfurnished,No,Yes,8.97,Beige,1386000.0
EG-12557,Cairo,Ain Shams,150.0,3.0,1.0,3.0,2022,Broker,Street,Cash,Finished,Furnished,Yes,No,12.39,Brown,2535000.0
EG-12558,Cairo,Maadi,100.0,1.0,2.0,1.0,2025,Broker,Street,Cash,Finished,Unfurnished,Yes,Yes,8.23,Beige,7692000.0
EG-12559,Cairo,Ain Shams,127.0,3.0,2.0,3.0,2025,Broker,Street,Cash,Unfinished,Unfurnished,Yes,No,3.38,Brown,2402000.0
EG-12560,Cairo,Al-Haram,76.0,2.0,1.0,1.0,2026,Broker,Street,Installments,Finished,Furnished,No,Yes,5.13,Grey,3602000.0
EG-12561,Cairo,Heliopolis,81.0,2.0,1.0,1.0,2026,Broker,Garden,Installments,Finished,Furnished,Yes,No,5.78,White,4512000.0
EG-12562,Cairo,Al-Haram,80.0,2.0,1.0,5.0,2017,Broker,Street,Cash,Finished,Furnished,No,Yes,14.6,Beige,1690000.0
EG-12563,Cairo,Heliopolis,77.0,1.0,1.0,1.0,2026,Broker,Street,Installments,Finished,Unfurnished,No,No,0.18,Grey,3845000.0
EG-12564,Cairo,Sheikh Zayed,185.0,3.0,2.0,5.0,2028,Broker,Pool,Installments,Finished,Furnished,No,Yes,14.79,Grey,10376000.0
EG-12565,Cairo,Nasr City,150.0,3.0,2.0,3.0,2024,Broker,Other,Cash,Finished,Unfurnished,No,Yes,14.71,Beige,2691000.0
EG-12566,Cairo,Heliopolis,77.0,1.0,1.0,1.0,2026,Broker,Garden,Installments,Finished,Furnished,No,No,14.94,Off-White,4325000.0
EG-12567,Cairo,Al-Haram,109.0,2.0,1.0,3.0,2025,Broker,Street,Installments,Unfinished,Unfurnished,No,Yes,7.2,Off-White,2028000.0
EG-12568,Cairo,6th of October,55.0,1.0,1.0,2.0,2026,Broker,Other,Installments,Finished,Furnished,Yes,No,14.46,Brown,4037000.0
EG-12569,Cairo,Ain Shams,75.0,2.0,1.0,1.0,2026,Broker,Street,Installments,Finished,Unfurnished,Yes,Yes,5.99,Grey,3451000.0
EG-12570,Cairo,Heliopolis,125.0,3.0,3.0,0.0,2028,Broker,Garden,Installments,Unfinished,Unfurnished,Yes,Yes,0.49,White,4331000.0
EG-12571,Cairo,Sheikh Zayed,168.0,3.0,3.0,5.0,2028,Broker,Garden,Installments,Unfinished,Unfurnished,Yes,Yes,3.44,White,12993000.0
EG-12572,Cairo,Maadi,80.0,1.0,1.0,1.0,2025,Broker,Street,Installments,Finished,Unfurnished,No,No,14.18,Grey,4147000.0
EG-12573,Cairo,Al-Haram,140.0,2.0,2.0,4.0,2025,Broker,Street,Cash,Finished,Unfurnished,Yes,No,0.31,Off-White,2190000.0
EG-12574,Cairo,Nasr City,154.0,3.0,3.0,9.0,2023,Broker,Street,Installments,Unfinished,Furnished,No,Yes,8.24,Grey,6270000.0
EG-12575,Cairo,Shubra,61.0,1.0,1.0,1.0,2026,Broker,Street,Installments,Finished,Unfurnished,Yes,Yes,1.23,Brown,2945000.0
EG-12576,Cairo,Nasr City,61.0,1.0,1.0,1.0,2025,Broker,Street,Installments,Finished,Unfurnished,No,No,4.37,Grey,3047000.0
EG-12577,Cairo,Ain Shams,140.0,3.0,,0.0,2005,Broker,Other,Cash,Finished,Unfurnished,Yes,No,1.41,Beige,3467000.0
EG-12578,Cairo,Heliopolis,194.0,3.0,4.0,1.0,2023,Broker,Garden,Cash,Finished,Furnished,Yes,No,12.91,Off-White,15901000.0
EG-12579,Cairo,Heliopolis,98.0,2.0,1.0,1.0,2026,Broker,Pool,Installments,Finished,Furnished,Yes,No,8.91,Beige,4924000.0
EG-12580,Cairo,Nasr City,81.0,1.0,1.0,1.0,2026,Broker,Other,Installments,Finished,Furnished,No,Yes,13.54,Beige,3714000.0
EG-12581,Cairo,Heliopolis,220.0,4.0,3.0,4.0,2024,Broker,Garden,Cash,Finished,Furnished,Yes,No,10.36,Grey,5151000.0
EG-12582,Cairo,Nasr City,98.0,2.0,1.0,1.0,2026,Broker,Street,Installments,Finished,Unfurnished,No,No,14.57,Grey,4248000.0
EG-12583,Cairo,Shubra,110.0,2.0,1.0,2.0,2029,Broker,Street,Installments,Unfinished,Furnished,No,Yes,7.7,White,2735000.0
EG-12584,Cairo,Al-Haram,88.0,2.0,1.0,1.0,2025,Broker,Street,Installments,Finished,Unfurnished,Yes,No,9.62,Beige,4443000.0
EG-12585,Cairo,Sheikh Zayed,110.0,2.0,2.0,,2025,Broker,Pool,Cash,Finished,Unfurnished,Yes,No,8.69,Grey,8231000.0
EG-12586,Cairo,6th of October,51.0,1.0,1.0,1.0,2025,Broker,Street,Installments,Finished,Unfurnished,No,No,7.32,White,2547000.0
EG-12587,Cairo,Ain Shams,68.0,1.0,1.0,1.0,2025,Broker,Street,Installments,Finished,Unfurnished,Yes,Yes,12.7,Beige,3741000.0
EG-12588,Cairo,Al-Haram,80.0,2.0,1.0,1.0,2026,Broker,Street,Installments,Finished,Furnished,No,Yes,9.7,White,4204000.0
EG-12589,Cairo,Al-Haram,58.0,1.0,1.0,1.0,2025,Broker,Street,Installments,Finished,Furnished,Yes,Yes,12.04,Off-White,3263000.0
EG-12590,Cairo,Sheikh Zayed,168.0,3.0,3.0,1.0,2026,Broker,Garden,Installments,Finished,Unfurnished,No,Yes,11.82,Brown,16030000.0
EG-12591,Cairo,Shubra,64.0,,1.0,1.0,2026,Broker,Street,Installments,Finished,Unfurnished,No,No,2.95,Beige,2654000.0
EG-12592,Cairo,Al-Haram,,2.0,1.0,1.0,2026,Broker,Other,Installments,Finished,Furnished,No,Yes,9.79,Grey,3323000.0
EG-12593,Cairo,Shubra,64.0,1.0,1.0,1.0,2025,Broker,Street,Installments,Finished,Furnished,Yes,No,3.07,Off-White,3627000.0
EG-12594,Cairo,Shubra,76.0,2.0,1.0,1.0,2026,Broker,Street,Installments,Finished,Unfurnished,No,Yes,8.79,White,3247000.0
EG-12595,Cairo,Maadi,130.0,2.0,2.0,5.0,2026,Broker,Garden,Installments,Finished,Furnished,No,Yes,10.19,Brown,6603000.0
EG-12596,Cairo,Shubra,56.0,1.0,1.0,1.0,2025,Broker,Other,Installments,Finished,Unfurnished,Yes,Yes,14.96,Beige,2721000.0
EG-12597,Cairo,Al-Haram,71.0,1.0,1.0,1.0,2025,Broker,Other,Installments,Finished,Unfurnished,No,Yes,0.56,Brown,3348000.0
EG-12598,Cairo,Shubra,68.0,1.0,1.0,1.0,2025,Broker,Street,Installments,Finished,Unfurnished,No,Yes,1.46,Off-White,3631000.0
EG-12599,Cairo,Nasr City,160.0,,2.0,6.0,2008,Broker,Street,Cash,Finished,Unfurnished,No,No,1.25,Brown,2415000.0
EG-12600,Cairo,Al-Haram,56.0,1.0,1.0,1.0,2025,Broker,Street,Installments,Finished,Furnished,No,No,6.04,Beige,2968000.0
EG-12601,Cairo,Al-Haram,,2.0,1.0,1.0,2026,Broker,Street,Installments,Finished,Unfurnished,Yes,Yes,12.34,Off-White,3301000.0
EG-12602,Cairo,Al-Haram,54.0,1.0,1.0,1.0,2025,Broker,Street,Installments,Finished,Furnished,Yes,Yes,12.68,White,3038000.0
EG-12603,Cairo,Al-Haram,65.0,1.0,1.0,1.0,2027,Broker,Other,Installments,Finished,Unfurnished,No,No,11.08,Beige,1852000.0
EG-12604,Cairo,6th of October,143.0,3.0,3.0,4.0,2025,Developer,Street,Installments,Unfinished,Unfurnished,Yes,No,13.46,Brown,5858000.0
EG-12605,Cairo,Heliopolis,160.0,3.0,3.0,1.0,2027,Broker,Pool,Installments,Unfinished,Furnished,No,Yes,4.91,Beige,6504000.0
EG-12606,Cairo,Nasr City,172.0,3.0,3.0,2.0,2004,Broker,Street,Cash,Finished,Unfurnished,No,Yes,1.41,Off-White,6072000.0
EG-12607,Cairo,6th of October,90.0,2.0,1.0,3.0,2005,Broker,Street,Cash,Unfinished,Unfurnished,Yes,Yes,0.97,Brown,1990000.0
EG-12608,Cairo,Sheikh Zayed,155.0,2.0,2.0,1.0,2025,Broker,Street,Cash,Finished,Unfurnished,Yes,Yes,12.8,White,8205000.0
EG-12609,Cairo,6th of October,40.0,1.0,1.0,1.0,2027,Broker,Other,Installments,Finished,Unfurnished,Yes,Yes,10.98,Grey,1137000.0
EG-12610,Cairo,New Cairo,122.0,2.0,2.0,2.0,2023,Developer,Pool,Installments,Finished,Unfurnished,No,Yes,10.51,White,7806000.0
EG-12611,Cairo,New Cairo,167.0,4.0,2.0,1.0,2026,Broker,Garden,Installments,Finished,Unfurnished,Yes,No,5.16,Beige,10313000.0
EG-12612,Cairo,Al-Haram,55.0,1.0,1.0,1.0,2027,Broker,Street,Installments,Finished,Unfurnished,Yes,Yes,5.76,Grey,1706000.0
EG-12613,Cairo,Ain Shams,64.0,1.0,1.0,1.0,2026,Broker,Street,Installments,Finished,Unfurnished,No,No,14.38,Off-White,2778000.0
EG-12614,Cairo,Shubra,50.0,1.0,1.0,1.0,2027,Broker,Street,Installments,Finished,Furnished,Yes,Yes,1.05,Brown,1725000.0
EG-12615,Cairo,Ain Shams,65.0,1.0,1.0,1.0,2027,Broker,Street,Installments,Finished,Furnished,No,No,11.63,Brown,2080000.0
EG-12616,Cairo,6th of October,165.0,3.0,3.0,2.0,2007,Broker,Other,Cash,Unfinished,Furnished,Yes,No,4.71,Off-White,4718000.0
EG-12617,Cairo,Shubra,80.0,,1.0,5.0,2008,Broker,Street,Cash,Finished,Furnished,Yes,No,0.68,Beige,1479000.0
EG-12618,Cairo,Sheikh Zayed,235.0,3.0,4.0,2.0,2024,Broker,Street,Cash,Unfinished,Furnished,Yes,No,11.16,White,20593000.0
EG-12619,Cairo,Maadi,220.0,3.0,2.0,2.0,2012,Broker,Lake,Cash,Finished,Unfurnished,Yes,No,5.03,Grey,6924000.0
EG-12620,Cairo,Maadi,165.0,3.0,2.0,2.0,2025,Broker,Pool,Cash,Finished,Furnished,Yes,Yes,10.86,Off-White,7615000.0
EG-12621,Cairo,New Cairo,116.0,2.0,2.0,3.0,2027,Broker,Garden,Installments,Finished,Unfurnished,Yes,Yes,10.64,Beige,14772000.0
EG-12622,Cairo,Al-Haram,214.0,4.0,3.0,4.0,2025,Broker,Street,Cash,Finished,Unfurnished,No,No,8.07,Beige,5507000.0
EG-12623,Cairo,Sheikh Zayed,180.0,3.0,3.0,5.0,2000,Broker,Garden,Cash,Finished,Unfurnished,No,No,11.68,Grey,7169000.0
EG-12624,Cairo,Nasr City,160.0,3.0,3.0,3.0,2025,Broker,Other,Cash,Finished,Unfurnished,Yes,Yes,8.76,Off-White,3854000.0
EG-12625,Cairo,Al-Haram,133.0,2.0,2.0,4.0,2029,Broker,Street,Installments,Finished,Furnished,Yes,No,4.37,White,6492000.0
EG-12626,Cairo,New Cairo,163.0,3.0,3.0,4.0,2018,Broker,Garden,Cash,Unfinished,Unfurnished,Yes,Yes,11.04,White,7569000.0
EG-12627,Cairo,Al-Haram,105.0,2.0,2.0,3.0,2027,Broker,Street,Cash,Unfinished,Unfurnished,Yes,Yes,8.88,Off-White,1946000.0
EG-12628,Cairo,Madinaty,250.0,3.0,2.0,9.0,1999,Broker,Garden,Cash,Finished,Unfurnished,Yes,No,0.29,Brown,7703000.0
EG-12629,Cairo,Ain Shams,145.0,3.0,,2.0,2025,Broker,Street,Cash,Unfinished,Furnished,No,Yes,13.53,White,2255000.0
EG-12630,Cairo,New Cairo,146.0,3.0,3.0,3.0,2025,Broker,Street,Cash,Unfinished,Unfurnished,Yes,Yes,8.23,Brown,6831000.0
EG-12631,Cairo,Ain Shams,125.0,2.0,1.0,6.0,2021,Broker,Street,Cash,Unfinished,Unfurnished,Yes,Yes,13.04,Off-White,1809000.0
EG-12632,Cairo,Al-Haram,165.0,3.0,3.0,3.0,2025,Broker,Street,Cash,Unfinished,Unfurnished,No,No,13.25,Beige,5381000.0
EG-12633,Cairo,New Cairo,134.0,3.0,2.0,1.0,2025,Cash,Garden,Cash,Finished,Furnished,No,No,6.73,Off-White,8369000.0
EG-12634,Cairo,6th of October,280.0,5.0,3.0,5.0,2020,Broker,Street,Cash,Unfinished,Unfurnished,No,Yes,7.66,Beige,5914000.0
EG-12635,Cairo,New Cairo,250.0,3.0,3.0,9.0,2003,Broker,Garden,Cash,Finished,Unfurnished,Yes,Yes,6.29,Off-White,8697000.0
EG-12636,Cairo,New Cairo,240.0,3.0,3.0,10.0,2001,Broker,Garden,Cash,Finished,Unfurnished,Yes,Yes,6.8,Brown,7610000.0
EG-12637,Cairo,Nasr City,105.0,,,2.0,2025,Broker,Street,Cash,Finished,Unfurnished,Yes,No,13.44,Brown,4480000.0
EG-12638,Cairo,Ain Shams,102.0,2.0,2.0,0.0,2024,Broker,Street,Installments,Unfinished,Furnished,Yes,No,11.84,Off-White,2439000.0
EG-12639,Cairo,6th of October,145.0,2.0,2.0,2.0,2025,Broker,Other,Cash,Finished,Furnished,Yes,Yes,1.99,Beige,4738000.0
EG-12640,Cairo,Ain Shams,125.0,2.0,1.0,1.0,2003,Private Owner,Street,Installments,Finished,Furnished,No,No,9.19,Off-White,1500000.0
EG-12641,Cairo,Ain Shams,128.0,2.0,1.0,9.0,2004,Private Owner,Street,Cash,Finished,Furnished,No,No,14.94,Beige,1333000.0
EG-12642,Cairo,Maadi,250.0,3.0,2.0,9.0,1999,Broker,Street,Cash,Finished,Furnished,Yes,Yes,8.97,Brown,7946000.0
EG-12643,Cairo,Shubra,160.0,3.0,2.0,11.0,2015,Private Owner,Street,Cash,Finished,Furnished,Yes,Yes,11.81,Grey,2721000.0
EG-12644,Cairo,Al-Haram,155.0,3.0,2.0,8.0,2020,Broker,Street,Cash,Unfinished,Furnished,No,Yes,11.56,White,2812000.0
EG-12645,Cairo,Shubra,125.0,3.0,2.0,3.0,2028,Broker,Street,Installments,Unfinished,Unfurnished,Yes,Yes,5.32,Brown,3018000.0
EG-12646,Cairo,New Cairo,220.0,3.0,2.0,1.0,2025,Broker,Street,Cash,Finished,Unfurnished,No,Yes,5.64,Off-White,7466000.0
EG-12647,Cairo,Ain Shams,175.0,3.0,2.0,11.0,2015,Private Owner,Street,Cash,Finished,Furnished,No,Yes,10.89,Off-White,4014000.0
EG-12648,Cairo,Shubra,125.0,2.0,1.0,6.0,2021,Broker,Street,Cash,Unfinished,Furnished,No,Yes,7.55,Beige,1863000.0
EG-12649,Cairo,Madinaty,164.0,3.0,2.0,3.0,2026,Broker,Garden,Installments,Finished,Unfurnished,No,Yes,8.6,White,10359000.0
EG-12650,Cairo,6th of October,120.0,2.0,1.0,4.0,1988,Broker,Street,Cash,Finished,Unfurnished,Yes,No,10.72,Brown,2738000.0
EG-12651,Cairo,Ain Shams,125.0,3.0,2.0,4.0,2025,Private Owner,Street,Cash,Finished,Furnished,No,No,11.69,White,2025000.0
EG-12652,Cairo,Ain Shams,156.0,3.0,3.0,4.0,2025,Broker,Street,Installments,Unfinished,Unfurnished,Yes,No,4.15,White,1127000.0
EG-12653,Cairo,Heliopolis,155.0,3.0,2.0,4.0,2028,Broker,Garden,Installments,Unfinished,Furnished,Yes,No,2.29,Brown,4410000.0
EG-12654,Cairo,Shubra,170.0,3.0,2.0,9.0,2006,Private Owner,Street,Cash,Finished,Unfurnished,Yes,No,4.45,Beige,1493000.0
EG-12655,Cairo,Maadi,159.0,3.0,3.0,3.0,2025,Broker,Garden,Cash,Finished,Unfurnished,Yes,Yes,7.66,Beige,8480000.0
EG-12656,Cairo,Heliopolis,105.0,2.0,2.0,2.0,2025,Broker,Pool,Cash,Finished,Furnished,Yes,Yes,5.2,Beige,5192000.0
EG-12657,Cairo,Sheikh Zayed,180.0,3.0,3.0,2.0,2025,Broker,Pool,Cash,Finished,Unfurnished,Yes,Yes,8.57,Grey,10872000.0
EG-12658,Cairo,Ain Shams,155.0,3.0,3.0,3.0,2025,Broker,Street,Installments,Unfinished,Furnished,Yes,Yes,0.9,White,1232000.0
EG-12659,Cairo,Nasr City,100.0,2.0,2.0,2.0,2025,Broker,Other,Cash,Unfinished,Unfurnished,No,No,7.7,Grey,4315000.0
EG-12660,Cairo,Nasr City,,3.0,2.0,6.0,2018,Broker,Street,Cash,Finished,Unfurnished,No,Yes,5.58,Beige,1792000.0
EG-12661,Cairo,Madinaty,200.0,3.0,3.0,2.0,2025,Broker,Pool,Cash,Unfinished,Unfurnished,Yes,No,8.07,Brown,10529000.0
EG-12662,Cairo,Shubra,75.0,2.0,1.0,7.0,2015,Private Owner,Other,Cash,Finished,Furnished,Yes,Yes,6.4,White,2414000.0
EG-12663,Cairo,Al-Haram,165.0,,,6.0,2018,Broker,Street,Cash,Finished,Unfurnished,Yes,Yes,4.33,Brown,1846000.0
EG-12664,Cairo,6th of October,150.0,3.0,3.0,8.0,2025,Private Owner,Street,Cash,Unfinished,Unfurnished,No,No,13.57,Off-White,2691000.0
EG-12665,Cairo,New Cairo,165.0,3.0,2.0,3.0,2025,Broker,Pool,Cash,Finished,Unfurnished,No,Yes,2.85,White,8442000.0
EG-12666,Cairo,Nasr City,170.0,3.0,3.0,1.0,2028,Broker,Street,Installments,Unfinished,Furnished,Yes,Yes,10.25,Brown,3424000.0
EG-12667,Cairo,6th of October,70.0,2.0,2.0,2.0,2029,Broker,Other,Installments,Unfinished,Furnished,No,Yes,13.88,Beige,3612000.0
EG-12668,Cairo,Heliopolis,112.0,2.0,2.0,2.0,2029,Broker,Street,Installments,Unfinished,Unfurnished,No,Yes,8.13,Grey,5678000.0
EG-12669,Cairo,Al-Haram,145.0,3.0,1.0,1.0,1992,Private Owner,Street,Cash,Finished,Unfurnished,Yes,No,13.16,Brown,1195000.0
EG-12670,Cairo,Nasr City,240.0,3.0,3.0,3.0,2025,Broker,Street,Cash,Unfinished,Unfurnished,Yes,No,1.96,Off-White,6219000.0
EG-12671,Cairo,Ain Shams,100.0,3.0,1.0,3.0,1997,Private Owner,Street,Cash,Finished,Unfurnished,No,Yes,7.46,Beige,3235000.0
EG-12672,Cairo,Al-Haram,165.0,3.0,3.0,1.0,2025,Broker,Street,Installments,Unfinished,Furnished,No,No,6.91,Off-White,1160000.0
EG-12673,Cairo,Ain Shams,142.0,3.0,1.0,9.0,2015,Broker,Other,Installments,Finished,Unfurnished,Yes,No,0.22,Grey,1379000.0
EG-12674,Cairo,6th of October,143.0,3.0,1.0,9.0,2015,Broker,Other,Installments,Finished,Furnished,Yes,Yes,6.7,Off-White,1508000.0
EG-12675,Cairo,Al-Haram,140.0,3.0,1.0,9.0,2015,Broker,Street,Installments,Finished,Unfurnished,No,Yes,5.6,Brown,1505000.0
EG-12676,Cairo,Ain Shams,82.0,2.0,,3.0,2027,Broker,Street,Installments,Unfinished,Unfurnished,Yes,No,10.08,Brown,1922000.0
EG-12677,Cairo,Nasr City,170.0,3.0,3.0,1.0,2028,Broker,Street,Installments,Unfinished,Unfurnished,No,No,14.08,Beige,3040000.0
EG-12678,Cairo,Maadi,240.0,,3.0,3.0,2025,Broker,Lake,Cash,Unfinished,Furnished,Yes,Yes,1.38,Grey,7275000.0
EG-12679,Cairo,Al-Haram,150.0,3.0,1.0,7.0,2014,Private Owner,Other,Cash,Finished,Unfurnished,Yes,Yes,4.98,Grey,3172000.0
EG-12680,Cairo,Maadi,124.0,2.0,2.0,3.0,2000,Private Owner,Lake,Cash,Finished,Furnished,Yes,Yes,6.72,White,6425000.0
EG-12681,Cairo,Ain Shams,128.0,3.0,3.0,1.0,2027,Broker,Other,Installments,Unfinished,Furnished,No,Yes,6.88,White,2917000.0
EG-12682,Cairo,Heliopolis,114.0,2.0,2.0,2.0,2028,Broker,Pool,Installments,Unfinished,Furnished,No,Yes,11.64,Brown,4562000.0
EG-12683,Cairo,Nasr City,139.0,3.0,1.0,9.0,2015,Broker,Street,Installments,Finished,Furnished,No,No,6.71,Off-White,1550000.0
EG-12684,Cairo,New Cairo,220.0,3.0,3.0,1.0,2022,Broker,Garden,Cash,Finished,Unfurnished,Yes,No,0.5,Off-White,7914000.0
EG-12685,Cairo,6th of October,135.0,3.0,1.0,7.0,2015,Private Owner,Street,Cash,Finished,Unfurnished,No,No,10.68,Beige,1546000.0
EG-12686,Cairo,Sheikh Zayed,159.0,3.0,3.0,3.0,2024,Broker,Pool,Cash,Finished,Unfurnished,No,Yes,13.28,Grey,7914000.0
EG-12687,Cairo,Shubra,186.0,3.0,2.0,7.0,2007,Broker,Other,Installments,Finished,Furnished,Yes,Yes,7.76,Brown,2870000.0
EG-12688,Cairo,Nasr City,100.0,2.0,1.0,3.0,2024,Broker,Street,Cash,Finished,Unfurnished,No,Yes,8.76,Off-White,4330000.0
EG-12689,Cairo,Heliopolis,170.0,3.0,2.0,1.0,2020,Broker,Pool,Cash,Finished,Furnished,No,Yes,2.53,White,8623000.0
EG-12690,Cairo,Nasr City,200.0,3.0,2.0,5.0,2025,Private Owner,Street,Cash,Finished,Furnished,No,Yes,3.39,Brown,3697000.0
EG-12691,Cairo,Shubra,182.0,3.0,2.0,7.0,2007,Broker,Street,Installments,Finished,Unfurnished,No,Yes,3.6,Beige,2864000.0
EG-12692,Cairo,Heliopolis,167.0,3.0,3.0,1.0,2025,Broker,Garden,Cash,Finished,Unfurnished,No,Yes,6.52,Brown,10573000.0
EG-12693,Cairo,New Cairo,148.0,3.0,2.0,2.0,2028,Broker,Street,Installments,Unfinished,Unfurnished,No,No,13.93,Off-White,6653000.0
EG-12694,Cairo,Ain Shams,155.0,3.0,3.0,1.0,2025,Broker,Street,Installments,Unfinished,Unfurnished,Yes,No,7.87,Beige,1127000.0
EG-12695,Cairo,Al-Haram,,3.0,3.0,3.0,2020,Broker,Street,Cash,Finished,Furnished,No,Yes,2.96,White,6867000.0
EG-12696,Cairo,6th of October,131.0,3.0,2.0,2.0,2029,Broker,Street,Installments,Unfinished,Furnished,Yes,No,4.06,White,4113000.0
EG-12697,Cairo,Al-Haram,175.0,2.0,1.0,1.0,2024,Broker,Street,Cash,Finished,Unfurnished,No,No,5.82,Off-White,4589000.0
EG-12698,Cairo,Maadi,150.0,3.0,1.0,2.0,2025,Broker,Lake,Cash,Finished,Furnished,No,Yes,9.39,Beige,4635000.0
EG-12699,Cairo,Maadi,168.0,2.0,3.0,3.0,2025,Broker,Garden,Cash,Finished,Unfurnished,No,Yes,6.66,White,6542000.0
EG-12700,Cairo,Maadi,154.0,3.0,3.0,4.0,2025,Broker,Lake,Installments,Finished,Unfurnished,No,No,5.95,Beige,9941000.0
EG-12701,Cairo,6th of October,145.0,3.0,2.0,3.0,2025,Broker,Street,Cash,Unfinished,Furnished,Yes,Yes,8.51,Brown,5506000.0
EG-12702,Cairo,Maadi,134.0,3.0,2.0,3.0,2017,Broker,Street,Cash,Finished,Unfurnished,Yes,No,3.7,Grey,7765000.0
EG-12703,Cairo,Al-Haram,70.0,1.0,1.0,1.0,2025,Broker,Street,Installments,Unfinished,Furnished,Yes,Yes,1.28,Grey,3892000.0
EG-12704,Cairo,Al-Haram,110.0,2.0,1.0,10.0,1994,Cash,Other,Cash,Finished,Furnished,Yes,Yes,0.46,Grey,1796000.0
EG-12705,Cairo,Nasr City,68.0,1.0,1.0,0.0,2029,Broker,Street,Installments,Unfinished,Unfurnished,No,Yes,3.84,White,3064000.0
EG-12706,Cairo,Maadi,210.0,4.0,2.0,5.0,2020,Private Owner,Garden,Cash,Finished,Unfurnished,No,No,1.46,Off-White,4097000.0
EG-12707,Cairo,Sheikh Zayed,250.0,3.0,3.0,3.0,2025,Private Owner,Garden,Cash,Finished,Unfurnished,Yes,No,5.11,Grey,7386000.0
EG-12708,Cairo,6th of October,160.0,3.0,3.0,2.0,2026,Broker,Street,Installments,Unfinished,Furnished,Yes,Yes,11.62,Off-White,3469000.0
EG-12709,Cairo,Shubra,138.0,3.0,,2.0,2023,Private Owner,Other,Installments,Finished,Furnished,Yes,Yes,10.77,Grey,2919000.0
EG-12710,Cairo,6th of October,195.0,3.0,2.0,4.0,2016,Private Owner,Other,Cash,Finished,Unfurnished,No,Yes,9.2,Brown,2828000.0
EG-12711,Cairo,Ain Shams,125.0,3.0,1.0,9.0,2002,Developer,Street,Cash,Finished,Unfurnished,No,No,12.8,Grey,1353000.0
EG-12712,Cairo,Nasr City,206.0,3.0,3.0,2.0,2025,Broker,Street,Installments,Unfinished,Unfurnished,Yes,No,4.3,Off-White,3522000.0
EG-12713,Cairo,Shubra,110.0,2.0,2.0,2.0,2028,Broker,Street,Installments,Unfinished,Unfurnished,No,Yes,13.29,White,3154000.0
EG-12714,Cairo,Sheikh Zayed,164.0,,3.0,1.0,2027,Broker,Garden,Installments,Finished,Unfurnished,Yes,No,6.05,Brown,10691000.0
EG-12715,Cairo,Maadi,178.0,3.0,,4.0,2014,Private Owner,Lake,Cash,Finished,Furnished,No,No,6.07,Off-White,4685000.0
EG-12716,Cairo,Maadi,154.0,3.0,3.0,4.0,2025,Broker,Pool,Installments,Finished,Furnished,Yes,Yes,6.14,Beige,11141000.0
EG-12717,Cairo,Nasr City,243.0,3.0,3.0,2.0,2013,Private Owner,Other,Cash,Unfinished,Furnished,No,Yes,1.56,Grey,3415000.0
EG-12718,Cairo,Ain Shams,100.0,3.0,1.0,1.0,2007,Cash or Installments,Other,Installments,Finished,Unfurnished,Yes,Yes,14.63,Brown,1238000.0
EG-12719,Cairo,Sheikh Zayed,149.0,3.0,3.0,1.0,2026,Broker,Pool,Installments,Finished,Unfurnished,No,No,2.16,White,10489000.0
EG-12720,Cairo,Nasr City,175.0,3.0,2.0,11.0,2005,Private Owner,Street,Cash,Finished,Furnished,Yes,Yes,5.18,Beige,3048000.0
EG-12721,Cairo,Al-Haram,300.0,3.0,3.0,6.0,2025,Private Owner,Street,Cash,Finished,Furnished,Yes,No,4.86,Grey,5916000.0
EG-12722,Cairo,Heliopolis,186.0,3.0,2.0,2.0,2025,Broker,Garden,Installments,Unfinished,Unfurnished,Yes,No,1.21,Brown,4299000.0
EG-12723,Cairo,Ain Shams,100.0,3.0,1.0,6.0,1980,Private Owner,Street,Cash,Finished,Unfurnished,Yes,No,2.37,Off-White,2081000.0
EG-12724,Cairo,Nasr City,165.0,,2.0,6.0,2008,Private Owner,Street,Installments,Finished,Unfurnished,No,Yes,0.77,Grey,1359000.0
EG-12725,Cairo,Nasr City,75.0,2.0,1.0,2.0,2026,Broker,Other,Installments,Finished,Furnished,Yes,No,4.46,Brown,3258000.0
EG-12726,Cairo,Ain Shams,183.0,3.0,2.0,7.0,2007,Broker,Other,Installments,Finished,Unfurnished,No,Yes,13.01,Grey,2625000.0
EG-12727,Cairo,Shubra,73.0,2.0,1.0,3.0,1997,Private Owner,Other,Cash,Finished,Unfurnished,No,No,5.16,Brown,1063000.0
EG-12728,Cairo,Al-Haram,120.0,2.0,1.0,1.0,2011,Broker,Other,Installments,Finished,Furnished,Yes,Yes,1.94,Off-White,1605000.0
EG-12729,Cairo,Shubra,140.0,3.0,2.0,11.0,2000,Private Owner,Other,Cash,Unfinished,Unfurnished,Yes,No,9.72,Grey,1694000.0
EG-12730,Cairo,Al-Haram,184.0,3.0,2.0,7.0,2007,Broker,Street,Installments,Finished,Furnished,No,No,14.95,Brown,2950000.0
EG-12731,Cairo,Maadi,190.0,3.0,3.0,2.0,2025,Private Owner,Street,Cash,Unfinished,Furnished,Yes,No,3.56,Beige,6374000.0
EG-12732,Cairo,New Cairo,90.0,2.0,2.0,1.0,2027,Private Owner,Pool,Installments,Finished,Unfurnished,Yes,Yes,4.27,White,20890000.0
EG-12733,Cairo,Sheikh Zayed,380.0,5.0,3.0,4.0,2004,Private Owner,Garden,Cash,Unfinished,Unfurnished,No,Yes,14.58,Brown,6856000.0
EG-12734,Cairo,Nasr City,106.0,2.0,1.0,2.0,2003,Private Owner,Other,Cash,Finished,Unfurnished,Yes,Yes,2.76,Brown,2162000.0
EG-12735,Cairo,6th of October,70.0,2.0,1.0,2.0,2001,Private Owner,Other,Cash,Unfinished,Furnished,Yes,Yes,7.72,Brown,2037000.0
EG-12736,Cairo,6th of October,186.0,3.0,2.0,2.0,2025,Broker,Street,Installments,Unfinished,Unfurnished,Yes,Yes,3.67,Grey,4179000.0
EG-12737,Cairo,Shubra,120.0,2.0,1.0,9.0,2013,Private Owner,Street,Cash,Finished,Furnished,No,No,13.99,White,1948000.0
EG-12738,Cairo,Maadi,157.0,3.0,1.0,3.0,2009,Private Owner,Street,Cash,Finished,Furnished,Yes,No,14.72,Grey,6339000.0
EG-12739,Cairo,Maadi,176.0,3.0,3.0,7.0,2016,Private Owner,Garden,Cash,Finished,Unfurnished,No,Yes,12.24,Brown,4221000.0
EG-12740,Cairo,Nasr City,94.0,2.0,1.0,1.0,2017,Private Owner,Other,Cash,Finished,Unfurnished,Yes,No,4.79,Brown,2098000.0
EG-12741,Cairo,Ain Shams,100.0,,1.0,5.0,2000,Private Owner,Street,Cash,Finished,Furnished,Yes,No,6.11,White,1426000.0
EG-12742,Cairo,Shubra,100.0,2.0,1.0,5.0,1997,Private Owner,Street,Cash,Finished,Unfurnished,No,No,3.71,Beige,1787000.0
EG-12743,Cairo,Nasr City,200.0,4.0,2.0,1.0,2003,Private Owner,Street,Cash,Finished,Furnished,Yes,No,13.37,Grey,2324000.0
EG-12744,Cairo,Shubra,150.0,,1.0,7.0,1990,Private Owner,Street,Cash,Finished,Unfurnished,Yes,No,13.73,Beige,2240000.0
EG-12745,Cairo,Al-Haram,125.0,2.0,1.0,8.0,1991,Private Owner,Street,Cash,Finished,Unfurnished,Yes,Yes,6.34,Brown,3077000.0
EG-12746,Cairo,Shubra,94.0,2.0,1.0,1.0,2017,Private Owner,Other,Cash,Finished,Unfurnished,No,No,9.88,Brown,2037000.0
EG-12747,Cairo,Ain Shams,150.0,3.0,1.0,3.0,2015,Private Owner,Street,Cash,Finished,Unfurnished,Yes,Yes,2.57,Off-White,2667000.0
EG-12748,Cairo,Ain Shams,150.0,3.0,1.0,9.0,2014,Private Owner,Street,Cash,Finished,Furnished,No,No,6.58,Off-White,1538000.0
EG-12749,Cairo,Sheikh Zayed,238.0,3.0,4.0,2.0,2025,Broker,Garden,Cash,Finished,Unfurnished,Yes,No,9.51,Beige,13190000.0
EG-12750,Cairo,Nasr City,186.0,3.0,2.0,3.0,2025,Private Owner,Street,Cash,Unfinished,Unfurnished,Yes,Yes,5.84,Off-White,2094000.0
EG-12751,Cairo,Al-Haram,150.0,3.0,2.0,,2019,Private Owner,Other,Cash,Unfinished,Furnished,Yes,No,5.43,White,2516000.0
EG-12752,Cairo,Al-Haram,161.0,4.0,2.0,2.0,2016,Private Owner,Street,Cash,Finished,Unfurnished,No,Yes,0.11,Beige,1195000.0
EG-12753,Cairo,Sheikh Zayed,154.0,3.0,3.0,4.0,2027,Broker,Pool,Cash,Finished,Furnished,No,Yes,12.08,Off-White,12751000.0
EG-12754,Cairo,Al-Haram,150.0,3.0,1.0,7.0,1990,Private Owner,Street,Cash,Finished,Unfurnished,No,Yes,13.35,Off-White,2240000.0
EG-12755,Cairo,Al-Haram,240.0,3.0,2.0,4.0,2000,Private Owner,Street,Cash,Finished,Unfurnished,Yes,No,14.55,White,4281000.0
EG-12756,Cairo,Ain Shams,62.0,1.0,1.0,1.0,2027,Broker,Street,Installments,Finished,Unfurnished,Yes,Yes,10.82,White,3721000.0
EG-12757,Cairo,Heliopolis,167.0,3.0,2.0,2.0,2025,Broker,Garden,Cash,Finished,Furnished,No,No,8.28,Beige,10939000.0
EG-12758,Cairo,Ain Shams,170.0,4.0,2.0,8.0,2010,Private Owner,Other,Cash,Finished,Unfurnished,No,No,4.11,Grey,2081000.0
EG-12759,Cairo,Shubra,,3.0,2.0,1.0,2004,Private Owner,Street,Cash,Finished,Unfurnished,No,No,14.99,White,3092000.0
EG-12760,Cairo,Shubra,338.0,1.0,1.0,1.0,2026,Broker,Street,Installments,Finished,Unfurnished,Yes,No,8.89,Off-White,3495000.0
EG-12761,Cairo,Shubra,171.0,3.0,2.0,,1986,Cash,Street,Cash,Finished,Unfurnished,No,Yes,10.25,Beige,3534000.0
EG-12762,Cairo,Maadi,220.0,3.0,2.0,11.0,2025,Private Owner,Street,Cash,Unfinished,Furnished,Yes,Yes,10.27,Grey,5860000.0
EG-12763,Cairo,Nasr City,230.0,,3.0,2.0,2027,Broker,Other,Installments,Unfinished,Unfurnished,Yes,Yes,12.69,Beige,4862000.0
EG-12764,Cairo,Nasr City,150.0,3.0,2.0,1.0,2026,Private Owner,Street,Cash,Unfinished,Furnished,No,Yes,0.24,Off-White,2942000.0
EG-12765,Cairo,Shubra,180.0,3.0,2.0,2.0,2002,Private Owner,Street,Cash,Finished,Unfurnished,No,Yes,3.38,Grey,1991000.0
EG-12766,Cairo,Maadi,105.0,2.0,1.0,2.0,2026,Broker,Pool,Installments,Finished,Furnished,Yes,Yes,10.02,Grey,7964000.0
EG-12767,Cairo,Nasr City,62.0,1.0,1.0,1.0,2027,Broker,Street,Installments,Finished,Unfurnished,No,No,13.44,White,2861000.0
EG-12768,Cairo,New Cairo,91.0,2.0,1.0,2.0,2026,Broker,Garden,Installments,Finished,Furnished,Yes,Yes,10.31,Brown,8227000.0
EG-12769,Cairo,Nasr City,72.0,1.0,1.0,5.0,2026,Private Owner,Street,Installments,Unfinished,Unfurnished,Yes,No,6.26,Off-White,2478000.0
EG-12770,Cairo,Ain Shams,140.0,3.0,2.0,11.0,2018,Private Owner,Street,Cash,Unfinished,Furnished,No,Yes,5.49,Brown,2942000.0
EG-12771,Cairo,Heliopolis,,3.0,2.0,10.0,2008,Private Owner,Pool,Cash,Finished,Unfurnished,Yes,No,11.1,Off-White,4221000.0
EG-12772,Cairo,Ain Shams,80.0,2.0,1.0,1.0,2009,Private Owner,Street,Cash,Finished,Furnished,Yes,Yes,11.14,Beige,1361000.0
EG-12773,Cairo,6th of October,160.0,3.0,2.0,6.0,1988,Private Owner,Street,Cash,Finished,Unfurnished,Yes,No,9.15,Brown,4480000.0
EG-12774,Cairo,Ain Shams,171.0,3.0,3.0,3.0,2026,Private Owner,Other,Installments,Unfinished,Furnished,Yes,Yes,4.44,Grey,3432000.0
EG-12775,Cairo,Heliopolis,195.0,3.0,2.0,2.0,2006,Private Owner,Garden,Cash,Finished,Unfurnished,Yes,Yes,13.88,White,5436000.0
EG-12776,Cairo,Al-Haram,120.0,3.0,2.0,3.0,2013,Cash,Street,Cash,Finished,Unfurnished,No,Yes,8.32,Off-White,2688000.0
EG-12777,Cairo,Al-Haram,150.0,3.0,2.0,1.0,1980,Private Owner,Street,Cash,Finished,Unfurnished,No,Yes,11.88,White,1991000.0
EG-12778,Cairo,Ain Shams,115.0,3.0,1.0,2.0,2012,Private Owner,Other,Cash,Finished,Unfurnished,Yes,No,3.29,Off-White,1870000.0
EG-12779,Cairo,Shubra,180.0,3.0,3.0,6.0,2004,Private Owner,Street,Cash,Finished,Furnished,No,Yes,5.23,Grey,2852000.0
EG-12780,Cairo,6th of October,100.0,3.0,1.0,5.0,2014,Private Owner,Street,Cash,Finished,Furnished,No,Yes,13.13,Grey,2113000.0
EG-12781,Cairo,6th of October,173.0,4.0,2.0,4.0,1985,Private Owner,Street,Cash,Finished,Unfurnished,No,No,0.85,Grey,4058000.0
EG-12782,Cairo,Al-Haram,160.0,3.0,,4.0,2025,Cash,Street,Cash,Finished,Unfurnished,Yes,Yes,7.73,Grey,2667000.0
EG-12783,Cairo,6th of October,240.0,4.0,2.0,9.0,2022,Private Owner,Other,Installments,Unfinished,Unfurnished,Yes,Yes,7.28,Grey,4085000.0
EG-12784,Cairo,Shubra,120.0,3.0,2.0,3.0,2013,Cash,Street,Cash,Finished,Furnished,No,Yes,11.29,White,2852000.0
EG-12785,Cairo,Ain Shams,150.0,3.0,2.0,1.0,1980,Private Owner,Street,Cash,Finished,Unfurnished,Yes,Yes,4.3,Beige,2051000.0
EG-12786,Cairo,Maadi,100.0,,1.0,2.0,1925,Private Owner,Garden,Cash,Finished,Unfurnished,Yes,Yes,3.36,Brown,5436000.0
EG-12787,Cairo,Al-Haram,140.0,3.0,2.0,3.0,2008,Private Owner,Street,Cash,Finished,Furnished,No,No,13.9,White,2102000.0
EG-12788,Cairo,Al-Haram,95.0,1.0,2.0,2.0,2028,Private Owner,Other,Installments,Unfinished,Furnished,Yes,Yes,8.62,Brown,2800000.0
EG-12789,Cairo,Shubra,105.0,2.0,1.0,7.0,2012,Private Owner,Street,Cash,Finished,Unfurnished,No,No,1.66,Beige,2560000.0
EG-12790,Cairo,Shubra,150.0,3.0,2.0,10.0,2026,Private Owner,Street,Cash,Finished,Furnished,No,No,2.98,Off-White,1846000.0
EG-12791,Cairo,Nasr City,121.0,3.0,2.0,9.0,2018,Private Owner,Street,Cash,Finished,Unfurnished,No,No,14.98,Beige,2705000.0
EG-12792,Cairo,Ain Shams,100.0,2.0,2.0,2.0,2026,Private Owner,Street,Installments,Unfinished,Unfurnished,No,Yes,3.01,Beige,2253000.0
EG-12793,Cairo,Ain Shams,100.0,2.0,1.0,5.0,2023,Cash,Street,Cash,Finished,Unfurnished,Yes,Yes,9.2,Off-White,4000000.0
EG-12794,Cairo,Nasr City,85.0,2.0,1.0,4.0,2027,Broker,Street,Installments,Finished,Unfurnished,No,Yes,6.36,Brown,4377000.0
EG-12795,Cairo,6th of October,164.0,3.0,3.0,,2025,Broker,Street,Cash,Finished,Unfurnished,No,No,13.3,Grey,5797000.0
EG-12796,Cairo,Nasr City,85.0,2.0,1.0,4.0,2027,Broker,Street,Installments,Finished,Furnished,Yes,No,11.35,Off-White,4645000.0
EG-12797,Cairo,Al-Haram,150.0,3.0,1.0,6.0,1988,Private Owner,Street,Cash,Finished,Furnished,No,Yes,8.99,Off-White,2641000.0
EG-12798,Cairo,Madinaty,,3.0,3.0,6.0,2026,Private Owner,Garden,Cash,Unfinished,Unfurnished,No,No,0.26,Beige,7700000.0
EG-12799,Cairo,Shubra,180.0,3.0,2.0,11.0,2006,Private Owner,Other,Installments,Unfinished,Unfurnished,No,Yes,13.21,Off-White,1652000.0
EG-12800,Cairo,Heliopolis,122.0,3.0,2.0,2.0,2010,Broker,Street,Cash,Finished,Unfurnished,No,No,6.73,White,5411000.0
EG-12801,Cairo,Shubra,150.0,3.0,2.0,13.0,2015,Private Owner,Street,Installments,Finished,Unfurnished,Yes,No,13.98,Grey,2427000.0
EG-12802,Cairo,Al-Haram,100.0,2.0,2.0,5.0,2017,Private Owner,Street,Cash,Finished,Furnished,Yes,No,7.48,Beige,1479000.0
EG-12803,Cairo,Sheikh Zayed,205.0,4.0,3.0,9.0,2024,Private Owner,Garden,Cash,Finished,Furnished,Yes,No,10.44,Brown,19353000.0
EG-12804,Cairo,Nasr City,61.0,1.0,1.0,1.0,2026,Broker,Other,Installments,Finished,Furnished,Yes,Yes,1.13,Brown,2864000.0
EG-12805,Cairo,Heliopolis,85.0,2.0,1.0,3.0,2026,Broker,Street,Installments,Finished,Unfurnished,Yes,Yes,11.2,Brown,4510000.0
EG-12806,Cairo,New Cairo,168.0,3.0,2.0,2.0,2024,Broker,Street,Cash,Finished,Unfurnished,No,Yes,5.14,Brown,9955000.0
EG-12807,Cairo,6th of October,166.0,3.0,2.0,2.0,2021,Private Owner,Other,Cash,Finished,Furnished,No,No,5.34,Brown,4041000.0
EG-12808,Cairo,Nasr City,155.0,3.0,1.0,1.0,2026,Private Owner,Street,Cash,Unfinished,Unfurnished,Yes,No,1.87,Beige,3223000.0
EG-12809,Cairo,Al-Haram,100.0,3.0,1.0,1.0,1983,Private Owner,Other,Cash,Finished,Unfurnished,Yes,Yes,2.29,White,1316000.0
EG-12810,Cairo,Madinaty,133.0,2.0,2.0,2.0,2018,Private Owner,Pool,Cash,Finished,Unfurnished,Yes,Yes,2.87,White,11361000.0
EG-12811,Cairo,Al-Haram,165.0,3.0,3.0,1.0,2025,Broker,Street,Cash,Unfinished,Unfurnished,No,Yes,4.99,Brown,1155000.0
EG-12812,Cairo,Madinaty,210.0,3.0,3.0,6.0,2026,Private Owner,Pool,Cash,Unfinished,Furnished,No,Yes,13.39,White,8419000.0
EG-12813,Cairo,Al-Haram,200.0,3.0,2.0,1.0,2025,Cash,Other,Cash,Finished,Unfurnished,No,Yes,5.59,Grey,4562000.0
EG-12814,Cairo,Shubra,90.0,3.0,,8.0,2017,Private Owner,Other,Cash,Finished,Unfurnished,Yes,No,10.89,White,1414000.0
EG-12815,Cairo,6th of October,149.0,3.0,3.0,5.0,2028,Private Owner,Street,Installments,Unfinished,Unfurnished,Yes,Yes,1.33,Off-White,4843000.0
EG-12816,Cairo,Ain Shams,61.0,1.0,1.0,,2026,Broker,Street,Installments,Finished,Unfurnished,No,No,8.91,Brown,2774000.0
EG-12817,Cairo,6th of October,,2.0,2.0,4.0,2000,Private Owner,Other,Cash,Finished,Unfurnished,Yes,Yes,7.28,Off-White,1269000.0
EG-12818,Cairo,Nasr City,,4.0,2.0,5.0,1993,Private Owner,Street,Cash,Finished,Unfurnished,No,No,14.67,Off-White,3961000.0
EG-12819,Cairo,Ain Shams,156.0,3.0,1.0,6.0,2025,Private Owner,Street,Cash,Unfinished,Unfurnished,Yes,No,12.71,Brown,2162000.0
EG-12820,Cairo,Sheikh Zayed,257.0,3.0,4.0,3.0,2024,Broker,Pool,Cash,Unfinished,Furnished,Yes,Yes,6.88,Beige,17670000.0
EG-12821,Cairo,Shubra,,4.0,3.0,7.0,2027,Private Owner,Street,Cash,Finished,Furnished,Yes,No,11.65,White,3381000.0
EG-12822,Cairo,Ain Shams,80.0,,1.0,3.0,2000,Cash,Street,Cash,Finished,Furnished,No,Yes,2.98,Grey,1373000.0
EG-12823,Cairo,Ain Shams,128.0,3.0,2.0,7.0,2025,Private Owner,Street,Cash,Unfinished,Furnished,Yes,No,8.48,Beige,2942000.0
EG-12824,Cairo,6th of October,130.0,4.0,2.0,3.0,2025,Private Owner,Other,Cash,Unfinished,Furnished,Yes,No,1.21,Grey,1213000.0
EG-12825,Cairo,Nasr City,140.0,3.0,2.0,10.0,2008,Private Owner,Street,Cash,Finished,Unfurnished,Yes,No,5.29,Brown,1493000.0
EG-12826,Cairo,6th of October,180.0,3.0,2.0,2.0,2025,Private Owner,Other,Installments,Finished,Furnished,Yes,Yes,3.47,White,2822000.0
EG-12827,Cairo,Nasr City,132.0,3.0,2.0,1.0,2028,Private Owner,Street,Installments,Unfinished,Unfurnished,No,Yes,10.81,Beige,4878000.0
EG-12828,Cairo,Al-Haram,,2.0,1.0,9.0,2008,Private Owner,Street,Cash,Finished,Unfurnished,Yes,Yes,7.4,Brown,1538000.0
EG-12829,Cairo,Shubra,130.0,3.0,2.0,,2025,Private Owner,Street,Cash,Finished,Unfurnished,Yes,Yes,11.29,Beige,1333000.0
EG-12830,Cairo,Heliopolis,180.0,4.0,4.0,3.0,2027,Private Owner,Garden,Installments,Unfinished,Unfurnished,Yes,No,7.78,Off-White,13233000.0
EG-12831,Cairo,Ain Shams,80.0,2.0,1.0,,2000,Cash,Other,Cash,Finished,Furnished,Yes,Yes,1.39,White,1297000.0
EG-12832,Cairo,Shubra,180.0,5.0,2.0,1.0,1960,Private Owner,Street,Cash,Finished,Unfurnished,No,Yes,11.06,White,2986000.0
EG-12833,Cairo,Al-Haram,184.0,3.0,3.0,2.0,2029,Private Owner,Street,Installments,Unfinished,Furnished,Yes,Yes,12.52,Brown,6890000.0
EG-12834,Cairo,Al-Haram,320.0,1.0,2.0,1.0,2025,Private Owner,Street,Cash,Finished,Unfurnished,No,No,13.56,Brown,3382000.0
EG-12835,Cairo,Al-Haram,220.0,3.0,2.0,5.0,1990,Private Owner,Other,Cash,Finished,Unfurnished,No,No,8.62,Brown,1771000.0
EG-12836,Cairo,Nasr City,150.0,3.0,1.0,7.0,2004,Private Owner,Street,Cash,Finished,Furnished,Yes,Yes,11.33,White,1959000.0
EG-12837,Cairo,Al-Haram,160.0,3.0,2.0,9.0,2024,Private Owner,Street,Cash,Unfinished,Furnished,No,Yes,11.31,Off-White,1569000.0
EG-12838,Cairo,6th of October,255.0,4.0,3.0,2.0,2027,Private Owner,Street,Installments,Unfinished,Unfurnished,No,Yes,2.42,White,4367000.0
EG-12839,Cairo,Maadi,145.0,3.0,2.0,2.0,2025,Private Owner,Street,Installments,Unfinished,Unfurnished,Yes,Yes,2.55,Brown,3635000.0
EG-12840,Cairo,Al-Haram,70.0,2.0,1.0,5.0,2006,Private Owner,Street,Cash,Finished,Unfurnished,Yes,No,1.16,Grey,2489000.0
EG-12841,Cairo,Heliopolis,184.0,3.0,3.0,2.0,2029,Private Owner,Garden,Installments,Unfinished,Furnished,No,No,4.87,Off-White,6880000.0
EG-12842,Cairo,Heliopolis,97.0,,1.0,2.0,2027,Private Owner,Garden,Installments,Finished,Unfurnished,No,No,7.16,White,7692000.0
EG-12843,Cairo,Shubra,125.0,3.0,1.0,3.0,2019,Private Owner,Street,Cash,Finished,Furnished,Yes,No,14.97,Grey,1426000.0
EG-12844,Cairo,Ain Shams,150.0,3.0,2.0,5.0,2000,Private Owner,Street,Cash,Finished,Unfurnished,Yes,No,6.52,Off-White,1493000.0
EG-12845,Cairo,Heliopolis,255.0,4.0,3.0,2.0,2027,Private Owner,Garden,Installments,Unfinished,Unfurnished,No,No,10.92,White,4493000.0
EG-12846,Cairo,Nasr City,70.0,2.0,1.0,5.0,2006,Private Owner,Street,Cash,Finished,Furnished,Yes,No,10.43,Brown,2641000.0
EG-12847,Cairo,Shubra,91.0,2.0,1.0,4.0,2025,Private Owner,Street,Installments,Finished,Furnished,No,No,3.15,White,2900000.0
EG-12848,Cairo,Ain Shams,142.0,2.0,1.0,0.0,2011,Broker,Street,Cash,Finished,Unfurnished,No,Yes,0.97,Off-White,2489000.0
EG-12849,Cairo,Al-Haram,215.0,3.0,3.0,2.0,2027,Developer,Street,Installments,Unfinished,Furnished,No,No,8.24,Brown,2599000.0
EG-12850,Cairo,Heliopolis,265.0,4.0,3.0,2.0,2019,Broker,Street,Cash,Finished,Unfurnished,No,Yes,10.53,Beige,7217000.0
EG-12851,Cairo,Sheikh Zayed,97.0,1.0,1.0,2.0,2027,Private Owner,Street,Installments,Finished,Unfurnished,No,No,14.97,Grey,7256000.0
EG-12852,Cairo,Maadi,158.0,2.0,3.0,5.0,2024,Broker,Garden,Cash,Finished,Furnished,No,Yes,5.44,Brown,8958000.0
EG-12853,Cairo,Ain Shams,125.0,3.0,1.0,3.0,2019,Private Owner,Other,Cash,Finished,Furnished,Yes,Yes,13.46,Brown,1347000.0
EG-12854,Cairo,Al-Haram,100.0,3.0,1.0,8.0,2011,Private Owner,Street,Cash,Finished,Unfurnished,No,Yes,5.79,Off-White,1195000.0
EG-12855,Cairo,Shubra,157.0,3.0,3.0,1.0,2027,Broker,Other,Installments,Unfinished,Unfurnished,No,No,10.37,Off-White,3047000.0
EG-12856,Cairo,Ain Shams,266.0,3.0,3.0,2.0,2010,Private Owner,Street,Cash,Finished,Unfurnished,No,No,9.01,Grey,3672000.0
EG-12857,Cairo,Maadi,215.0,3.0,2.0,1.0,2025,Broker,Garden,Cash,Finished,Furnished,No,No,0.89,Off-White,8152000.0
EG-12858,Cairo,Al-Haram,150.0,3.0,,2.0,2017,Developer,Street,Cash,Finished,Furnished,No,Yes,1.27,Brown,2958000.0
EG-12859,Cairo,Maadi,265.0,4.0,3.0,2.0,2019,Broker,Street,Cash,Finished,Unfurnished,Yes,Yes,0.41,Grey,7436000.0
EG-12860,Cairo,Al-Haram,125.0,2.0,1.0,5.0,2002,Private Owner,Street,Cash,Finished,Unfurnished,No,Yes,5.63,Grey,1493000.0
EG-12861,Cairo,Ain Shams,,2.0,1.0,1.0,2025,Broker,Street,Cash,Finished,Furnished,Yes,No,11.21,White,3222000.0
EG-12862,Cairo,Sheikh Zayed,330.0,4.0,3.0,2.0,2025,Broker,Garden,Cash,Unfinished,Furnished,No,No,2.67,Brown,11758000.0
EG-12863,Cairo,Nasr City,62.0,1.0,1.0,1.0,2027,Broker,Street,Installments,Finished,Unfurnished,Yes,No,9.13,Brown,3612000.0
EG-12864,Cairo,Sheikh Zayed,217.0,3.0,3.0,4.0,2019,Broker,Pool,Cash,Finished,Unfurnished,Yes,No,4.4,Off-White,8600000.0
EG-12865,Cairo,Maadi,120.0,2.0,,1.0,2018,Broker,Lake,Cash,Finished,Furnished,No,No,11.98,Brown,5486000.0
EG-12866,Cairo,Maadi,188.0,3.0,3.0,2.0,2025,Broker,Lake,Cash,Finished,Unfurnished,No,Yes,12.0,Off-White,14380000.0
EG-12867,Cairo,Heliopolis,125.0,2.0,2.0,1.0,2024,Broker,Street,Cash,Finished,Furnished,No,Yes,11.65,Brown,8451000.0
EG-12868,Cairo,Nasr City,154.0,3.0,3.0,5.0,2025,Broker,Street,Installments,Unfinished,Furnished,Yes,No,7.92,White,1197000.0
EG-12869,Cairo,Al-Haram,150.0,3.0,2.0,4.0,2018,Broker,Street,Cash,Finished,Unfurnished,No,Yes,4.34,Brown,4480000.0
EG-12870,Cairo,Al-Haram,125.0,3.0,2.0,3.0,2027,Broker,Street,Installments,Unfinished,Unfurnished,No,No,12.16,White,2296000.0
EG-12871,Cairo,Heliopolis,270.0,4.0,4.0,,2024,Broker,Garden,Cash,Finished,Furnished,Yes,No,2.87,Brown,17917000.0
EG-12872,Cairo,Shubra,200.0,3.0,2.0,3.0,2015,Private Owner,Other,Cash,Finished,Furnished,No,Yes,4.42,Brown,1936000.0
EG-12873,Cairo,Al-Haram,,3.0,2.0,9.0,2010,Private Owner,Other,Cash,Finished,Furnished,No,Yes,2.84,Beige,2905000.0
EG-12874,Cairo,Al-Haram,164.0,3.0,,11.0,2012,Private Owner,Street,Cash,Finished,Unfurnished,Yes,Yes,10.15,Brown,3436000.0
EG-12875,Cairo,Shubra,165.0,3.0,1.0,5.0,2000,Private Owner,Other,Cash,Finished,Furnished,Yes,No,10.32,White,1452000.0
EG-12876,Cairo,Shubra,116.0,3.0,2.0,,2002,Private Owner,Other,Cash,Finished,Furnished,No,Yes,9.82,Grey,2614000.0
EG-12877,Cairo,6th of October,240.0,3.0,2.0,5.0,2007,Private Owner,Other,Cash,Finished,Furnished,No,Yes,6.29,White,5325000.0
EG-12878,Cairo,Shubra,190.0,3.0,2.0,3.0,2025,Private Owner,Street,Cash,Unfinished,Unfurnished,Yes,No,1.59,Brown,2772000.0
EG-12879,Cairo,Ain Shams,100.0,3.0,1.0,3.0,1980,Private Owner,Street,Cash,Finished,Unfurnished,No,Yes,13.68,Off-White,1543000.0
EG-12880,Cairo,Al-Haram,120.0,3.0,1.0,6.0,2016,Private Owner,Street,Installments,Finished,Furnished,No,Yes,7.67,Beige,1700000.0
EG-12881,Cairo,Madinaty,105.0,2.0,1.0,1.0,2026,Broker,Pool,Installments,Finished,Unfurnished,Yes,Yes,6.16,Off-White,7504000.0
EG-12882,Cairo,Al-Haram,127.0,3.0,2.0,3.0,2025,Broker,Street,Cash,Finished,Furnished,Yes,Yes,8.87,Beige,2884000.0
EG-12883,Cairo,Ain Shams,140.0,3.0,1.0,1.0,2010,Private Owner,Other,Cash,Finished,Unfurnished,No,No,2.97,Beige,1505000.0
EG-12884,Cairo,Nasr City,135.0,3.0,2.0,1.0,2010,Private Owner,Street,Cash,Finished,Furnished,No,No,2.07,Off-White,3589000.0
EG-12885,Cairo,6th of October,91.0,2.0,1.0,1.0,2026,Broker,Street,Installments,Finished,Furnished,No,Yes,6.14,Brown,5795000.0
EG-12886,Cairo,New Cairo,122.0,3.0,1.0,1.0,2026,Broker,Garden,Installments,Finished,Unfurnished,No,No,3.49,White,8214000.0
EG-12887,Cairo,Ain Shams,125.0,3.0,1.0,9.0,2016,Private Owner,Street,Cash,Finished,Unfurnished,No,Yes,3.74,Off-White,1593000.0
EG-12888,Cairo,Al-Haram,175.0,3.0,2.0,3.0,2027,Private Owner,Street,Installments,Unfinished,Unfurnished,No,No,13.4,Grey,1225000.0
EG-12889,Cairo,Heliopolis,105.0,2.0,1.0,1.0,2026,Broker,Street,Installments,Finished,Unfurnished,Yes,No,8.01,Beige,6871000.0
EG-12890,Cairo,Nasr City,160.0,3.0,3.0,2.0,2013,Private Owner,Street,Cash,Finished,Furnished,Yes,Yes,7.3,White,2286000.0
EG-12891,Cairo,Heliopolis,85.0,2.0,1.0,3.0,2027,Broker,Pool,Installments,Finished,Furnished,No,Yes,10.37,Grey,4924000.0
EG-12892,Cairo,6th of October,,2.0,1.0,1.0,2027,Broker,Other,Installments,Finished,Unfurnished,No,Yes,14.28,White,4200000.0
EG-12893,Cairo,Heliopolis,193.0,3.0,3.0,2.0,2025,Broker,Pool,Installments,Unfinished,Unfurnished,Yes,No,1.77,Brown,7614000.0
EG-12894,Cairo,Al-Haram,111.0,2.0,2.0,1.0,2022,Broker,Other,Cash,Finished,Unfurnished,No,Yes,12.52,Grey,5018000.0
EG-12895,Cairo,6th of October,247.0,3.0,2.0,1.0,2025,Developer,Street,Cash,Finished,Unfurnished,No,Yes,8.8,Off-White,4679000.0
EG-12896,Cairo,Maadi,180.0,3.0,3.0,2.0,2025,Broker,Lake,Installments,Unfinished,Unfurnished,Yes,Yes,2.28,White,4402000.0
EG-12897,Cairo,Al-Haram,130.0,3.0,2.0,3.0,2020,Developer,Street,Cash,Finished,Unfurnished,No,Yes,4.53,Off-White,2090000.0
EG-12898,Cairo,Nasr City,158.0,3.0,2.0,5.0,2026,Developer,Street,Cash,Finished,Furnished,Yes,No,7.29,Off-White,4701000.0
EG-12899,Cairo,Sheikh Zayed,164.0,2.0,3.0,5.0,2027,Developer,Street,Installments,Unfinished,Unfurnished,No,No,10.4,White,23619000.0
EG-12900,Cairo,Al-Haram,126.0,2.0,2.0,5.0,2025,Developer,Street,Installments,Finished,Furnished,No,No,3.71,White,4660000.0
EG-12901,Cairo,Al-Haram,145.0,2.0,1.0,5.0,2017,Broker,Street,Cash,Finished,Furnished,No,Yes,8.07,Beige,3116000.0
EG-12902,Cairo,Maadi,175.0,2.0,3.0,2.0,2025,Broker,Garden,Cash,Finished,Furnished,Yes,Yes,10.3,Beige,17883000.0
EG-12903,Cairo,Shubra,107.0,,1.0,1.0,2016,Developer,Street,Cash,Finished,Unfurnished,Yes,Yes,6.79,Grey,2923000.0
EG-12904,Cairo,Maadi,235.0,4.0,4.0,2.0,2024,Broker,Garden,Cash,Unfinished,Unfurnished,Yes,No,12.96,Grey,8081000.0
EG-12905,Cairo,Heliopolis,130.0,2.0,2.0,3.0,2025,Broker,Pool,Cash,Finished,Unfurnished,No,Yes,13.05,Grey,4221000.0
EG-12906,Cairo,Shubra,170.0,3.0,2.0,5.0,2019,Developer,Street,Cash,Finished,Unfurnished,Yes,No,7.11,Beige,2986000.0
EG-12907,Cairo,Maadi,195.0,3.0,3.0,3.0,2025,Broker,Lake,Installments,Finished,Unfurnished,Yes,Yes,14.6,Off-White,5604000.0
EG-12908,Cairo,Al-Haram,183.0,3.0,3.0,1.0,2025,Broker,Street,Installments,Unfinished,Furnished,No,No,1.23,Brown,3899000.0
EG-12909,Cairo,Maadi,164.0,2.0,3.0,,2027,Installments,Street,Installments,Finished,Unfurnished,Yes,No,0.15,Brown,24274000.0
EG-12910,Cairo,Heliopolis,92.0,2.0,1.0,2.0,2027,Broker,Garden,Installments,Finished,Unfurnished,Yes,No,5.77,White,4829000.0
EG-12911,Cairo,Heliopolis,133.0,2.0,2.0,3.0,2023,Developer,Street,Cash,Finished,Unfurnished,No,Yes,9.06,Beige,7914000.0
EG-12912,Cairo,Sheikh Zayed,160.0,3.0,3.0,2.0,2025,Broker,Garden,Cash,Finished,Furnished,No,Yes,9.48,White,8399000.0
EG-12913,Cairo,Maadi,76.0,1.0,2.0,3.0,2027,Developer,Garden,Installments,Unfinished,Furnished,Yes,No,7.2,Brown,4157000.0
EG-12914,Cairo,Nasr City,159.0,3.0,2.0,3.0,2025,Compound Developer,Street,Installments,Unfinished,Furnished,No,No,1.96,White,3468000.0
EG-12915,Cairo,Ain Shams,200.0,3.0,3.0,2.0,2028,Developer,Street,Installments,Unfinished,Unfurnished,Yes,Yes,2.64,Beige,2600000.0
EG-12916,Cairo,Sheikh Zayed,105.0,2.0,1.0,2.0,2026,Broker,Pool,Installments,Finished,Unfurnished,Yes,Yes,12.8,Beige,9756000.0
EG-12917,Cairo,Al-Haram,190.0,3.0,2.0,3.0,2016,Private Owner,Street,Cash,Unfinished,Unfurnished,Yes,No,13.03,Beige,5082000.0
EG-12918,Cairo,Maadi,134.0,2.0,2.0,1.0,2023,Developer,Lake,Cash,Unfinished,Unfurnished,Yes,No,10.14,Brown,6872000.0
EG-12919,Cairo,Al-Haram,133.0,3.0,1.0,2.0,2025,Developer,Other,Cash,Finished,Furnished,No,Yes,10.0,Beige,2924000.0
EG-12920,Cairo,Shubra,126.0,2.0,,2.0,2025,Broker,Street,Cash,Unfinished,Furnished,Yes,Yes,9.01,Grey,3738000.0
EG-12921,Cairo,Shubra,106.0,2.0,2.0,2.0,2025,Developer,Street,Cash,Finished,Unfurnished,No,No,3.12,Grey,3044000.0
EG-12922,Cairo,6th of October,200.0,3.0,3.0,3.0,2018,Developer,Street,Cash,Finished,Furnished,Yes,No,6.48,Beige,5810000.0
EG-12923,Cairo,Maadi,105.0,2.0,1.0,1.0,2026,Broker,Lake,Installments,Finished,Furnished,Yes,Yes,10.47,Grey,8039000.0
EG-12924,Cairo,New Cairo,105.0,2.0,1.0,1.0,2026,Broker,Street,Installments,Finished,Unfurnished,Yes,Yes,8.11,Beige,7080000.0
EG-12925,Cairo,Heliopolis,186.0,3.0,4.0,1.0,2025,Broker,Garden,Cash,Unfinished,Unfurnished,Yes,No,0.38,Brown,5387000.0
EG-12926,Cairo,Al-Haram,155.0,3.0,3.0,1.0,2025,Broker,Street,Installments,Unfinished,Unfurnished,Yes,Yes,14.31,Grey,1161000.0
EG-12927,Cairo,Sheikh Zayed,147.0,3.0,1.0,2.0,2026,Broker,Pool,Installments,Finished,Furnished,No,Yes,12.69,Brown,14068000.0
EG-12928,Cairo,6th of October,130.0,3.0,1.0,4.0,2025,Broker,Other,Cash,Finished,Unfurnished,No,No,3.98,Grey,3099000.0
EG-12929,Cairo,Nasr City,165.0,3.0,3.0,4.0,2025,Broker,Street,Cash,Unfinished,Furnished,No,Yes,9.29,Off-White,5393000.0
EG-12930,Cairo,Shubra,62.0,1.0,1.0,4.0,2027,Broker,Street,Installments,Finished,Unfurnished,No,Yes,13.86,Off-White,3612000.0
EG-12931,Cairo,Ain Shams,140.0,3.0,2.0,11.0,2012,Private Owner,Street,Cash,Finished,Furnished,Yes,Yes,1.53,Brown,3265000.0
EG-12932,Cairo,Maadi,167.0,3.0,3.0,2.0,2025,Broker,Garden,Cash,Unfinished,Unfurnished,No,No,7.6,Grey,7605000.0
EG-12933,Cairo,Maadi,205.0,3.0,2.0,2.0,2023,Broker,Garden,Cash,Finished,Furnished,No,Yes,6.9,Off-White,7503000.0
EG-12934,Cairo,Heliopolis,208.0,2.0,3.0,2.0,2025,Broker,Pool,Cash,Finished,Unfurnished,Yes,Yes,6.21,Beige,6741000.0
EG-12935,Cairo,Nasr City,91.0,2.0,1.0,1.0,2026,Broker,Other,Installments,Finished,Furnished,No,Yes,12.55,White,5311000.0
EG-12936,Cairo,Sheikh Zayed,125.0,3.0,1.0,1.0,2026,Broker,Garden,Installments,Finished,Furnished,Yes,Yes,5.77,Off-White,10516000.0
EG-12937,Cairo,Ain Shams,50.0,1.0,1.0,2.0,2027,Broker,Street,Installments,Finished,Unfurnished,Yes,No,1.05,Off-White,1602000.0
EG-12938,Cairo,Ain Shams,63.0,1.0,1.0,1.0,2026,Broker,Other,Installments,Finished,Unfurnished,Yes,No,1.08,Beige,2702000.0
EG-12939,Cairo,Nasr City,64.0,1.0,1.0,,2026,Broker,Street,Installments,Finished,Furnished,No,No,0.74,Off-White,3082000.0
EG-12940,Cairo,Nasr City,100.0,2.0,1.0,3.0,2008,Broker,Other,Cash,Finished,Furnished,No,Yes,6.2,Off-White,1853000.0
EG-12941,Cairo,Al-Haram,65.0,1.0,1.0,1.0,2027,Broker,Street,Installments,Finished,Unfurnished,No,Yes,10.8,Off-White,2051000.0
EG-12942,Cairo,Al-Haram,64.0,1.0,1.0,1.0,2026,Broker,Street,Installments,Finished,Furnished,No,Yes,3.14,Grey,3034000.0
EG-12943,Cairo,Madinaty,147.0,3.0,2.0,1.0,2026,Broker,Garden,Installments,Finished,Furnished,No,Yes,9.73,Off-White,10822000.0
EG-12944,Cairo,Ain Shams,88.0,2.0,1.0,2.0,2027,Broker,Street,Installments,Finished,Furnished,Yes,Yes,10.34,White,3357000.0
EG-12945,Cairo,6th of October,62.0,1.0,1.0,4.0,2027,Broker,Street,Installments,Finished,Unfurnished,Yes,Yes,3.9,Grey,3721000.0
EG-12946,Cairo,Shubra,55.0,,1.0,1.0,2026,Broker,Other,Installments,Finished,Furnished,No,No,9.05,Grey,3216000.0
EG-12947,Cairo,Maadi,168.0,3.0,1.0,13.0,2027,Broker,Pool,Installments,Finished,Unfurnished,Yes,No,10.3,Brown,6690000.0
EG-12948,Cairo,Sheikh Zayed,168.0,2.0,1.0,7.0,2025,Broker,Garden,Installments,Finished,Unfurnished,Yes,No,7.05,Off-White,10226000.0
EG-12949,Cairo,Al-Haram,64.0,1.0,1.0,1.0,2026,Broker,Street,Installments,Finished,Unfurnished,Yes,Yes,5.12,White,3083000.0
EG-12950,Cairo,Heliopolis,76.0,1.0,1.0,1.0,2025,Broker,Garden,Installments,Finished,Furnished,Yes,No,9.33,White,6470000.0
EG-12951,Cairo,Heliopolis,101.0,2.0,1.0,2.0,2027,Broker,Street,Installments,Finished,Unfurnished,Yes,Yes,14.67,Brown,5153000.0
EG-12952,Cairo,New Cairo,157.0,2.0,1.0,,2025,Broker,Garden,Installments,Finished,Unfurnished,Yes,Yes,6.46,White,12387000.0
EG-12953,Cairo,Sheikh Zayed,89.0,2.0,1.0,2.0,2026,Broker,Garden,Installments,Finished,Unfurnished,Yes,Yes,5.94,Grey,7828000.0
EG-12954,Cairo,Ain Shams,75.0,1.0,1.0,2.0,2026,Broker,Street,Installments,Finished,Unfurnished,Yes,Yes,7.02,Beige,3301000.0
EG-12955,Cairo,6th of October,64.0,1.0,1.0,2.0,2026,Broker,Street,Installments,Finished,Furnished,Yes,Yes,1.24,Grey,5635000.0
EG-12956,Cairo,Sheikh Zayed,111.0,2.0,1.0,4.0,2025,Broker,Street,Installments,Finished,Unfurnished,No,Yes,8.34,Beige,7909000.0
EG-12957,Cairo,Shubra,62.0,1.0,1.0,1.0,2027,Broker,Street,Installments,Finished,Furnished,No,Yes,5.0,White,3258000.0
EG-12958,Cairo,Ain Shams,57.0,1.0,1.0,1.0,2027,Broker,Street,Installments,Finished,Unfurnished,No,No,1.91,Off-White,3393000.0
EG-12959,Cairo,Al-Haram,,1.0,1.0,1.0,2026,Broker,Street,Installments,Finished,Unfurnished,No,Yes,7.05,Beige,3612000.0
EG-12960,Cairo,Sheikh Zayed,,2.0,1.0,7.0,2025,Broker,Garden,Installments,Finished,Furnished,Yes,Yes,0.15,Grey,11181000.0
EG-12961,Cairo,Madinaty,121.0,2.0,1.0,5.0,2025,Broker,Garden,Installments,Finished,Furnished,No,Yes,6.09,Grey,10160000.0
EG-12962,Cairo,New Cairo,137.0,3.0,1.0,1.0,2026,Broker,Garden,Installments,Finished,Furnished,No,Yes,1.68,Grey,10968000.0
EG-12963,Cairo,Sheikh Zayed,126.0,2.0,1.0,7.0,2025,Broker,Pool,Installments,Finished,Unfurnished,Yes,No,0.46,Grey,8463000.0
EG-12964,Cairo,New Cairo,114.0,,1.0,7.0,2025,Broker,Garden,Installments,Finished,Unfurnished,Yes,Yes,12.38,Brown,8435000.0
EG-12965,Cairo,Maadi,86.0,,1.0,1.0,2026,Broker,Lake,Installments,Finished,Unfurnished,No,Yes,13.75,White,7411000.0
EG-12966,Cairo,Sheikh Zayed,121.0,2.0,1.0,6.0,2025,Broker,Garden,Installments,Finished,Unfurnished,Yes,No,3.19,Off-White,10125000.0
EG-12967,Cairo,6th of October,85.0,1.0,1.0,2.0,2027,Broker,Other,Installments,Finished,Furnished,No,No,8.14,Brown,4132000.0
EG-12968,Cairo,Ain Shams,57.0,1.0,1.0,3.0,2027,Broker,Street,Installments,Finished,Furnished,No,Yes,4.24,White,3709000.0
EG-12969,Cairo,Al-Haram,90.0,2.0,1.0,1.0,2026,Broker,Street,Installments,Finished,Furnished,Yes,Yes,7.45,Beige,4395000.0
EG-12970,Cairo,Al-Haram,57.0,1.0,1.0,1.0,2027,Broker,Street,Installments,Finished,Furnished,Yes,No,6.61,Brown,3709000.0
EG-12971,Cairo,Ain Shams,76.0,2.0,1.0,1.0,2026,Broker,Street,Installments,Finished,Unfurnished,No,No,4.11,Brown,3151000.0
EG-12972,Cairo,Heliopolis,101.0,2.0,1.0,7.0,2025,Broker,Garden,Installments,Finished,Unfurnished,Yes,No,10.54,Brown,7737000.0
EG-12973,Cairo,Heliopolis,85.0,2.0,1.0,4.0,2027,Broker,Street,Installments,Finished,Unfurnished,No,No,1.98,Brown,4248000.0
EG-12974,Cairo,Heliopolis,104.0,2.0,1.0,7.0,2025,Broker,Garden,Installments,Finished,Unfurnished,Yes,No,0.89,Beige,7905000.0
EG-12975,Cairo,Heliopolis,62.0,1.0,1.0,1.0,2027,Broker,Garden,Installments,Unfinished,Furnished,No,Yes,11.54,Grey,4042000.0
EG-12976,Cairo,Nasr City,98.0,2.0,1.0,1.0,2026,Broker,Other,Installments,Finished,Furnished,Yes,No,10.02,Brown,4258000.0
EG-12977,Cairo,Sheikh Zayed,108.0,2.0,1.0,7.0,2025,Broker,Garden,Installments,Finished,Furnished,No,No,7.53,White,10551000.0
EG-12978,Cairo,Maadi,85.0,2.0,1.0,4.0,2027,Broker,Pool,Installments,Finished,Unfurnished,Yes,Yes,7.07,Grey,4780000.0
EG-12979,Cairo,Nasr City,40.0,1.0,1.0,0.0,2020,Developer,Street,Cash,Finished,Unfurnished,Yes,No,7.51,Beige,1424000.0
EG-12980,Cairo,Heliopolis,105.0,2.0,1.0,2.0,2026,Broker,Street,Installments,Finished,Furnished,No,No,6.61,Off-White,7078000.0
EG-12981,Cairo,Shubra,57.0,1.0,1.0,1.0,2027,Broker,Other,Installments,Finished,Unfurnished,Yes,Yes,5.95,Beige,3301000.0
EG-12982,Cairo,6th of October,135.0,2.0,,2.0,2015,Developer,Other,Cash,Finished,Unfurnished,Yes,Yes,7.55,Off-White,3290000.0
EG-12983,Cairo,Heliopolis,89.0,2.0,1.0,4.0,2027,Broker,Street,Installments,Finished,Furnished,Yes,Yes,7.97,White,17281000.0
EG-12984,Cairo,6th of October,40.0,1.0,1.0,,2020,Developer,Other,Cash,Finished,Unfurnished,Yes,No,10.41,Off-White,1304000.0
EG-12985,Cairo,6th of October,120.0,2.0,2.0,1.0,2026,Broker,Street,Installments,Unfinished,Unfurnished,Yes,No,10.7,Brown,2343000.0
EG-12986,Cairo,Maadi,152.0,3.0,2.0,3.0,2027,Broker,Garden,Cash,Unfinished,Furnished,No,Yes,5.73,Grey,9862000.0
EG-12987,Cairo,6th of October,75.0,2.0,1.0,1.0,2026,Broker,Street,Installments,Finished,Unfurnished,Yes,Yes,6.26,Grey,3451000.0
EG-12988,Cairo,Nasr City,85.0,2.0,1.0,,2027,Broker,Street,Installments,Finished,Furnished,Yes,Yes,5.67,Brown,4786000.0
EG-12989,Cairo,Shubra,60.0,1.0,1.0,1.0,2027,Broker,Other,Installments,Finished,Unfurnished,Yes,Yes,8.09,Grey,1788000.0
EG-12990,Cairo,Al-Haram,85.0,2.0,1.0,3.0,2027,Broker,Street,Installments,Finished,Unfurnished,No,Yes,6.85,Beige,4377000.0
EG-12991,Cairo,New Cairo,,2.0,3.0,2.0,2025,Broker,Street,Cash,Finished,Unfurnished,No,Yes,13.35,Brown,15430000.0
EG-12992,Cairo,Ain Shams,100.0,2.0,1.0,1.0,1998,Private Owner,Other,Cash,Finished,Furnished,No,Yes,10.48,Brown,1917000.0
EG-12993,Cairo,6th of October,160.0,3.0,3.0,1.0,2027,Broker,Street,Installments,Unfinished,Unfurnished,No,Yes,13.49,Grey,5782000.0
EG-12994,Cairo,6th of October,62.0,1.0,1.0,1.0,2027,Broker,Street,Installments,Unfinished,Furnished,No,No,10.67,Off-White,3701000.0
EG-12995,Cairo,Sheikh Zayed,122.0,3.0,1.0,,2026,Broker,Garden,Installments,Finished,Furnished,Yes,No,14.57,White,8981000.0
EG-12996,Cairo,Nasr City,140.0,3.0,2.0,5.0,2025,Broker,Street,Installments,Finished,Unfurnished,Yes,Yes,9.57,Off-White,1601000.0
EG-12997,Cairo,Ain Shams,40.0,1.0,1.0,,2020,Developer,Street,Cash,Finished,Furnished,Yes,Yes,14.46,Beige,1556000.0
EG-12998,Cairo,Al-Haram,85.0,1.0,1.0,2.0,2025,Broker,Other,Cash,Unfinished,Furnished,Yes,No,2.46,Brown,2696000.0
EG-12999,Cairo,Nasr City,89.0,2.0,1.0,3.0,2027,Broker,Other,Installments,Finished,Unfurnished,No,No,0.88,Brown,4077000.0
EG-13000,Cairo,Maadi,90.0,2.0,1.0,1.0,2026,Broker,Garden,Installments,Finished,Unfurnished,No,Yes,8.73,Beige,4261000.0
EG-13001,Cairo,Maadi,155.0,3.0,2.0,2.0,2026,Broker,Lake,Installments,Unfinished,Furnished,No,Yes,14.75,White,4810000.0
EG-13002,Cairo,New Cairo,67.0,1.0,1.0,1.0,2026,Broker,Garden,Installments,Finished,Unfurnished,Yes,Yes,6.32,Brown,7841000.0
EG-13003,Cairo,6th of October,140.0,3.0,3.0,5.0,2022,Broker,Street,Cash,Finished,Unfurnished,No,Yes,3.26,Off-White,5176000.0
EG-13004,Cairo,6th of October,81.0,1.0,1.0,2.0,2026,Broker,Street,Installments,Finished,Furnished,Yes,Yes,7.87,Beige,4175000.0
EG-13005,Cairo,Al-Haram,85.0,2.0,1.0,2.0,2027,Broker,Street,Installments,Finished,Unfurnished,Yes,Yes,9.77,Brown,4510000.0
EG-13006,Cairo,Nasr City,76.0,2.0,1.0,1.0,2026,Broker,Street,Installments,Finished,Unfurnished,No,No,4.8,Off-White,3151000.0
EG-13007,Cairo,Nasr City,75.0,2.0,1.0,1.0,2026,Broker,Street,Installments,Finished,Unfurnished,Yes,Yes,10.75,Beige,3451000.0
EG-13008,Cairo,Heliopolis,98.0,2.0,1.0,1.0,2027,Broker,Street,Installments,Finished,Furnished,Yes,No,14.63,Beige,4645000.0
EG-13009,Cairo,Nasr City,85.0,2.0,1.0,1.0,2026,Broker,Street,Installments,Finished,Furnished,No,Yes,13.46,Beige,6535000.0
EG-13010,Cairo,Maadi,90.0,2.0,1.0,2.0,2026,Broker,Lake,Installments,Finished,Unfurnished,No,Yes,4.44,White,4301000.0
EG-13011,Cairo,Nasr City,98.0,2.0,1.0,1.0,2026,Broker,Street,Installments,Finished,Unfurnished,Yes,No,4.97,Beige,4187000.0
EG-13012,Cairo,Maadi,145.0,,3.0,3.0,2028,Broker,Lake,Installments,Unfinished,Unfurnished,No,No,5.64,Grey,4207000.0
EG-13013,Cairo,6th of October,125.0,3.0,2.0,3.0,2025,Broker,Street,Cash,Finished,Unfurnished,No,Yes,5.98,Grey,2190000.0
EG-13014,Cairo,Heliopolis,122.0,2.0,,2.0,2026,Broker,Pool,Installments,Finished,Unfurnished,Yes,Yes,1.59,Beige,21021000.0
EG-13015,Cairo,Al-Haram,93.0,2.0,1.0,2.0,2026,Broker,Street,Installments,Finished,Unfurnished,Yes,Yes,11.45,Brown,6182000.0
EG-13016,Cairo,New Cairo,122.0,3.0,1.0,1.0,2026,Broker,Pool,Installments,Finished,Unfurnished,No,Yes,5.54,Grey,8463000.0
EG-13017,Cairo,Sheikh Zayed,100.0,2.0,1.0,1.0,2026,Broker,Garden,Installments,Finished,Unfurnished,Yes,Yes,13.21,Off-White,8540000.0
EG-13018,Cairo,Sheikh Zayed,122.0,2.0,1.0,2.0,2026,Broker,Pool,Installments,Finished,Furnished,Yes,Yes,13.91,Off-White,12030000.0
EG-13019,Cairo,Al-Haram,185.0,3.0,2.0,1.0,2025,Broker,Street,Cash,Unfinished,Unfurnished,No,Yes,0.46,Brown,2564000.0
EG-13020,Cairo,Madinaty,348.0,2.0,1.0,1.0,2026,Broker,Garden,Installments,Finished,Furnished,No,Yes,14.83,Off-White,7985000.0
EG-13021,Cairo,6th of October,175.0,3.0,2.0,2.0,2022,Broker,Other,Cash,Unfinished,Furnished,Yes,No,10.68,Brown,4606000.0
EG-13022,Cairo,Heliopolis,105.0,2.0,1.0,,2026,Broker,Street,Installments,Finished,Unfurnished,Yes,Yes,7.85,Off-White,9203000.0
EG-13023,Cairo,Shubra,69.0,2.0,1.0,1.0,2026,Broker,Street,Installments,Finished,Furnished,No,Yes,5.9,Beige,3626000.0
EG-13024,Cairo,Nasr City,64.0,2.0,1.0,1.0,2026,Broker,Street,Installments,Finished,Furnished,Yes,No,7.83,Off-White,3176000.0
EG-13025,Cairo,Shubra,97.0,2.0,2.0,3.0,2025,Broker,Street,Cash,Finished,Unfurnished,No,No,4.94,Beige,1594000.0
EG-13026,Cairo,Maadi,90.0,2.0,1.0,1.0,2026,Broker,Pool,Installments,Finished,Unfurnished,No,Yes,9.38,Off-White,4261000.0
EG-13027,Cairo,Sheikh Zayed,,2.0,1.0,2.0,2026,Broker,Garden,Installments,Finished,Unfurnished,Yes,Yes,1.49,Off-White,8455000.0
EG-13028,Cairo,Sheikh Zayed,122.0,3.0,1.0,1.0,2026,Broker,Garden,Installments,Finished,Unfurnished,No,No,9.35,Off-White,8214000.0
EG-13029,Cairo,Al-Haram,76.0,2.0,1.0,1.0,2026,Broker,Street,Installments,Finished,Unfurnished,No,No,4.2,Beige,3151000.0
EG-13030,Cairo,Heliopolis,100.0,2.0,1.0,1.0,2026,Broker,Garden,Installments,Finished,Furnished,Yes,Yes,0.36,Off-White,9063000.0
EG-13031,Cairo,Sheikh Zayed,,2.0,1.0,2.0,2026,Broker,Garden,Installments,Finished,Furnished,Yes,No,8.34,Off-White,7985000.0
EG-13032,Cairo,Madinaty,175.0,3.0,3.0,2.0,2020,Broker,Pool,Cash,Finished,Unfurnished,Yes,No,8.72,White,8969000.0
EG-13033,Cairo,Sheikh Zayed,105.0,2.0,1.0,1.0,2026,Broker,Pool,Installments,Finished,Unfurnished,Yes,Yes,6.46,Beige,7504000.0
EG-13034,Cairo,Maadi,98.0,2.0,1.0,1.0,2026,Broker,Pool,Installments,Finished,Unfurnished,Yes,Yes,1.18,Grey,4780000.0
EG-13035,Cairo,Madinaty,89.0,2.0,1.0,2.0,2026,Broker,Garden,Installments,Finished,Unfurnished,Yes,No,13.41,Brown,8026000.0
EG-13036,Cairo,Al-Haram,69.0,2.0,1.0,1.0,2026,Broker,Street,Installments,Finished,Furnished,Yes,Yes,9.21,White,3736000.0
EG-13037,Cairo,Nasr City,175.0,3.0,3.0,6.0,2026,Broker,Street,Installments,Unfinished,Unfurnished,Yes,Yes,1.82,Off-White,4643000.0
EG-13038,Cairo,Al-Haram,155.0,3.0,3.0,4.0,2025,Broker,Street,Cash,Unfinished,Furnished,Yes,Yes,7.71,Grey,6810000.0
EG-13039,Cairo,Nasr City,74.0,1.0,1.0,2.0,2026,Broker,Street,Installments,Finished,Unfurnished,Yes,Yes,7.51,Grey,6750000.0
EG-13040,Cairo,Ain Shams,381.0,3.0,1.0,1.0,1999,Broker,Other,Cash,Finished,Furnished,Yes,Yes,1.0,Off-White,7750000.0
EG-13041,Cairo,Sheikh Zayed,91.0,2.0,1.0,2.0,2026,Broker,Garden,Installments,Finished,Unfurnished,Yes,No,9.14,Off-White,8206000.0
EG-13042,Cairo,Shubra,62.0,1.0,1.0,2.0,2027,Broker,Other,Installments,Finished,Furnished,No,No,12.14,White,2840000.0
EG-13043,Cairo,Sheikh Zayed,106.0,3.0,1.0,2.0,2026,Broker,Pool,Installments,Finished,Unfurnished,Yes,Yes,11.26,Beige,9323000.0
EG-13044,Cairo,New Cairo,100.0,2.0,1.0,1.0,2026,Broker,Garden,Installments,Finished,Furnished,No,Yes,3.12,White,8135000.0
EG-13045,Cairo,6th of October,68.0,1.0,1.0,2.0,2026,Broker,Other,Installments,Finished,Furnished,Yes,No,12.95,Beige,5159000.0
EG-13046,Cairo,Nasr City,206.0,3.0,3.0,2.0,2025,Broker,Street,Cash,Unfinished,Unfurnished,No,Yes,5.2,Grey,4620000.0
EG-13047,Cairo,Heliopolis,105.0,2.0,1.0,1.0,2026,Broker,Garden,Installments,Finished,Unfurnished,Yes,No,14.2,Brown,7284000.0
EG-13048,Cairo,Sheikh Zayed,90.0,2.0,1.0,,2026,Broker,Garden,Installments,Finished,Unfurnished,No,No,1.17,Off-White,7878000.0
EG-13049,Cairo,New Cairo,90.0,2.0,1.0,2.0,2026,Broker,Garden,Installments,Finished,Furnished,Yes,No,7.34,White,8613000.0
EG-13050,Cairo,New Cairo,147.0,3.0,1.0,2.0,2026,Broker,Pool,Installments,Finished,Unfurnished,No,Yes,9.0,Grey,13256000.0
EG-13051,Cairo,Heliopolis,179.0,3.0,3.0,4.0,2021,Broker,Garden,Installments,Finished,Furnished,Yes,Yes,3.79,White,7652000.0
EG-13052,Cairo,Nasr City,,3.0,3.0,3.0,2021,Broker,Street,Cash,Unfinished,Furnished,Yes,Yes,11.59,Beige,5799000.0
EG-13053,Cairo,6th of October,81.0,1.0,1.0,1.0,2026,Broker,Street,Installments,Finished,Unfurnished,Yes,Yes,9.44,Off-White,3934000.0
EG-13054,Cairo,Nasr City,250.0,3.0,2.0,,2025,Broker,Street,Cash,Unfinished,Furnished,No,No,0.37,Beige,3997000.0
EG-13055,Cairo,Shubra,75.0,2.0,1.0,1.0,2026,Broker,Other,Installments,Finished,Unfurnished,No,No,9.16,Beige,2850000.0
EG-13056,Cairo,6th of October,93.0,2.0,1.0,7.0,2023,Developer,Other,Installments,Unfinished,Unfurnished,Yes,No,7.42,Beige,1652000.0
EG-13057,Cairo,Sheikh Zayed,100.0,2.0,1.0,1.0,2026,Broker,Garden,Installments,Finished,Furnished,No,Yes,3.02,Grey,8797000.0
EG-13058,Cairo,Ain Shams,64.0,1.0,1.0,1.0,2026,Broker,Other,Installments,Finished,Furnished,No,No,14.94,Off-White,2825000.0
EG-13059,Cairo,Shubra,64.0,1.0,1.0,1.0,2026,Broker,Street,Installments,Finished,Unfurnished,No,Yes,13.47,Brown,3348000.0
EG-13060,Cairo,Nasr City,98.0,2.0,1.0,1.0,2026,Broker,Other,Installments,Finished,Unfurnished,No,No,4.46,White,3894000.0
EG-13061,Cairo,Al-Haram,,3.0,3.0,3.0,2027,Private Owner,Street,Installments,Unfinished,Unfurnished,Yes,Yes,8.16,Beige,4691000.0
EG-13062,Cairo,6th of October,108.0,2.0,1.0,1.0,2026,Broker,Street,Installments,Finished,Unfurnished,Yes,Yes,4.82,Off-White,4970000.0
EG-13063,Cairo,Madinaty,100.0,2.0,1.0,1.0,2026,Broker,Pool,Installments,Finished,Unfurnished,No,No,11.65,White,8045000.0
EG-13064,Cairo,6th of October,106.0,2.0,2.0,2.0,2028,Broker,Street,Installments,Unfinished,Furnished,Yes,No,13.96,Off-White,6026000.0
EG-13065,Cairo,Al-Haram,77.0,1.0,1.0,1.0,2027,Broker,Street,Installments,Finished,Unfurnished,No,No,5.45,White,3701000.0
EG-13066,Cairo,Sheikh Zayed,178.0,3.0,2.0,5.0,2025,Broker,Street,Cash,Finished,Furnished,No,Yes,12.1,Off-White,8240000.0
EG-13067,Cairo,New Cairo,230.0,3.0,3.0,6.0,1990,Broker,Street,Cash,Finished,Unfurnished,No,No,7.53,Brown,8213000.0
EG-13068,Cairo,Ain Shams,64.0,1.0,1.0,1.0,2026,Broker,Other,Installments,Finished,Furnished,Yes,No,6.01,Off-White,2910000.0
EG-13069,Cairo,Maadi,48.0,1.0,1.0,1.0,2026,Broker,Street,Installments,Finished,Unfurnished,Yes,No,14.08,Off-White,3828000.0
EG-13070,Cairo,Al-Haram,,2.0,1.0,1.0,2026,Broker,Street,Installments,Finished,Furnished,Yes,Yes,7.71,Beige,3663000.0
EG-13071,Cairo,Heliopolis,98.0,2.0,1.0,1.0,2026,Broker,Garden,Installments,Finished,Unfurnished,No,No,7.06,Beige,4503000.0
EG-13072,Cairo,Heliopolis,200.0,3.0,2.0,1.0,2013,Broker,Pool,Cash,Finished,Unfurnished,Yes,Yes,10.12,Beige,7828000.0
EG-13073,Cairo,Sheikh Zayed,105.0,2.0,1.0,1.0,2026,Broker,Pool,Installments,Finished,Unfurnished,Yes,Yes,3.99,Off-White,7504000.0
EG-13074,Cairo,New Cairo,195.0,4.0,3.0,10.0,2019,Broker,Garden,Cash,Finished,Unfurnished,Yes,Yes,4.94,Brown,8534000.0
EG-13075,Cairo,Heliopolis,240.0,4.0,3.0,3.0,2023,Broker,Garden,Cash,Finished,Unfurnished,Yes,No,13.99,White,11607000.0
EG-13076,Cairo,6th of October,78.0,1.0,2.0,6.0,2026,Broker,Street,Installments,Unfinished,Furnished,Yes,Yes,10.21,Beige,6455000.0
EG-13077,Cairo,Al-Haram,98.0,2.0,1.0,1.0,2026,Broker,Other,Installments,Finished,Unfurnished,Yes,Yes,12.42,Grey,4134000.0
EG-13078,Cairo,Al-Haram,190.0,3.0,3.0,3.0,2024,Broker,Other,Cash,Finished,Unfurnished,Yes,No,4.14,Off-White,4653000.0
EG-13079,Cairo,Heliopolis,179.0,3.0,2.0,4.0,2025,Broker,Pool,Installments,Unfinished,Furnished,No,Yes,8.2,Brown,5657000.0
EG-13080,Cairo,Nasr City,62.0,1.0,1.0,2.0,2027,Broker,Other,Installments,Finished,Unfurnished,No,Yes,14.57,Brown,2814000.0
EG-13081,Cairo,Heliopolis,202.0,3.0,2.0,1.0,2015,Broker,Pool,Cash,Finished,Unfurnished,No,No,4.85,Beige,6657000.0
EG-13082,Cairo,Al-Haram,76.0,2.0,1.0,1.0,2026,Broker,Other,Installments,Finished,Unfurnished,Yes,Yes,2.49,Beige,3205000.0
EG-13083,Cairo,Heliopolis,156.0,2.0,2.0,4.0,2025,Broker,Pool,Installments,Unfinished,Furnished,No,Yes,7.71,Grey,4468000.0
EG-13084,Cairo,Sheikh Zayed,163.0,2.0,3.0,3.0,2027,Broker,Street,Installments,Finished,Unfurnished,No,Yes,5.88,Grey,11851000.0
EG-13085,Cairo,Sheikh Zayed,162.0,3.0,3.0,1.0,2025,Broker,Street,Cash,Unfinished,Furnished,No,Yes,2.48,Beige,15572000.0
EG-13086,Cairo,Maadi,138.0,2.0,2.0,2.0,2024,Broker,Pool,Cash,Unfinished,Unfurnished,Yes,Yes,13.34,White,6055000.0
EG-13087,Cairo,Ain Shams,64.0,1.0,1.0,1.0,2026,Broker,Street,Installments,Finished,Unfurnished,No,No,14.86,Beige,2774000.0
EG-13088,Cairo,Shubra,75.0,2.0,1.0,1.0,2026,Broker,Street,Installments,Finished,Unfurnished,Yes,No,8.57,Beige,3350000.0
EG-13089,Cairo,Nasr City,175.0,3.0,3.0,5.0,2026,Broker,Street,Installments,Unfinished,Unfurnished,Yes,Yes,11.64,Brown,4643000.0
EG-13090,Cairo,Maadi,161.0,3.0,1.0,13.0,2027,Broker,Lake,Installments,Finished,Furnished,Yes,Yes,12.9,Beige,6816000.0
EG-13091,Cairo,Shubra,64.0,1.0,1.0,1.0,2026,Broker,Street,Installments,Finished,Unfurnished,No,Yes,10.54,Beige,2992000.0
EG-13092,Cairo,6th of October,64.0,1.0,,1.0,2026,Broker,Street,Installments,Finished,Furnished,No,Yes,0.76,Beige,3034000.0
EG-13093,Cairo,New Cairo,137.0,2.0,2.0,1.0,2025,Broker,Garden,Cash,Finished,Furnished,Yes,No,2.45,White,14558000.0
EG-13094,Cairo,Maadi,86.0,2.0,1.0,1.0,2026,Broker,Garden,Installments,Finished,Unfurnished,No,Yes,1.16,Brown,5647000.0
EG-13095,Cairo,Shubra,154.0,3.0,3.0,1.0,2027,Broker,Street,Installments,Finished,Furnished,Yes,No,0.25,Off-White,3380000.0
EG-13096,Cairo,Maadi,98.0,2.0,1.0,1.0,2026,Broker,Lake,Installments,Finished,Unfurnished,Yes,No,4.66,Off-White,4683000.0
EG-13097,Cairo,Heliopolis,100.0,2.0,1.0,1.0,2026,Broker,Pool,Installments,Finished,Unfurnished,Yes,No,5.95,Off-White,7847000.0
EG-13098,Cairo,Al-Haram,64.0,1.0,1.0,1.0,2026,Broker,Street,Installments,Finished,Unfurnished,Yes,Yes,3.69,Off-White,2945000.0
EG-13099,Cairo,6th of October,210.0,3.0,2.0,9.0,2005,Broker,Street,Cash,Finished,Furnished,Yes,Yes,1.06,Brown,5442000.0
EG-13100,Cairo,Nasr City,229.0,3.0,2.0,4.0,2022,Broker,Other,Cash,Finished,Unfurnished,Yes,Yes,7.99,Beige,3431000.0
EG-13101,Cairo,New Cairo,100.0,2.0,1.0,1.0,2026,Broker,Garden,Installments,Finished,Unfurnished,No,No,4.17,Off-White,7616000.0
EG-13102,Cairo,Heliopolis,90.0,2.0,1.0,1.0,2026,Broker,Garden,Installments,Finished,Unfurnished,No,Yes,11.96,Beige,4261000.0
EG-13103,Cairo,Maadi,106.0,3.0,1.0,1.0,2026,Broker,Garden,Installments,Finished,Unfurnished,Yes,Yes,0.22,Off-White,7171000.0
EG-13104,Cairo,6th of October,72.0,1.0,1.0,5.0,2027,Broker,Street,Installments,Unfinished,Unfurnished,No,No,12.65,White,5913000.0
EG-13105,Cairo,Nasr City,123.0,3.0,,1.0,2027,Broker,Street,Installments,Unfinished,Unfurnished,Yes,Yes,14.33,Beige,2855000.0
EG-13106,Cairo,Ain Shams,,1.0,1.0,2.0,2027,Broker,Street,Installments,Finished,Furnished,Yes,Yes,10.77,Brown,3290000.0
EG-13107,Cairo,Heliopolis,81.0,1.0,1.0,1.0,2026,Broker,Garden,Installments,Finished,Furnished,Yes,Yes,11.03,White,4426000.0
EG-13108,Cairo,Al-Haram,140.0,3.0,2.0,5.0,2020,Broker,Street,Cash,Finished,Unfurnished,Yes,Yes,14.01,White,3385000.0
EG-13109,Cairo,Al-Haram,200.0,3.0,2.0,2.0,2012,Broker,Street,Cash,Finished,Unfurnished,Yes,No,3.22,Brown,5326000.0
EG-13110,Cairo,Al-Haram,90.0,2.0,1.0,3.0,2024,Broker,Street,Cash,Finished,Unfurnished,Yes,Yes,14.92,White,4615000.0
EG-13111,Cairo,Nasr City,166.0,3.0,2.0,3.0,2025,Broker,Street,Cash,Finished,Unfurnished,Yes,Yes,11.62,Beige,4103000.0
EG-13112,Cairo,Nasr City,64.0,1.0,1.0,2.0,2026,Broker,Street,Installments,Finished,Unfurnished,No,No,10.93,Grey,5002000.0
EG-13113,Cairo,Ain Shams,128.0,2.0,2.0,2.0,2028,Broker,Street,Installments,Unfinished,Unfurnished,No,Yes,5.48,Grey,3335000.0
EG-13114,Cairo,Sheikh Zayed,183.0,4.0,4.0,2.0,2027,Broker,Garden,Installments,Unfinished,Unfurnished,No,Yes,8.23,Off-White,7452000.0
EG-13115,Cairo,New Cairo,147.0,3.0,1.0,1.0,2026,Broker,Garden,Installments,Finished,Unfurnished,No,Yes,9.84,Off-White,10197000.0
EG-13116,Cairo,Nasr City,,2.0,1.0,,2026,Broker,Other,Installments,Finished,Furnished,Yes,No,9.34,Beige,4258000.0
EG-13117,Cairo,6th of October,81.0,1.0,1.0,1.0,2026,Broker,Street,Installments,Finished,Unfurnished,No,No,10.6,Brown,3706000.0
EG-13118,Cairo,Al-Haram,,2.0,1.0,1.0,2027,Broker,Street,Installments,Finished,Unfurnished,Yes,Yes,1.33,Beige,4723000.0
EG-13119,Cairo,Al-Haram,61.0,1.0,1.0,1.0,2026,Broker,Other,Installments,Finished,Furnished,No,Yes,5.4,Off-White,2780000.0
EG-13120,Cairo,Shubra,57.0,1.0,1.0,3.0,2027,Broker,Street,Installments,Finished,Furnished,No,No,6.57,White,3600000.0
EG-13121,Cairo,Maadi,90.0,2.0,1.0,1.0,2026,Broker,Garden,Installments,Finished,Furnished,Yes,Yes,3.98,Beige,4659000.0
EG-13122,Cairo,Sheikh Zayed,168.0,3.0,3.0,1.0,2025,Broker,Street,Installments,Finished,Furnished,Yes,Yes,2.67,Beige,10223000.0
EG-13123,Cairo,Sheikh Zayed,161.0,3.0,3.0,8.0,2025,Broker,Street,Installments,Finished,Unfurnished,Yes,No,2.17,Brown,11651000.0
EG-13124,Cairo,New Cairo,130.0,3.0,2.0,1.0,2026,Broker,Pool,Installments,Finished,Furnished,Yes,No,5.56,Off-White,8660000.0
EG-13125,Cairo,Maadi,185.0,3.0,2.0,1.0,2025,Broker,Street,Installments,Unfinished,Unfurnished,No,No,7.45,Beige,4286000.0
EG-13126,Cairo,Heliopolis,130.0,3.0,2.0,5.0,2025,Broker,Street,Installments,Finished,Unfurnished,No,No,1.04,White,5697000.0
EG-13127,Cairo,Nasr City,155.0,3.0,3.0,2.0,2024,Broker,Street,Cash,Unfinished,Unfurnished,Yes,No,14.2,White,4851000.0
EG-13128,Cairo,Heliopolis,88.0,2.0,1.0,2.0,2026,Broker,Street,Installments,Finished,Unfurnished,Yes,No,11.5,Grey,7487000.0
EG-13129,Cairo,6th of October,98.0,2.0,1.0,1.0,2026,Broker,Street,Installments,Finished,Unfurnished,Yes,Yes,10.99,Off-White,4314000.0
EG-13130,Cairo,6th of October,81.0,1.0,1.0,1.0,2026,Broker,Street,Installments,Finished,Furnished,No,Yes,2.68,White,4053000.0
EG-13131,Cairo,Nasr City,81.0,1.0,,4.0,2027,Broker,Other,Installments,Unfinished,Furnished,No,No,9.1,Brown,2382000.0
EG-13132,Cairo,Nasr City,165.0,3.0,2.0,15.0,2015,Broker,Other,Cash,Finished,Unfurnished,No,Yes,7.99,Off-White,1688000.0
EG-13133,Cairo,Sheikh Zayed,,2.0,1.0,2.0,2026,Broker,Garden,Installments,Finished,Unfurnished,No,No,14.74,White,7186000.0
EG-13134,Cairo,Al-Haram,76.0,2.0,1.0,1.0,2026,Broker,Street,Installments,Finished,Furnished,No,No,11.24,Beige,3344000.0
EG-13135,Cairo,Sheikh Zayed,,2.0,2.0,,2025,Broker,Pool,Cash,Finished,Furnished,Yes,Yes,8.68,Off-White,15576000.0
EG-13136,Cairo,Al-Haram,61.0,1.0,1.0,,2026,Broker,Street,Installments,Finished,Unfurnished,No,Yes,12.78,White,2858000.0
EG-13137,Cairo,6th of October,76.0,2.0,1.0,1.0,2026,Broker,Street,Installments,Finished,Unfurnished,Yes,Yes,2.41,Beige,3345000.0
EG-13138,Cairo,Al-Haram,75.0,2.0,1.0,1.0,2026,Broker,Other,Installments,Finished,Unfurnished,Yes,Yes,0.33,Grey,3026000.0
EG-13139,Cairo,Al-Haram,98.0,2.0,1.0,1.0,2026,Broker,Other,Installments,Finished,Furnished,Yes,No,10.38,Off-White,4072000.0
EG-13140,Cairo,New Cairo,105.0,2.0,,2.0,2026,Broker,Garden,Installments,Finished,Unfurnished,No,Yes,1.56,Off-White,9469000.0
EG-13141,Cairo,Sheikh Zayed,105.0,2.0,1.0,2.0,2026,Broker,Garden,Installments,Finished,Unfurnished,Yes,No,1.82,White,9469000.0
EG-13142,Cairo,Al-Haram,133.0,3.0,3.0,4.0,2027,Broker,Street,Installments,Unfinished,Unfurnished,No,Yes,11.2,Grey,2757000.0
EG-13143,Cairo,6th of October,165.0,3.0,2.0,8.0,2012,Broker,Street,Cash,Finished,Unfurnished,No,No,4.13,Brown,3961000.0
EG-13144,Cairo,Ain Shams,76.0,2.0,1.0,1.0,2026,Broker,Street,Installments,Finished,Unfurnished,No,Yes,9.47,White,3247000.0
EG-13145,Cairo,Shubra,160.0,3.0,2.0,7.0,2011,Broker,Street,Cash,Finished,Unfurnished,No,Yes,13.77,White,3285000.0
EG-13146,Cairo,Nasr City,155.0,3.0,2.0,,2015,Broker,Street,Cash,Finished,Unfurnished,Yes,Yes,4.82,Brown,4410000.0
EG-13147,Cairo,Al-Haram,64.0,1.0,1.0,1.0,2026,Broker,Street,Installments,Finished,Furnished,Yes,Yes,3.34,Brown,2990000.0
EG-13148,Cairo,Maadi,131.0,,1.0,2.0,2028,Broker,Lake,Installments,Finished,Unfurnished,Yes,No,1.69,Brown,17025000.0
EG-13149,Cairo,New Cairo,168.0,3.0,2.0,1.0,2026,Broker,Pool,Cash,Unfinished,Unfurnished,Yes,No,2.04,Brown,8815000.0
EG-13150,Cairo,Nasr City,181.0,3.0,3.0,3.0,2026,Broker,Street,Installments,Unfinished,Unfurnished,No,Yes,1.03,Brown,3752000.0
EG-13151,Cairo,Ain Shams,64.0,1.0,1.0,1.0,2026,Broker,Street,Installments,Finished,Unfurnished,No,Yes,1.41,Beige,2734000.0
EG-13152,Cairo,Heliopolis,160.0,3.0,2.0,2.0,2024,Broker,Garden,Cash,Finished,Unfurnished,Yes,No,6.54,Beige,4748000.0
EG-13153,Cairo,Ain Shams,69.0,2.0,1.0,1.0,2026,Broker,Street,Installments,Finished,Unfurnished,No,No,4.88,Brown,2861000.0
EG-13154,Cairo,Shubra,160.0,2.0,1.0,5.0,2000,Broker,Street,Cash,Finished,Furnished,No,Yes,10.63,Grey,3592000.0
EG-13155,Cairo,New Cairo,122.0,3.0,1.0,2.0,2026,Broker,Street,Installments,Finished,Unfurnished,No,Yes,13.07,Grey,10380000.0
EG-13156,Cairo,Heliopolis,190.0,3.0,3.0,4.0,2023,Broker,Pool,Installments,Finished,Unfurnished,Yes,Yes,11.79,Brown,21341000.0
EG-13157,Cairo,Ain Shams,64.0,1.0,,1.0,2026,Broker,Street,Installments,Finished,Furnished,No,Yes,8.01,Beige,3332000.0
EG-13158,Cairo,Sheikh Zayed,91.0,2.0,1.0,2.0,2026,Broker,Pool,Installments,Finished,Unfurnished,Yes,Yes,1.63,Grey,8455000.0
EG-13159,Cairo,Madinaty,200.0,4.0,5.0,4.0,2027,Broker,Garden,Installments,Unfinished,Furnished,Yes,Yes,10.68,Beige,15251000.0
EG-13160,Cairo,Al-Haram,64.0,1.0,1.0,1.0,2026,Broker,Street,Installments,Finished,Unfurnished,Yes,Yes,5.51,White,2949000.0
EG-13161,Cairo,Sheikh Zayed,150.0,3.0,2.0,1.0,2025,Broker,Street,Cash,Finished,Unfurnished,Yes,Yes,1.38,Beige,9744000.0
EG-13162,Cairo,Maadi,67.0,1.0,1.0,2.0,2026,Broker,Street,Installments,Finished,Furnished,Yes,Yes,12.65,Brown,5629000.0
EG-13163,Cairo,Nasr City,,1.0,1.0,1.0,2026,Broker,Other,Installments,Finished,Unfurnished,Yes,Yes,5.14,Off-White,2703000.0
EG-13164,Cairo,Shubra,136.0,3.0,2.0,2.0,2015,Broker,Street,Cash,Finished,Unfurnished,No,Yes,3.35,Brown,3484000.0
EG-13165,Cairo,Sheikh Zayed,94.0,2.0,1.0,1.0,2026,Broker,Garden,Installments,Finished,Furnished,No,Yes,13.08,White,8076000.0
EG-13166,Cairo,Heliopolis,200.0,3.0,3.0,1.0,2017,Broker,Garden,Cash,Finished,Unfurnished,No,Yes,13.54,Beige,7914000.0
EG-13167,Cairo,Al-Haram,69.0,2.0,1.0,1.0,2026,Broker,Street,Installments,Finished,Unfurnished,Yes,Yes,5.15,Grey,3037000.0
EG-13168,Cairo,Shubra,64.0,1.0,1.0,1.0,2026,Broker,Street,Installments,Finished,Furnished,No,No,5.39,Brown,2948000.0
EG-13169,Cairo,Nasr City,76.0,1.0,1.0,,2026,Broker,Street,Installments,Finished,Unfurnished,No,Yes,8.74,Grey,6466000.0
EG-13170,Cairo,Sheikh Zayed,167.0,3.0,3.0,4.0,2025,Broker,Street,Installments,Finished,Furnished,Yes,No,11.03,Beige,11209000.0
EG-13171,Cairo,New Cairo,190.0,3.0,4.0,4.0,2023,Broker,Garden,Cash,Finished,Furnished,No,Yes,1.04,White,18477000.0
EG-13172,Cairo,New Cairo,191.0,,3.0,2.0,2025,Broker,Garden,Installments,Unfinished,Furnished,No,Yes,8.94,Brown,9650000.0
EG-13173,Cairo,Heliopolis,150.0,3.0,3.0,3.0,2029,Broker,Street,Installments,Finished,Furnished,Yes,No,14.3,Grey,5410000.0
EG-13174,Cairo,Sheikh Zayed,190.0,3.0,3.0,4.0,2023,Broker,Street,Installments,Finished,Furnished,No,Yes,4.01,Brown,20737000.0
EG-13175,Cairo,Shubra,64.0,1.0,1.0,1.0,2026,Broker,Street,Installments,Finished,Unfurnished,No,Yes,13.64,Brown,2734000.0
EG-13176,Cairo,Heliopolis,186.0,3.0,3.0,2.0,2025,Broker,Street,Cash,Finished,Furnished,No,Yes,14.26,Grey,12677000.0
EG-13177,Cairo,Ain Shams,64.0,1.0,1.0,1.0,2026,Broker,Other,Installments,Finished,Furnished,No,Yes,4.11,White,2784000.0
EG-13178,Cairo,Al-Haram,64.0,1.0,1.0,1.0,2026,Broker,Street,Installments,Finished,Furnished,No,Yes,11.34,Brown,2902000.0
EG-13179,Cairo,Ain Shams,127.0,3.0,2.0,3.0,2024,Broker,Street,Cash,Finished,Unfurnished,No,No,3.66,White,2560000.0
EG-13180,Cairo,New Cairo,175.0,3.0,3.0,4.0,2025,Broker,Garden,Installments,Unfinished,Unfurnished,No,Yes,11.09,White,8359000.0
EG-13181,Cairo,New Cairo,155.0,3.0,3.0,2.0,2025,Broker,Pool,Installments,Unfinished,Unfurnished,No,No,11.98,Beige,7140000.0
EG-13182,Cairo,New Cairo,154.0,3.0,3.0,1.0,2026,Broker,Garden,Installments,Finished,Furnished,No,Yes,3.78,Grey,8484000.0
EG-13183,Cairo,Al-Haram,64.0,1.0,1.0,1.0,2026,Broker,Other,Installments,Finished,Unfurnished,No,Yes,10.77,Beige,2623000.0
EG-13184,Cairo,Heliopolis,76.0,1.0,1.0,2.0,2026,Broker,Pool,Installments,Finished,Unfurnished,Yes,No,12.2,Off-White,6854000.0
EG-13185,Cairo,Al-Haram,130.0,3.0,3.0,3.0,2025,Broker,Other,Cash,Finished,Unfurnished,No,Yes,5.44,Beige,1962000.0
EG-13186,Cairo,Sheikh Zayed,290.0,4.0,3.0,10.0,2020,Broker,Street,Cash,Finished,Unfurnished,Yes,No,2.6,Brown,9457000.0
EG-13187,Cairo,Nasr City,63.0,1.0,1.0,1.0,2026,Broker,Other,Installments,Finished,Unfurnished,No,Yes,1.47,Brown,2584000.0
EG-13188,Cairo,Shubra,183.0,3.0,2.0,7.0,2007,Broker,Street,Installments,Finished,Furnished,Yes,Yes,8.67,Brown,3126000.0
EG-13189,Cairo,Ain Shams,76.0,1.0,1.0,1.0,2028,Broker,Street,Installments,Unfinished,Furnished,Yes,Yes,14.67,Off-White,3843000.0
EG-13190,Cairo,6th of October,64.0,1.0,1.0,1.0,2026,Broker,Street,Installments,Finished,Furnished,Yes,Yes,12.36,White,3130000.0
EG-13191,Cairo,Al-Haram,64.0,1.0,1.0,,2026,Broker,Street,Installments,Finished,Unfurnished,No,Yes,6.59,Brown,2862000.0
EG-13192,Cairo,Shubra,63.0,1.0,1.0,,2026,Broker,Street,Installments,Finished,Furnished,No,Yes,8.1,Beige,2992000.0
EG-13193,Cairo,Ain Shams,62.0,1.0,1.0,1.0,2027,Broker,Street,Installments,Finished,Unfurnished,Yes,Yes,4.26,White,2977000.0
EG-13194,Cairo,Maadi,128.0,3.0,2.0,4.0,2029,Broker,Pool,Installments,Unfinished,Unfurnished,No,Yes,2.53,Beige,5503000.0
EG-13195,Cairo,Nasr City,185.0,3.0,,2.0,2025,Broker,Street,Cash,Unfinished,Unfurnished,No,Yes,7.28,Beige,5082000.0
EG-13196,Cairo,Ain Shams,64.0,1.0,1.0,1.0,2026,Broker,Other,Installments,Finished,Unfurnished,Yes,No,7.01,Brown,2623000.0
EG-13197,Cairo,Maadi,185.0,3.0,2.0,3.0,2025,Broker,Lake,Cash,Finished,Unfurnished,No,Yes,7.88,Beige,6924000.0
EG-13198,Cairo,Al-Haram,300.0,4.0,3.0,3.0,2025,Broker,Street,Cash,Unfinished,Unfurnished,Yes,No,14.3,Off-White,6006000.0
EG-13199,Cairo,Nasr City,120.0,2.0,2.0,2.0,2028,Broker,Street,Installments,Unfinished,Unfurnished,No,Yes,9.1,White,5227000.0
EG-13200,Cairo,Al-Haram,160.0,2.0,2.0,17.0,2025,Private Owner,Other,Installments,Finished,Unfurnished,Yes,Yes,9.13,Brown,4401000.0
EG-13201,Cairo,Maadi,250.0,3.0,2.0,3.0,2021,Broker,Lake,Cash,Unfinished,Unfurnished,No,Yes,2.01,Brown,4449000.0
EG-13202,Cairo,Al-Haram,131.0,2.0,2.0,1.0,2028,Broker,Street,Installments,Unfinished,Furnished,Yes,No,14.95,Beige,6217000.0
EG-13203,Cairo,6th of October,125.0,3.0,1.0,4.0,2005,Broker,Street,Cash,Finished,Unfurnished,Yes,No,11.62,Beige,2986000.0
EG-13204,Cairo,Ain Shams,121.0,2.0,2.0,2.0,2028,Developer,Street,Installments,Unfinished,Furnished,Yes,Yes,13.17,Grey,3695000.0
EG-13205,Cairo,Maadi,160.0,3.0,2.0,3.0,2018,Broker,Garden,Cash,Finished,Unfurnished,Yes,Yes,6.27,Grey,5110000.0
EG-13206,Cairo,Heliopolis,185.0,3.0,2.0,1.0,2022,Broker,Garden,Cash,Unfinished,Furnished,No,Yes,7.58,Brown,5197000.0
EG-13207,Cairo,Shubra,135.0,3.0,2.0,0.0,2024,Developer,Street,Installments,Finished,Furnished,Yes,No,7.88,Brown,2679000.0
EG-13208,Cairo,Maadi,,3.0,2.0,3.0,2025,Broker,Lake,Cash,Unfinished,Unfurnished,Yes,Yes,2.99,Beige,5603000.0
EG-13209,Cairo,6th of October,130.0,3.0,2.0,5.0,2025,Broker,Street,Installments,Finished,Unfurnished,No,No,10.37,Off-White,5697000.0
EG-13210,Cairo,Nasr City,125.0,2.0,1.0,0.0,2025,Broker,Street,Cash,Finished,Unfurnished,No,No,13.55,Off-White,3575000.0
EG-13211,Cairo,Ain Shams,142.0,3.0,1.0,9.0,2015,Broker,Street,Installments,Finished,Unfurnished,No,No,2.54,Beige,1470000.0
EG-13212,Cairo,Heliopolis,160.0,,3.0,4.0,2024,Broker,Pool,Cash,Finished,Unfurnished,No,Yes,1.39,Grey,5287000.0
EG-13213,Cairo,6th of October,157.0,2.0,2.0,10.0,2000,Broker,Street,Cash,Finished,Unfurnished,No,No,11.1,Grey,4338000.0
EG-13214,Cairo,Maadi,300.0,4.0,2.0,3.0,2025,Broker,Garden,Installments,Unfinished,Unfurnished,No,Yes,4.17,Off-White,6592000.0
EG-13215,Cairo,Nasr City,103.0,2.0,2.0,2.0,2028,Broker,Street,Installments,Unfinished,Furnished,Yes,Yes,9.4,Brown,6293000.0
EG-13216,Cairo,Al-Haram,175.0,4.0,3.0,4.0,2028,Developer,Street,Installments,Unfinished,Unfurnished,Yes,Yes,10.47,Beige,5246000.0
EG-13217,Cairo,Shubra,157.0,3.0,3.0,3.0,2025,Broker,Street,Installments,Unfinished,Unfurnished,Yes,No,4.9,Brown,1131000.0
EG-13218,Cairo,Al-Haram,125.0,2.0,2.0,2.0,2023,Broker,Other,Cash,Unfinished,Unfurnished,Yes,Yes,12.25,Grey,2334000.0
EG-13219,Cairo,6th of October,105.0,2.0,1.0,0.0,2017,Private Owner,Street,Cash,Unfinished,Unfurnished,No,No,8.29,Off-White,1480000.0
EG-13220,Cairo,6th of October,221.0,3.0,3.0,1.0,2028,Developer,Street,Installments,Unfinished,Unfurnished,No,No,13.05,Brown,5800000.0
EG-13221,Cairo,Nasr City,40.0,1.0,1.0,0.0,2020,Developer,Street,Cash,Finished,Furnished,Yes,No,11.47,Grey,1511000.0
EG-13222,Cairo,Madinaty,200.0,3.0,3.0,3.0,2010,Broker,Street,Cash,Finished,Furnished,Yes,Yes,13.04,Grey,7946000.0
EG-13223,Cairo,Sheikh Zayed,169.0,3.0,3.0,3.0,2029,Broker,Pool,Installments,Finished,Furnished,No,No,0.4,Grey,8241000.0
EG-13224,Cairo,Heliopolis,130.0,3.0,2.0,4.0,2010,Broker,Pool,Cash,Finished,Furnished,No,Yes,3.73,Brown,4759000.0
EG-13225,Cairo,Sheikh Zayed,210.0,3.0,2.0,2.0,2021,Broker,Street,Cash,Finished,Unfurnished,Yes,No,1.44,White,10452000.0
EG-13226,Cairo,Sheikh Zayed,118.0,2.0,2.0,2.0,2026,Broker,Street,Installments,Finished,Furnished,Yes,Yes,6.69,Off-White,12209000.0
EG-13227,Cairo,Al-Haram,159.0,3.0,3.0,6.0,2025,Broker,Street,Installments,Unfinished,Furnished,No,No,13.36,Grey,1174000.0
EG-13228,Cairo,Shubra,,2.0,1.0,4.0,2024,Developer,Street,Installments,Unfinished,Unfurnished,No,Yes,7.07,Brown,1667000.0
EG-13229,Cairo,Al-Haram,155.0,3.0,3.0,1.0,2025,Broker,Other,Installments,Unfinished,Unfurnished,Yes,No,12.76,Beige,1033000.0
EG-13230,Cairo,Madinaty,160.0,3.0,3.0,2.0,2028,Broker,Garden,Installments,Finished,Unfurnished,Yes,Yes,4.97,Off-White,14612000.0
EG-13231,Cairo,Al-Haram,150.0,3.0,2.0,2.0,2024,Broker,Street,Installments,Unfinished,Unfurnished,No,No,5.16,Beige,1881000.0
EG-13232,Cairo,Nasr City,,3.0,2.0,1.0,2018,Broker,Street,Cash,Unfinished,Unfurnished,No,Yes,13.44,Beige,3604000.0
EG-13233,Cairo,Ain Shams,220.0,4.0,3.0,6.0,2018,Developer,Other,Cash,Finished,Unfurnished,Yes,No,6.44,Brown,3558000.0
EG-13234,Cairo,Maadi,175.0,3.0,3.0,1.0,2023,Broker,Garden,Cash,Finished,Unfurnished,No,Yes,11.87,White,5909000.0
EG-13235,Cairo,Nasr City,175.0,4.0,2.0,3.0,2025,Developer,Street,Installments,Unfinished,Unfurnished,Yes,No,3.63,Brown,3560000.0
EG-13236,Cairo,6th of October,205.0,3.0,3.0,2.0,2026,Broker,Other,Cash,Unfinished,Furnished,No,Yes,14.24,Brown,4044000.0
EG-13237,Cairo,Nasr City,160.0,3.0,3.0,3.0,2025,Broker,Street,Cash,Unfinished,Unfurnished,No,Yes,8.66,Off-White,4713000.0
EG-13238,Cairo,Maadi,230.0,3.0,3.0,2.0,2025,Broker,Lake,Cash,Finished,Unfurnished,Yes,No,11.41,Brown,9586000.0
EG-13239,Cairo,Al-Haram,128.0,2.0,2.0,2.0,2025,Broker,Street,Cash,Finished,Unfurnished,Yes,No,1.43,Off-White,5958000.0
EG-13240,Cairo,Sheikh Zayed,108.0,2.0,2.0,5.0,2025,Broker,Street,Installments,Finished,Unfurnished,Yes,No,7.44,Grey,6955000.0
EG-13241,Cairo,Heliopolis,205.0,3.0,,2.0,2026,Broker,Garden,Cash,Unfinished,Unfurnished,No,No,13.53,Off-White,4278000.0
EG-13242,Cairo,Nasr City,195.0,3.0,2.0,,2027,Broker,Street,Installments,Unfinished,Unfurnished,Yes,Yes,13.17,Brown,4871000.0
EG-13243,Cairo,Maadi,190.0,3.0,2.0,1.0,2018,Broker,Lake,Cash,Finished,Furnished,No,Yes,0.8,Grey,8139000.0
EG-13244,Cairo,Maadi,154.0,2.0,3.0,2.0,2025,Broker,Lake,Cash,Finished,Furnished,No,Yes,4.63,Grey,16956000.0
EG-13245,Cairo,Maadi,150.0,3.0,2.0,2.0,2025,Broker,Pool,Cash,Finished,Furnished,No,Yes,6.71,White,5823000.0
EG-13246,Cairo,Al-Haram,210.0,3.0,2.0,2.0,2025,Broker,Street,Cash,Unfinished,Furnished,No,Yes,2.67,Brown,6276000.0
EG-13247,Cairo,Sheikh Zayed,175.0,3.0,3.0,1.0,2024,Broker,Pool,Cash,Finished,Furnished,No,No,10.98,Beige,11412000.0
EG-13248,Cairo,Al-Haram,150.0,3.0,2.0,3.0,2025,Broker,Street,Installments,Finished,Unfurnished,No,Yes,2.85,Brown,5146000.0
EG-13249,Cairo,6th of October,200.0,3.0,2.0,4.0,2020,Broker,Other,Cash,Finished,Unfurnished,No,Yes,5.26,Beige,5200000.0
EG-13250,Cairo,6th of October,175.0,4.0,2.0,3.0,2025,Developer,Street,Installments,Unfinished,Unfurnished,No,Yes,9.98,White,3560000.0
EG-13251,Cairo,Madinaty,280.0,3.0,3.0,2.0,2025,Broker,Garden,Cash,Finished,Unfurnished,Yes,Yes,7.28,Brown,9785000.0
EG-13252,Cairo,Shubra,160.0,3.0,2.0,5.0,2000,Broker,Street,Cash,Finished,Unfurnished,No,Yes,11.1,White,2439000.0
EG-13253,Cairo,New Cairo,139.0,3.0,3.0,3.0,2025,Broker,Garden,Installments,Unfinished,Furnished,Yes,Yes,14.42,Beige,7312000.0
EG-13254,Cairo,Madinaty,170.0,3.0,3.0,18.0,1990,Broker,Garden,Cash,Finished,Unfurnished,No,No,1.84,Off-White,7681000.0
EG-13255,Cairo,Shubra,,2.0,1.0,1.0,2026,Broker,Street,Installments,Unfinished,Unfurnished,No,Yes,10.67,Brown,2253000.0
EG-13256,Cairo,New Cairo,360.0,5.0,3.0,3.0,2025,Broker,Garden,Cash,Unfinished,Furnished,Yes,No,3.53,Grey,10394000.0
EG-13257,Cairo,6th of October,70.0,2.0,1.0,4.0,2000,Broker,Street,Cash,Finished,Furnished,Yes,Yes,6.28,Grey,1687000.0
EG-13258,Cairo,Ain Shams,115.0,2.0,1.0,3.0,2000,Broker,Other,Cash,Finished,Furnished,Yes,Yes,0.59,White,2344000.0
EG-13259,Cairo,6th of October,200.0,3.0,2.0,3.0,2025,Broker,Street,Cash,Unfinished,Unfurnished,Yes,Yes,2.13,Off-White,4951000.0
EG-13260,Cairo,Maadi,155.0,3.0,3.0,3.0,2029,Broker,Pool,Installments,Finished,Unfurnished,No,No,4.86,Grey,17981000.0
EG-13261,Cairo,Al-Haram,145.0,3.0,1.0,9.0,2015,Broker,Street,Installments,Finished,Unfurnished,No,No,5.2,Grey,1475000.0
EG-13262,Cairo,Al-Haram,186.0,3.0,2.0,7.0,2007,Broker,Other,Installments,Finished,Furnished,Yes,Yes,13.5,Brown,2875000.0
EG-13263,Cairo,New Cairo,360.0,5.0,3.0,3.0,2025,Broker,Street,Cash,Unfinished,Furnished,Yes,Yes,11.15,Grey,10103000.0
EG-13264,Cairo,Al-Haram,175.0,3.0,2.0,2.0,2025,Broker,Other,Cash,Finished,Furnished,No,Yes,14.59,Beige,3244000.0
EG-13265,Cairo,Sheikh Zayed,185.0,3.0,3.0,2.0,2021,Broker,Street,Cash,Finished,Furnished,Yes,Yes,9.03,White,7619000.0
EG-13266,Cairo,New Cairo,235.0,3.0,3.0,2.0,2020,Broker,Garden,Cash,Finished,Furnished,No,No,3.7,Grey,10869000.0
EG-13267,Cairo,Sheikh Zayed,125.0,3.0,2.0,4.0,2029,Broker,Garden,Installments,Finished,Furnished,Yes,Yes,4.98,Brown,15304000.0
EG-13268,Cairo,Al-Haram,156.0,3.0,2.0,3.0,2025,Broker,Street,Cash,Finished,Unfurnished,No,Yes,4.87,Beige,3186000.0
EG-13269,Cairo,Ain Shams,130.0,3.0,3.0,2.0,2025,Broker,Street,Cash,Finished,Unfurnished,Yes,No,4.96,Grey,2140000.0
EG-13270,Cairo,Madinaty,300.0,3.0,3.0,7.0,2015,Broker,Garden,Cash,Finished,Unfurnished,Yes,Yes,10.13,White,8154000.0
EG-13271,Cairo,Maadi,167.0,3.0,3.0,1.0,2026,Broker,Street,Installments,Finished,Unfurnished,Yes,No,8.01,White,9729000.0
EG-13272,Cairo,Maadi,213.0,3.0,3.0,8.0,2000,Broker,Garden,Cash,Finished,Unfurnished,No,No,5.84,White,6913000.0
EG-13273,Cairo,Al-Haram,76.0,1.0,1.0,2.0,2026,Broker,Street,Installments,Finished,Unfurnished,Yes,Yes,2.32,Grey,6523000.0
EG-13274,Cairo,Madinaty,94.0,2.0,1.0,1.0,2026,Broker,Street,Installments,Finished,Furnished,No,Yes,0.43,Beige,7464000.0
EG-13275,Cairo,Shubra,,3.0,1.0,7.0,2012,Broker,Street,Cash,Finished,Unfurnished,Yes,Yes,3.36,Off-White,1949000.0
EG-13276,Cairo,New Cairo,88.0,2.0,1.0,2.0,2026,Broker,Pool,Installments,Finished,Unfurnished,Yes,No,1.7,White,7771000.0
EG-13277,Cairo,Ain Shams,150.0,3.0,2.0,2.0,2025,Broker,Other,Cash,Finished,Furnished,Yes,No,11.8,Beige,2508000.0
EG-13278,Cairo,Al-Haram,160.0,3.0,3.0,2.0,2026,Broker,Street,Installments,Unfinished,Furnished,Yes,Yes,1.78,Brown,3843000.0
EG-13279,Cairo,Sheikh Zayed,220.0,3.0,4.0,1.0,2025,Broker,Garden,Cash,Unfinished,Unfurnished,Yes,No,10.89,Brown,7836000.0
EG-13280,Cairo,Ain Shams,,1.0,1.0,,2026,Broker,Other,Installments,Finished,Unfurnished,Yes,No,5.85,Beige,2548000.0
EG-13281,Cairo,Maadi,180.0,3.0,3.0,2.0,2025,Broker,Pool,Installments,Unfinished,Furnished,No,Yes,1.19,Brown,15309000.0
EG-13282,Cairo,Maadi,125.0,3.0,2.0,4.0,2029,Broker,Street,Installments,Finished,Furnished,No,Yes,12.21,Brown,14013000.0
EG-13283,Cairo,Maadi,130.0,2.0,2.0,1.0,2020,Broker,Garden,Cash,Finished,Unfurnished,No,No,8.74,White,6145000.0
EG-13284,Cairo,6th of October,85.0,2.0,1.0,2.0,2027,Broker,Other,Installments,Finished,Furnished,Yes,Yes,3.61,Grey,4387000.0
EG-13285,Cairo,Al-Haram,120.0,3.0,1.0,7.0,2012,Broker,Street,Cash,Finished,Unfurnished,Yes,No,13.43,Grey,1891000.0
EG-13286,Cairo,Nasr City,200.0,3.0,3.0,1.0,2026,Broker,Street,Installments,Unfinished,Furnished,Yes,No,0.77,Grey,5739000.0
EG-13287,Cairo,New Cairo,89.0,2.0,1.0,2.0,2026,Broker,Garden,Installments,Finished,Unfurnished,Yes,Yes,3.11,Grey,8097000.0
EG-13288,Cairo,Maadi,85.0,2.0,1.0,,2027,Broker,Garden,Installments,Finished,Furnished,Yes,No,11.31,Beige,4924000.0
EG-13289,Cairo,Heliopolis,85.0,2.0,1.0,1.0,2027,Broker,Garden,Installments,Finished,Furnished,Yes,Yes,10.67,White,5073000.0
EG-13290,Cairo,6th of October,85.0,2.0,1.0,2.0,2027,Broker,Street,Installments,Finished,Unfurnished,Yes,No,4.41,Beige,4377000.0
EG-13291,Cairo,Nasr City,120.0,2.0,2.0,1.0,2025,Broker,Street,Cash,Finished,Furnished,Yes,Yes,1.02,Brown,4245000.0
EG-13292,Cairo,Nasr City,200.0,3.0,3.0,1.0,2026,Broker,Street,Installments,Unfinished,Furnished,Yes,No,12.89,White,5739000.0
EG-13293,Cairo,Maadi,66.0,1.0,1.0,2.0,2026,Broker,Street,Installments,Finished,Unfurnished,Yes,No,4.77,Off-White,5040000.0
EG-13294,Cairo,Sheikh Zayed,117.0,2.0,2.0,5.0,2029,Broker,Pool,Installments,Unfinished,Furnished,Yes,Yes,3.02,Grey,10446000.0
EG-13295,Cairo,6th of October,160.0,3.0,3.0,4.0,2025,Broker,Street,Cash,Finished,Furnished,No,Yes,7.79,Brown,5293000.0
EG-13296,Cairo,Al-Haram,68.0,1.0,1.0,2.0,2026,Broker,Street,Installments,Finished,Furnished,Yes,Yes,13.66,Grey,5678000.0
EG-13297,Cairo,Maadi,72.0,,1.0,1.0,2027,Broker,Street,Installments,Finished,Unfurnished,Yes,Yes,0.75,Grey,3980000.0
EG-13298,Cairo,Maadi,91.0,2.0,1.0,2.0,2026,Broker,Garden,Installments,Finished,Unfurnished,Yes,Yes,11.51,Grey,8280000.0
EG-13299,Cairo,Al-Haram,72.0,2.0,1.0,1.0,2027,Broker,Street,Installments,Finished,Unfurnished,Yes,No,8.63,Off-White,3862000.0
EG-13300,Cairo,Sheikh Zayed,91.0,2.0,1.0,2.0,2026,Broker,Pool,Installments,Finished,Unfurnished,No,No,6.44,Brown,7800000.0
EG-13301,Cairo,New Cairo,144.0,2.0,2.0,2.0,2027,Broker,Street,Installments,Finished,Unfurnished,Yes,Yes,11.19,Grey,12713000.0
EG-13302,Cairo,6th of October,88.0,2.0,1.0,2.0,2027,Broker,Street,Installments,Finished,Unfurnished,Yes,No,14.49,Grey,4270000.0
EG-13303,Cairo,New Cairo,132.0,3.0,3.0,5.0,2029,Broker,Garden,Installments,Unfinished,Unfurnished,No,Yes,3.52,White,11560000.0
EG-13304,Cairo,Shubra,160.0,3.0,2.0,5.0,2000,Broker,Street,Cash,Finished,Unfurnished,No,No,2.24,Grey,2367000.0
EG-13305,Cairo,Maadi,220.0,3.0,3.0,2.0,2025,Broker,Garden,Cash,Unfinished,Unfurnished,No,Yes,13.7,White,8815000.0
EG-13306,Cairo,Al-Haram,62.0,1.0,1.0,1.0,2027,Broker,Street,Installments,Finished,Unfurnished,No,Yes,10.07,Brown,3010000.0
EG-13307,Cairo,Nasr City,101.0,,1.0,2.0,2027,Broker,Street,Installments,Finished,Furnished,Yes,Yes,6.63,Brown,5468000.0
EG-13308,Cairo,Ain Shams,130.0,3.0,1.0,5.0,2001,Broker,Street,Cash,Unfinished,Unfurnished,Yes,No,8.64,Brown,2125000.0
EG-13309,Cairo,Madinaty,260.0,3.0,3.0,5.0,2021,Broker,Street,Cash,Unfinished,Unfurnished,No,Yes,11.21,White,10811000.0
EG-13310,Cairo,Shubra,62.0,1.0,1.0,1.0,2027,Broker,Street,Installments,Finished,Furnished,No,Yes,11.62,Off-White,3194000.0
EG-13311,Cairo,Nasr City,160.0,3.0,3.0,4.0,2025,Broker,Street,Cash,Finished,Furnished,No,Yes,13.81,Off-White,5293000.0
EG-13312,Cairo,Heliopolis,200.0,3.0,3.0,2.0,2025,Broker,Street,Cash,Unfinished,Unfurnished,Yes,Yes,6.46,Grey,9520000.0
EG-13313,Cairo,Shubra,62.0,1.0,1.0,1.0,2027,Broker,Street,Installments,Finished,Unfurnished,Yes,Yes,4.47,Brown,3101000.0
EG-13314,Cairo,Maadi,160.0,3.0,3.0,2.0,2015,Broker,Street,Cash,Finished,Unfurnished,No,No,9.63,Beige,13527000.0
EG-13315,Cairo,Nasr City,67.0,1.0,1.0,2.0,2026,Broker,Street,Installments,Finished,Unfurnished,Yes,Yes,6.29,Grey,5272000.0
EG-13316,Cairo,Al-Haram,62.0,1.0,1.0,1.0,2027,Broker,Street,Installments,Finished,Unfurnished,Yes,Yes,8.96,Off-White,2977000.0
EG-13317,Cairo,Maadi,153.0,2.0,2.0,2.0,2023,Broker,Street,Cash,Finished,Furnished,No,Yes,6.36,Off-White,13205000.0
EG-13318,Cairo,New Cairo,160.0,3.0,3.0,5.0,2025,Broker,Street,Installments,Unfinished,Unfurnished,Yes,Yes,2.38,Brown,12257000.0
EG-13319,Cairo,Nasr City,96.0,2.0,1.0,13.0,2012,Broker,Other,Cash,Finished,Unfurnished,No,Yes,7.09,White,1140000.0
EG-13320,Cairo,Shubra,62.0,1.0,,1.0,2027,Broker,Street,Installments,Finished,Unfurnished,No,Yes,10.39,Grey,2890000.0
EG-13321,Cairo,Nasr City,115.0,,1.0,3.0,2020,Broker,Other,Cash,Finished,Unfurnished,Yes,Yes,12.01,White,2538000.0
EG-13322,Cairo,Heliopolis,150.0,3.0,2.0,2.0,2021,Broker,Street,Cash,Finished,Unfurnished,No,Yes,7.45,Off-White,5475000.0
EG-13323,Cairo,Al-Haram,62.0,1.0,1.0,1.0,2027,Broker,Street,Installments,Finished,Unfurnished,No,Yes,2.56,Brown,2890000.0
EG-13324,Cairo,Nasr City,77.0,1.0,1.0,2.0,2026,Broker,Street,Installments,Finished,Unfurnished,Yes,Yes,6.28,Off-White,6610000.0
EG-13325,Cairo,Al-Haram,185.0,3.0,2.0,7.0,2007,Broker,Street,Installments,Finished,Unfurnished,Yes,Yes,11.82,Brown,2951000.0
EG-13326,Cairo,6th of October,62.0,1.0,1.0,1.0,2027,Broker,Other,Installments,Finished,Unfurnished,Yes,No,6.25,Beige,2759000.0
EG-13327,Cairo,Shubra,50.0,1.0,1.0,1.0,2027,Broker,Street,Installments,Finished,Unfurnished,No,No,10.48,White,2497000.0
EG-13328,Cairo,Maadi,191.0,3.0,2.0,2.0,2025,Broker,Garden,Cash,Finished,Unfurnished,Yes,Yes,7.66,Grey,7502000.0
EG-13329,Cairo,Ain Shams,130.0,,1.0,5.0,2000,Broker,Street,Cash,Finished,Unfurnished,Yes,Yes,3.69,Brown,2359000.0
EG-13330,Cairo,6th of October,140.0,3.0,3.0,5.0,2022,Broker,Street,Cash,Finished,Unfurnished,Yes,Yes,11.96,Beige,5333000.0
EG-13331,Cairo,6th of October,140.0,3.0,2.0,4.0,1983,Broker,Street,Cash,Finished,Unfurnished,Yes,No,1.35,Beige,4977000.0
EG-13332,Cairo,Heliopolis,110.0,2.0,2.0,4.0,2020,Broker,Garden,Cash,Unfinished,Unfurnished,Yes,Yes,7.92,White,5550000.0
EG-13333,Cairo,Sheikh Zayed,153.0,2.0,2.0,2.0,2023,Broker,Street,Cash,Finished,Unfurnished,Yes,Yes,3.21,Brown,12821000.0
EG-13334,Cairo,Maadi,110.0,2.0,2.0,4.0,2026,Broker,Street,Installments,Finished,Furnished,Yes,Yes,1.1,Grey,8281000.0
EG-13335,Cairo,Heliopolis,120.0,2.0,2.0,2.0,2029,Broker,Pool,Installments,Finished,Furnished,No,Yes,7.59,Grey,13980000.0
EG-13336,Cairo,Sheikh Zayed,119.0,3.0,2.0,3.0,2025,Broker,Garden,Cash,Finished,Furnished,No,Yes,7.54,Grey,8063000.0
EG-13337,Cairo,Madinaty,210.0,4.0,3.0,4.0,2025,Broker,Garden,Cash,Unfinished,Furnished,No,No,10.63,Off-White,8575000.0
EG-13338,Cairo,Shubra,125.0,2.0,3.0,3.0,2025,Broker,Street,Installments,Unfinished,Unfurnished,Yes,Yes,11.2,Off-White,3389000.0
EG-13339,Cairo,Nasr City,89.0,2.0,1.0,1.0,2027,Broker,Street,Installments,Finished,Unfurnished,No,Yes,10.94,Brown,4584000.0
EG-13340,Cairo,Shubra,80.0,2.0,1.0,0.0,2015,Broker,Street,Cash,Finished,Unfurnished,Yes,No,6.2,Grey,1961000.0
EG-13341,Cairo,Al-Haram,165.0,3.0,3.0,2.0,2025,Broker,Other,Cash,Unfinished,Furnished,Yes,Yes,9.51,Beige,5834000.0
EG-13342,Cairo,Maadi,150.0,3.0,2.0,1.0,1985,Broker,Garden,Cash,Finished,Unfurnished,Yes,Yes,8.7,Grey,4349000.0
EG-13343,Cairo,6th of October,130.0,3.0,1.0,3.0,1990,Broker,Street,Cash,Finished,Unfurnished,Yes,Yes,6.38,Brown,4308000.0
EG-13344,Cairo,Shubra,85.0,2.0,1.0,1.0,1971,Broker,Street,Cash,Finished,Furnished,Yes,Yes,9.0,Grey,3483000.0
EG-13345,Cairo,New Cairo,130.0,2.0,2.0,5.0,2025,Broker,Garden,Installments,Unfinished,Unfurnished,Yes,No,14.21,White,10891000.0
EG-13346,Cairo,Ain Shams,160.0,3.0,3.0,2.0,2025,Developer,Other,Installments,Unfinished,Furnished,Yes,Yes,2.97,Grey,3387000.0
EG-13347,Cairo,Maadi,147.0,3.0,2.0,1.0,2021,Broker,Lake,Cash,Finished,Furnished,Yes,No,13.6,Beige,12095000.0
EG-13348,Cairo,Ain Shams,171.0,3.0,3.0,1.0,2025,Broker,Street,Cash,Finished,Unfurnished,Yes,No,0.9,Brown,3235000.0
EG-13349,Cairo,Shubra,130.0,3.0,1.0,4.0,2025,Broker,Street,Cash,Finished,Unfurnished,No,Yes,4.69,Brown,3484000.0
EG-13350,Cairo,6th of October,186.0,3.0,2.0,6.0,2025,Broker,Street,Installments,Finished,Unfurnished,No,Yes,4.39,Beige,4855000.0
EG-13351,Cairo,Heliopolis,134.0,3.0,2.0,2.0,2025,Broker,Garden,Cash,Finished,Unfurnished,No,Yes,9.43,Brown,8125000.0
EG-13352,Cairo,New Cairo,140.0,3.0,2.0,1.0,2025,Broker,Garden,Installments,Unfinished,Furnished,No,No,2.06,Grey,11710000.0
EG-13353,Cairo,New Cairo,180.0,3.0,2.0,5.0,2025,Broker,Garden,Cash,Finished,Unfurnished,Yes,Yes,13.25,Brown,10002000.0
EG-13354,Cairo,Al-Haram,140.0,3.0,2.0,1.0,2025,Broker,Street,Cash,Finished,Unfurnished,No,Yes,12.45,Grey,6271000.0
EG-13355,Cairo,Heliopolis,156.0,2.0,3.0,3.0,2024,Broker,Garden,Cash,Finished,Unfurnished,No,No,9.82,Brown,9730000.0
EG-13356,Cairo,Al-Haram,100.0,2.0,1.0,2.0,2025,Broker,Other,Cash,Finished,Unfurnished,Yes,Yes,6.93,Grey,1363000.0
EG-13357,Cairo,Nasr City,180.0,3.0,2.0,4.0,2025,Broker,Street,Cash,Unfinished,Furnished,Yes,Yes,14.0,Grey,5052000.0
EG-13358,Cairo,Al-Haram,160.0,3.0,2.0,4.0,2025,Broker,Other,Cash,Finished,Unfurnished,Yes,Yes,12.48,Beige,1645000.0
EG-13359,Cairo,Maadi,180.0,3.0,2.0,4.0,2026,Broker,Street,Installments,Unfinished,Unfurnished,No,Yes,7.54,Beige,5354000.0
EG-13360,Cairo,New Cairo,122.0,2.0,2.0,2.0,2025,Broker,Pool,Cash,Finished,Furnished,Yes,Yes,10.56,Off-White,10961000.0
EG-13361,Cairo,Maadi,185.0,3.0,2.0,4.0,2026,Broker,Lake,Installments,Unfinished,Furnished,No,No,8.55,Beige,6064000.0
EG-13362,Cairo,6th of October,200.0,3.0,2.0,4.0,2025,Broker,Street,Cash,Unfinished,Furnished,No,Yes,8.86,Grey,6472000.0
EG-13363,Cairo,New Cairo,220.0,3.0,3.0,1.0,2026,Broker,Pool,Cash,Unfinished,Unfurnished,Yes,Yes,5.03,Grey,7569000.0
EG-13364,Cairo,Sheikh Zayed,157.0,3.0,3.0,5.0,2029,Broker,Pool,Installments,Unfinished,Furnished,No,Yes,6.99,Brown,12166000.0
EG-13365,Cairo,Nasr City,96.0,2.0,1.0,1.0,2015,Broker,Street,Cash,Finished,Furnished,No,No,1.26,Brown,3691000.0
EG-13366,Cairo,New Cairo,150.0,3.0,3.0,16.0,2017,Developer,Garden,Cash,Finished,Unfurnished,Yes,No,5.42,Off-White,8969000.0
EG-13367,Cairo,Heliopolis,289.0,3.0,2.0,0.0,2025,Broker,Street,Cash,Finished,Furnished,Yes,Yes,10.47,Grey,8925000.0
EG-13368,Cairo,6th of October,130.0,3.0,1.0,4.0,2025,Broker,Street,Cash,Finished,Furnished,No,Yes,14.3,Off-White,3697000.0
EG-13369,Cairo,Nasr City,62.0,1.0,1.0,1.0,2027,Broker,Street,Installments,Finished,Unfurnished,Yes,No,14.45,Grey,3010000.0
EG-13370,Cairo,Shubra,116.0,3.0,2.0,1.0,2025,Broker,Street,Cash,Finished,Unfurnished,No,Yes,8.38,Beige,3186000.0
EG-13371,Cairo,Heliopolis,199.0,3.0,3.0,2.0,2025,Broker,Garden,Installments,Unfinished,Furnished,Yes,Yes,9.14,Brown,21205000.0
EG-13372,Cairo,Al-Haram,122.0,3.0,1.0,11.0,2024,Developer,Street,Installments,Unfinished,Furnished,Yes,Yes,2.87,Off-White,2611000.0
EG-13373,Cairo,Heliopolis,240.0,4.0,4.0,2.0,2026,Broker,Pool,Installments,Unfinished,Unfurnished,No,Yes,10.46,White,7404000.0
EG-13374,Cairo,Maadi,155.0,3.0,3.0,3.0,2026,Broker,Street,Installments,Finished,Unfurnished,Yes,Yes,1.15,Grey,7200000.0
EG-13375,Cairo,Nasr City,140.0,3.0,1.0,2.0,2024,Broker,Other,Cash,Finished,Unfurnished,Yes,No,4.34,Beige,3467000.0
EG-13376,Cairo,New Cairo,220.0,3.0,3.0,1.0,2025,Broker,Pool,Cash,Unfinished,Unfurnished,No,Yes,10.06,White,7346000.0
EG-13377,Cairo,New Cairo,150.0,3.0,3.0,1.0,2028,Broker,Pool,Installments,Unfinished,Furnished,No,Yes,4.72,Beige,9125000.0
EG-13378,Cairo,Sheikh Zayed,260.0,,2.0,4.0,2012,Broker,Garden,Cash,Finished,Furnished,Yes,Yes,0.84,Beige,10153000.0
EG-13379,Cairo,Heliopolis,108.0,2.0,1.0,1.0,2025,Broker,Pool,Cash,Finished,Unfurnished,No,Yes,12.49,Grey,7386000.0
EG-13380,Cairo,New Cairo,207.0,3.0,2.0,2.0,2026,Broker,Garden,Installments,Unfinished,Furnished,Yes,Yes,4.72,Beige,7573000.0
EG-13381,Cairo,Ain Shams,130.0,3.0,1.0,4.0,2015,Broker,Street,Cash,Finished,Unfurnished,No,Yes,1.04,Off-White,3484000.0
EG-13382,Cairo,Maadi,280.0,5.0,3.0,5.0,2020,Broker,Lake,Cash,Unfinished,Unfurnished,Yes,Yes,1.21,White,6520000.0
EG-13383,Cairo,6th of October,165.0,3.0,2.0,4.0,2026,Broker,Street,Installments,Unfinished,Unfurnished,Yes,Yes,3.85,Beige,4137000.0
EG-13384,Cairo,Nasr City,195.0,3.0,3.0,3.0,2025,Broker,Street,Cash,Unfinished,Unfurnished,No,Yes,2.75,Beige,5082000.0
EG-13385,Cairo,Al-Haram,220.0,3.0,3.0,1.0,2018,Broker,Other,Cash,Unfinished,Unfurnished,No,No,11.64,Brown,4110000.0
EG-13386,Cairo,New Cairo,280.0,4.0,4.0,2.0,2025,Broker,Garden,Installments,Unfinished,Furnished,No,Yes,4.89,Brown,7097000.0
EG-13387,Cairo,Al-Haram,180.0,3.0,,2.0,2025,Broker,Other,Installments,Unfinished,Unfurnished,Yes,No,12.09,Off-White,3965000.0
EG-13388,Cairo,New Cairo,150.0,3.0,3.0,1.0,2025,Broker,Pool,Installments,Unfinished,Unfurnished,No,Yes,2.69,Brown,10943000.0
EG-13389,Cairo,Heliopolis,195.0,3.0,3.0,4.0,2026,Broker,Pool,Installments,Unfinished,Furnished,Yes,Yes,7.44,Beige,6722000.0
EG-13390,Cairo,Sheikh Zayed,136.0,2.0,2.0,2.0,2026,Broker,Pool,Cash,Finished,Unfurnished,Yes,Yes,10.35,Beige,9688000.0
EG-13391,Cairo,Al-Haram,150.0,3.0,2.0,3.0,2024,Broker,Street,Installments,Unfinished,Unfurnished,No,Yes,9.81,White,1938000.0
EG-13392,Cairo,Ain Shams,145.0,,2.0,2.0,2024,Broker,Other,Installments,Unfinished,Unfurnished,Yes,Yes,9.06,Brown,1915000.0
EG-13393,Cairo,Shubra,96.0,2.0,1.0,13.0,2012,Broker,Street,Cash,Finished,Furnished,Yes,Yes,13.88,Grey,1361000.0
EG-13394,Cairo,Al-Haram,145.0,,2.0,3.0,2024,Broker,Other,Installments,Unfinished,Unfurnished,No,Yes,3.51,Brown,1859000.0
EG-13395,Cairo,Madinaty,300.0,3.0,3.0,13.0,2005,Broker,Pool,Cash,Finished,Furnished,No,Yes,7.46,Beige,10078000.0
EG-13396,Cairo,Shubra,150.0,3.0,2.0,5.0,2024,Broker,Other,Installments,Unfinished,Unfurnished,No,No,13.27,White,1724000.0
EG-13397,Cairo,New Cairo,210.0,3.0,2.0,2.0,2026,Broker,Pool,Installments,Unfinished,Furnished,Yes,Yes,1.26,Brown,7312000.0
EG-13398,Cairo,Nasr City,145.0,3.0,2.0,5.0,2024,Broker,Street,Installments,Unfinished,Unfurnished,Yes,Yes,0.93,White,2089000.0
EG-13399,Cairo,6th of October,,3.0,2.0,5.0,2024,Broker,Street,Installments,Unfinished,Unfurnished,Yes,No,3.58,Brown,2118000.0
EG-13400,Cairo,6th of October,99.0,2.0,1.0,4.0,2025,Broker,Street,Cash,Finished,Unfurnished,Yes,Yes,9.53,Off-White,6667000.0
EG-13401,Cairo,Nasr City,96.0,2.0,1.0,13.0,2013,Broker,Street,Cash,Finished,Furnished,Yes,No,3.97,Beige,1321000.0
EG-13402,Cairo,Nasr City,120.0,3.0,2.0,2.0,1992,Broker,Street,Cash,Finished,Unfurnished,Yes,No,2.93,Beige,3335000.0
EG-13403,Cairo,Maadi,207.0,4.0,4.0,2.0,2029,Broker,Street,Installments,Unfinished,Unfurnished,Yes,Yes,6.94,Grey,17922000.0
EG-13404,Cairo,Sheikh Zayed,191.0,3.0,3.0,4.0,2015,Broker,Pool,Cash,Finished,Unfurnished,Yes,Yes,9.24,Beige,18482000.0
EG-13405,Cairo,Al-Haram,155.0,3.0,2.0,3.0,2024,Broker,Other,Installments,Unfinished,Unfurnished,No,No,3.8,Grey,1884000.0
EG-13406,Cairo,Al-Haram,135.0,2.0,2.0,5.0,2025,Broker,Other,Cash,Finished,Unfurnished,Yes,Yes,4.58,Beige,1645000.0
EG-13407,Cairo,Heliopolis,82.0,1.0,1.0,2.0,2029,Broker,Pool,Installments,Unfinished,Unfurnished,No,Yes,9.24,Brown,5350000.0
EG-13408,Cairo,Al-Haram,155.0,3.0,2.0,2.0,2024,Broker,Other,Installments,Unfinished,Unfurnished,Yes,Yes,14.19,Brown,2000000.0
EG-13409,Cairo,6th of October,185.0,3.0,2.0,2.0,2026,Broker,Street,Installments,Unfinished,Furnished,Yes,Yes,10.15,Off-White,4663000.0
EG-13410,Cairo,Nasr City,166.0,3.0,2.0,2.0,2025,Broker,Other,Installments,Finished,Unfurnished,No,No,11.77,Brown,5665000.0
EG-13411,Cairo,Al-Haram,145.0,3.0,2.0,3.0,2024,Broker,Street,Installments,Unfinished,Unfurnished,Yes,Yes,5.57,White,2089000.0
EG-13412,Cairo,New Cairo,208.0,3.0,3.0,2.0,2029,Broker,Garden,Installments,Unfinished,Unfurnished,Yes,Yes,4.16,Brown,13682000.0
EG-13413,Cairo,Heliopolis,141.0,2.0,2.0,3.0,2020,Broker,Garden,Cash,Unfinished,Furnished,No,Yes,6.87,Grey,8679000.0
EG-13414,Cairo,Nasr City,168.0,,3.0,,2025,Broker,Street,Cash,Unfinished,Unfurnished,Yes,Yes,12.13,Off-White,4760000.0
EG-13415,Cairo,Heliopolis,190.0,3.0,3.0,,2015,Broker,Pool,Cash,Finished,Unfurnished,No,Yes,6.9,White,15828000.0
EG-13416,Cairo,Shubra,140.0,3.0,3.0,2.0,2025,Broker,Street,Cash,Finished,Furnished,No,No,12.72,White,3281000.0
EG-13417,Cairo,Al-Haram,205.0,3.0,,3.0,2025,Broker,Street,Installments,Unfinished,Unfurnished,Yes,No,14.83,Beige,4619000.0
EG-13418,Cairo,Heliopolis,82.0,1.0,1.0,2.0,2029,Broker,Street,Installments,Unfinished,Furnished,Yes,Yes,1.17,Grey,5518000.0
EG-13419,Cairo,Maadi,163.0,3.0,3.0,2.0,2025,Broker,Garden,Cash,Finished,Unfurnished,No,Yes,0.78,Brown,8758000.0
EG-13420,Cairo,New Cairo,208.0,3.0,,2.0,2029,Broker,Garden,Installments,Unfinished,Unfurnished,No,Yes,2.33,Brown,13279000.0
EG-13421,Cairo,6th of October,168.0,3.0,3.0,1.0,2025,Broker,Street,Cash,Unfinished,Furnished,No,Yes,5.83,Beige,4903000.0
EG-13422,Cairo,Madinaty,168.0,3.0,2.0,2.0,2025,Broker,Pool,Cash,Unfinished,Furnished,No,Yes,2.05,Brown,9288000.0
EG-13423,Cairo,Heliopolis,119.0,3.0,3.0,2.0,2021,Broker,Street,Cash,Finished,Unfurnished,Yes,No,13.07,White,7267000.0
EG-13424,Cairo,Sheikh Zayed,153.0,3.0,3.0,5.0,2029,Broker,Pool,Installments,Unfinished,Unfurnished,Yes,Yes,0.44,Brown,11516000.0
EG-13425,Cairo,New Cairo,253.0,4.0,4.0,1.0,2024,Cash,Garden,Cash,Finished,Unfurnished,No,No,4.81,Brown,14850000.0
EG-13426,Cairo,Maadi,131.0,2.0,2.0,3.0,2025,Broker,Garden,Installments,Unfinished,Unfurnished,Yes,Yes,2.85,White,6137000.0
EG-13427,Cairo,Nasr City,94.0,2.0,1.0,2.0,2025,Broker,Street,Installments,Unfinished,Unfurnished,No,No,13.98,Grey,3324000.0
EG-13428,Cairo,Al-Haram,105.0,3.0,1.0,1.0,2025,Broker,Other,Cash,Finished,Unfurnished,No,Yes,10.08,Grey,1505000.0
EG-13429,Cairo,New Cairo,136.0,3.0,3.0,5.0,2029,Broker,Garden,Installments,Unfinished,Unfurnished,No,No,13.69,White,9643000.0
EG-13430,Cairo,Nasr City,155.0,3.0,2.0,1.0,2025,Broker,Other,Cash,Unfinished,Unfurnished,Yes,No,14.59,White,1609000.0
EG-13431,Cairo,Nasr City,225.0,3.0,3.0,1.0,2026,Developer,Street,Installments,Unfinished,Unfurnished,No,No,7.51,Off-White,4746000.0
EG-13432,Cairo,New Cairo,168.0,3.0,2.0,2.0,2015,Broker,Street,Cash,Finished,Unfurnished,Yes,No,3.59,Off-White,9955000.0
EG-13433,Cairo,New Cairo,169.0,3.0,3.0,2.0,2028,Broker,Garden,Installments,Unfinished,Furnished,No,No,2.99,Brown,9772000.0
EG-13434,Cairo,Nasr City,220.0,3.0,3.0,6.0,2024,Broker,Other,Cash,Unfinished,Unfurnished,No,Yes,3.42,Brown,5589000.0
EG-13435,Cairo,Shubra,102.0,2.0,1.0,1.0,2025,Broker,Other,Cash,Finished,Unfurnished,Yes,Yes,10.66,Off-White,1504000.0
EG-13436,Cairo,Sheikh Zayed,155.0,3.0,3.0,3.0,2026,Broker,Street,Installments,Finished,Unfurnished,Yes,Yes,0.7,Brown,7200000.0
EG-13437,Cairo,New Cairo,,2.0,2.0,1.0,2025,Broker,Garden,Installments,Unfinished,Unfurnished,No,Yes,0.87,Grey,8503000.0
EG-13438,Cairo,Al-Haram,94.0,2.0,1.0,2.0,2025,Broker,Street,Installments,Unfinished,Unfurnished,Yes,No,9.16,Grey,3425000.0
EG-13439,Cairo,Maadi,125.0,2.0,2.0,2.0,2029,Broker,Street,Installments,Unfinished,Furnished,Yes,Yes,9.67,Beige,8081000.0
EG-13440,Cairo,Al-Haram,187.0,3.0,2.0,7.0,2007,Broker,Street,Installments,Finished,Unfurnished,No,Yes,10.01,Off-White,2889000.0
EG-13441,Cairo,New Cairo,154.0,3.0,3.0,,2024,Installments,Garden,Installments,Finished,Furnished,No,Yes,5.64,Grey,12437000.0
EG-13442,Cairo,Al-Haram,150.0,3.0,,9.0,2025,Broker,Street,Cash,Finished,Furnished,No,Yes,12.11,Beige,1743000.0
EG-13443,Cairo,Ain Shams,,3.0,1.0,4.0,1999,Broker,Street,Cash,Finished,Unfurnished,Yes,Yes,8.05,White,2482000.0
EG-13444,Cairo,Heliopolis,152.0,3.0,2.0,4.0,2026,Broker,Pool,Installments,Unfinished,Furnished,No,Yes,1.67,Grey,12369000.0
EG-13445,Cairo,Al-Haram,167.0,3.0,2.0,5.0,2026,Broker,Street,Installments,Unfinished,Furnished,No,Yes,11.98,Beige,3860000.0
EG-13446,Cairo,Heliopolis,144.0,2.0,3.0,1.0,2028,Broker,Garden,Installments,Unfinished,Unfurnished,Yes,Yes,14.3,Brown,6693000.0
EG-13447,Cairo,6th of October,130.0,3.0,2.0,2.0,2024,Broker,Street,Cash,Finished,Furnished,No,Yes,0.99,Beige,5388000.0
EG-13448,Cairo,Nasr City,141.0,3.0,2.0,3.0,2028,Broker,Street,Installments,Unfinished,Furnished,Yes,No,5.93,Grey,4046000.0
EG-13449,Cairo,Al-Haram,140.0,3.0,3.0,4.0,2025,Broker,Street,Cash,Finished,Unfurnished,Yes,No,7.36,Brown,3683000.0
EG-13450,Cairo,Maadi,154.0,3.0,2.0,2.0,2025,Broker,Garden,Cash,Unfinished,Unfurnished,Yes,Yes,2.28,Brown,4440000.0
EG-13451,Cairo,Maadi,220.0,3.0,3.0,1.0,2015,Developer,Pool,Cash,Finished,Furnished,Yes,Yes,13.03,Beige,16960000.0
EG-13452,Cairo,Nasr City,175.0,3.0,2.0,1.0,2024,Broker,Other,Cash,Unfinished,Furnished,No,Yes,4.33,Beige,2696000.0
EG-13453,Cairo,6th of October,125.0,3.0,1.0,7.0,2011,Broker,Other,Cash,Finished,Unfurnished,Yes,No,11.77,Grey,4106000.0
EG-13454,Cairo,Al-Haram,107.0,2.0,1.0,1.0,2010,Broker,Other,Cash,Finished,Furnished,No,Yes,10.1,Brown,2711000.0
EG-13455,Cairo,Sheikh Zayed,185.0,3.0,3.0,1.0,2025,Broker,Garden,Installments,Finished,Unfurnished,Yes,No,9.01,Off-White,9263000.0
EG-13456,Cairo,Shubra,,3.0,3.0,1.0,2025,Broker,Street,Cash,Finished,Unfurnished,Yes,No,2.96,Beige,3235000.0
EG-13457,Cairo,Ain Shams,155.0,3.0,3.0,1.0,2025,Broker,Street,Installments,Unfinished,Unfurnished,Yes,No,3.39,Off-White,1127000.0
EG-13458,Cairo,Ain Shams,175.0,3.0,2.0,3.0,2025,Broker,Street,Cash,Unfinished,Unfurnished,Yes,No,0.81,Off-White,2633000.0
EG-13459,Cairo,Sheikh Zayed,155.0,3.0,2.0,2.0,2028,Broker,Garden,Installments,Unfinished,Unfurnished,Yes,No,3.69,Brown,7165000.0
EG-13460,Cairo,Sheikh Zayed,280.0,3.0,2.0,5.0,2018,Broker,Pool,Installments,Finished,Unfurnished,Yes,No,5.25,Grey,8028000.0
EG-13461,Cairo,Al-Haram,140.0,,2.0,4.0,2023,Broker,Street,Installments,Unfinished,Unfurnished,No,No,12.51,Off-White,3149000.0
EG-13462,Cairo,Shubra,153.0,3.0,3.0,2.0,2025,Broker,Street,Installments,Unfinished,Unfurnished,No,Yes,5.56,Grey,1131000.0
EG-13463,Cairo,Shubra,155.0,3.0,3.0,1.0,2023,Broker,Other,Cash,Unfinished,Unfurnished,No,No,11.34,Beige,1562000.0
EG-13464,Cairo,Heliopolis,167.0,3.0,,5.0,2026,Broker,Garden,Installments,Unfinished,Unfurnished,No,No,6.65,Brown,3742000.0
EG-13465,Cairo,Maadi,175.0,3.0,3.0,2.0,2025,Broker,Lake,Cash,Finished,Unfurnished,No,Yes,11.79,White,6391000.0
EG-13466,Cairo,Al-Haram,165.0,3.0,2.0,2.0,2026,Broker,Street,Cash,Unfinished,Furnished,Yes,Yes,14.65,Brown,4041000.0
EG-13467,Cairo,Al-Haram,125.0,2.0,1.0,11.0,2025,Broker,Street,Cash,Finished,Unfurnished,No,No,3.67,White,3478000.0
EG-13468,Cairo,Heliopolis,195.0,4.0,,2.0,2028,Broker,Garden,Installments,Unfinished,Furnished,Yes,Yes,12.95,Beige,9401000.0
EG-13469,Cairo,Nasr City,70.0,2.0,1.0,0.0,1980,Broker,Other,Cash,Finished,Furnished,No,No,9.37,Grey,1241000.0
EG-13470,Cairo,Maadi,152.0,3.0,2.0,4.0,2026,Broker,Garden,Installments,Unfinished,Unfurnished,No,Yes,12.28,Beige,11655000.0
EG-13471,Cairo,6th of October,200.0,3.0,2.0,4.0,2018,Broker,Street,Cash,Finished,Unfurnished,No,No,9.81,Brown,4348000.0
EG-13472,Cairo,Nasr City,155.0,3.0,3.0,1.0,2028,Developer,Street,Installments,Unfinished,Unfurnished,No,Yes,6.42,White,3637000.0
EG-13473,Cairo,Shubra,153.0,3.0,3.0,2.0,2025,Broker,Street,Installments,Unfinished,Unfurnished,Yes,Yes,3.5,White,1165000.0
EG-13474,Cairo,Al-Haram,85.0,2.0,1.0,2.0,2028,Broker,Other,Installments,Unfinished,Furnished,Yes,No,1.14,Brown,2104000.0
EG-13475,Cairo,Al-Haram,175.0,3.0,3.0,2.0,2025,Broker,Street,Cash,Finished,Unfurnished,Yes,Yes,8.08,Brown,6154000.0
EG-13476,Cairo,Nasr City,166.0,3.0,2.0,1.0,2020,Broker,Street,Cash,Finished,Unfurnished,Yes,No,14.86,Beige,4977000.0
EG-13477,Cairo,6th of October,186.0,3.0,2.0,2.0,2028,Broker,Other,Installments,Unfinished,Unfurnished,No,Yes,11.1,Off-White,5474000.0
EG-13478,Cairo,Sheikh Zayed,130.0,3.0,2.0,3.0,2025,Broker,Street,Cash,Finished,Furnished,Yes,No,4.98,White,8240000.0
EG-13479,Cairo,6th of October,160.0,3.0,1.0,3.0,2020,Broker,Street,Cash,Finished,Unfurnished,No,Yes,12.43,Brown,3683000.0
EG-13480,Cairo,Nasr City,145.0,,3.0,3.0,2028,Broker,Street,Installments,Unfinished,Unfurnished,No,Yes,11.56,Beige,3985000.0
EG-13481,Cairo,New Cairo,205.0,3.0,3.0,2.0,2015,Broker,Pool,Cash,Finished,Unfurnished,Yes,No,4.3,Off-White,17938000.0
EG-13482,Cairo,Al-Haram,270.0,3.0,2.0,1.0,2025,Broker,Street,Cash,Unfinished,Furnished,Yes,Yes,0.31,Grey,5759000.0
EG-13483,Cairo,Al-Haram,100.0,2.0,2.0,2.0,2027,Broker,Street,Installments,Unfinished,Unfurnished,Yes,No,1.86,Brown,3154000.0
EG-13484,Cairo,6th of October,90.0,2.0,1.0,3.0,2025,Broker,Other,Cash,Finished,Unfurnished,No,No,13.17,Off-White,3985000.0
EG-13485,Cairo,Nasr City,198.0,3.0,3.0,3.0,2028,Broker,Street,Installments,Unfinished,Unfurnished,No,Yes,12.56,Grey,5175000.0
EG-13486,Cairo,Shubra,150.0,3.0,2.0,3.0,2025,Broker,Other,Cash,Unfinished,Unfurnished,Yes,Yes,4.5,Grey,3141000.0
EG-13487,Cairo,Al-Haram,95.0,2.0,1.0,1.0,2014,Broker,Street,Cash,Finished,Unfurnished,Yes,Yes,4.35,Beige,2974000.0
EG-13488,Cairo,Nasr City,130.0,3.0,1.0,1.0,2011,Broker,Street,Cash,Finished,Unfurnished,Yes,Yes,11.91,White,1897000.0
EG-13489,Cairo,6th of October,125.0,3.0,2.0,1.0,2019,Broker,Street,Cash,Unfinished,Furnished,Yes,Yes,14.07,Brown,6314000.0
EG-13490,Cairo,Ain Shams,150.0,3.0,2.0,3.0,2025,Broker,Other,Cash,Unfinished,Unfurnished,No,Yes,11.71,Off-White,2371000.0
EG-13491,Cairo,Al-Haram,155.0,3.0,3.0,4.0,2026,Broker,Other,Cash,Unfinished,Unfurnished,No,No,9.12,Grey,1027000.0
EG-13492,Cairo,Nasr City,133.0,3.0,2.0,1.0,2027,Broker,Street,Installments,Unfinished,Furnished,Yes,Yes,3.72,White,4587000.0
EG-13493,Cairo,Nasr City,197.0,3.0,3.0,5.0,2014,Broker,Street,Cash,Finished,Unfurnished,No,Yes,7.93,Grey,5475000.0
EG-13494,Cairo,Maadi,197.0,3.0,3.0,7.0,2014,Broker,Street,Cash,Unfinished,Furnished,Yes,Yes,3.58,Brown,4243000.0
EG-13495,Cairo,Nasr City,131.0,3.0,2.0,3.0,2027,Broker,Other,Installments,Unfinished,Furnished,Yes,Yes,12.14,Brown,5329000.0
EG-13496,Cairo,Ain Shams,180.0,3.0,2.0,1.0,2025,Developer,Other,Cash,Unfinished,Unfurnished,No,No,5.87,Beige,3206000.0
EG-13497,Cairo,Maadi,176.0,3.0,2.0,1.0,2020,Broker,Garden,Cash,Finished,Unfurnished,Yes,Yes,12.52,Brown,5925000.0
EG-13498,Cairo,Ain Shams,170.0,3.0,2.0,10.0,2019,Broker,Street,Cash,Finished,Unfurnished,Yes,No,5.79,Brown,1792000.0
EG-13499,Cairo,Maadi,110.0,2.0,3.0,2.0,2029,Broker,Lake,Installments,Finished,Furnished,No,No,12.38,Brown,13876000.0
EG-13500,Cairo,6th of October,180.0,2.0,2.0,0.0,2016,Broker,Street,Cash,Finished,Unfurnished,Yes,Yes,5.07,White,6974000.0
EG-13501,Cairo,Sheikh Zayed,224.0,4.0,4.0,2.0,2025,Broker,Garden,Installments,Unfinished,Unfurnished,Yes,No,6.66,Off-White,10606000.0
EG-13502,Cairo,Sheikh Zayed,116.0,2.0,2.0,2.0,2027,Broker,Garden,Installments,Unfinished,Unfurnished,No,No,9.27,Off-White,7233000.0
EG-13503,Cairo,Maadi,160.0,3.0,3.0,3.0,2029,Broker,Street,Installments,Finished,Unfurnished,Yes,No,1.15,Brown,12865000.0
EG-13504,Cairo,New Cairo,,3.0,3.0,2.0,2025,Broker,Pool,Installments,Unfinished,Unfurnished,Yes,Yes,14.23,Off-White,11024000.0
EG-13505,Cairo,Heliopolis,141.0,3.0,3.0,2.0,2025,Broker,Street,Installments,Unfinished,Furnished,Yes,Yes,8.65,Brown,7014000.0
EG-13506,Cairo,Nasr City,,2.0,2.0,0.0,2026,Broker,Street,Installments,Finished,Unfurnished,Yes,Yes,7.67,Off-White,6853000.0
EG-13507,Cairo,Heliopolis,212.0,,3.0,4.0,2025,Broker,Pool,Installments,Unfinished,Unfurnished,Yes,Yes,12.61,Off-White,13780000.0
EG-13508,Cairo,Sheikh Zayed,250.0,3.0,2.0,13.0,2009,Broker,Garden,Cash,Finished,Furnished,No,Yes,13.0,Grey,9854000.0
EG-13509,Cairo,Heliopolis,198.0,3.0,3.0,2.0,2028,Broker,Garden,Installments,Unfinished,Unfurnished,No,No,7.88,White,6150000.0
EG-13510,Cairo,Maadi,181.0,3.0,2.0,2.0,2019,Broker,Garden,Cash,Finished,Unfurnished,Yes,Yes,13.92,Grey,6795000.0
EG-13511,Cairo,Sheikh Zayed,182.0,3.0,3.0,3.0,2025,Broker,Garden,Installments,Unfinished,Unfurnished,No,Yes,1.06,Grey,11942000.0
EG-13512,Cairo,Ain Shams,160.0,3.0,2.0,8.0,2025,Broker,Street,Cash,Finished,Unfurnished,Yes,Yes,1.79,Off-White,1795000.0
EG-13513,Cairo,Ain Shams,140.0,3.0,2.0,4.0,2025,Broker,Street,Cash,Finished,Furnished,Yes,Yes,8.99,Beige,1687000.0
EG-13514,Cairo,Nasr City,186.0,3.0,2.0,7.0,2007,Broker,Street,Installments,Finished,Furnished,No,Yes,5.38,Beige,3045000.0
EG-13515,Cairo,Al-Haram,135.0,3.0,2.0,3.0,2025,Broker,Street,Cash,Finished,Unfurnished,No,No,7.02,White,3195000.0
EG-13516,Cairo,Maadi,135.0,3.0,3.0,3.0,2025,Broker,Lake,Installments,Unfinished,Furnished,Yes,No,4.99,Brown,6990000.0
EG-13517,Cairo,Shubra,150.0,3.0,2.0,5.0,2025,Broker,Street,Cash,Finished,Furnished,Yes,Yes,6.13,Off-White,1796000.0
EG-13518,Cairo,New Cairo,199.0,3.0,3.0,3.0,2025,Broker,Pool,Cash,Finished,Unfurnished,Yes,Yes,12.36,White,19133000.0
EG-13519,Cairo,Maadi,130.0,3.0,3.0,3.0,2026,Broker,Garden,Installments,Finished,Furnished,Yes,No,8.94,Grey,7755000.0
EG-13520,Cairo,Shubra,150.0,3.0,2.0,3.0,2025,Broker,Other,Cash,Finished,Unfurnished,Yes,Yes,14.96,Off-White,1316000.0
EG-13521,Cairo,6th of October,165.0,3.0,2.0,6.0,2002,Broker,Street,Cash,Finished,Unfurnished,No,Yes,11.82,Grey,5276000.0
EG-13522,Cairo,Heliopolis,175.0,3.0,2.0,3.0,2025,Broker,Pool,Cash,Finished,Unfurnished,Yes,Yes,4.18,White,5979000.0
EG-13523,Cairo,Sheikh Zayed,155.0,3.0,3.0,4.0,2029,Broker,Garden,Installments,Finished,Unfurnished,Yes,Yes,4.04,Beige,11876000.0
EG-13524,Cairo,Ain Shams,158.0,2.0,2.0,2.0,2025,Broker,Other,Cash,Finished,Unfurnished,Yes,No,5.1,White,3398000.0
EG-13525,Cairo,Heliopolis,174.0,3.0,3.0,2.0,2025,Broker,Street,Cash,Finished,Unfurnished,No,No,12.66,Off-White,3962000.0
EG-13526,Cairo,Heliopolis,102.0,2.0,2.0,4.0,2018,Broker,Garden,Cash,Finished,Unfurnished,Yes,Yes,0.51,Off-White,4675000.0
EG-13527,Cairo,Ain Shams,120.0,2.0,2.0,4.0,2026,Broker,Street,Cash,Unfinished,Unfurnished,Yes,Yes,3.53,Brown,3404000.0
EG-13528,Cairo,Sheikh Zayed,146.0,3.0,3.0,2.0,2029,Broker,Garden,Installments,Finished,Unfurnished,Yes,Yes,13.58,Beige,8165000.0
EG-13529,Cairo,Al-Haram,140.0,3.0,3.0,4.0,2025,Broker,Street,Cash,Finished,Unfurnished,No,Yes,9.63,Off-White,3683000.0
EG-13530,Cairo,Nasr City,130.0,2.0,2.0,1.0,2030,Cash,Street,Cash,Finished,Unfurnished,Yes,No,3.48,Beige,2688000.0
EG-13531,Cairo,Heliopolis,133.0,3.0,3.0,1.0,2028,Broker,Pool,Installments,Unfinished,Unfurnished,Yes,Yes,3.37,Off-White,4784000.0
EG-13532,Cairo,6th of October,80.0,2.0,1.0,1.0,2019,Broker,Street,Cash,Finished,Unfurnished,Yes,Yes,12.95,Beige,1415000.0
EG-13533,Cairo,Maadi,182.0,3.0,3.0,2.0,2026,Broker,Street,Cash,Unfinished,Unfurnished,Yes,Yes,13.42,White,4717000.0
EG-13534,Cairo,6th of October,151.0,2.0,1.0,2.0,2019,Broker,Street,Cash,Finished,Furnished,Yes,Yes,3.92,Beige,5769000.0
EG-13535,Cairo,Al-Haram,95.0,2.0,1.0,4.0,2025,Broker,Street,Cash,Unfinished,Furnished,Yes,Yes,6.37,Grey,2172000.0
EG-13536,Cairo,Maadi,132.0,2.0,2.0,1.0,2026,Broker,Garden,Cash,Unfinished,Unfurnished,Yes,Yes,12.54,White,4163000.0
EG-13537,Cairo,Maadi,90.0,2.0,1.0,3.0,2026,Broker,Lake,Cash,Finished,Furnished,No,No,11.59,Off-White,5047000.0
EG-13538,Cairo,New Cairo,134.0,3.0,2.0,1.0,2019,Broker,Garden,Cash,Finished,Furnished,Yes,Yes,12.23,Off-White,9172000.0
EG-13539,Cairo,Maadi,130.0,3.0,2.0,1.0,2020,Broker,Lake,Cash,Finished,Unfurnished,No,No,7.82,Brown,5376000.0
EG-13540,Cairo,Ain Shams,156.0,3.0,2.0,3.0,2025,Broker,Street,Cash,Finished,Furnished,Yes,No,13.68,Grey,3381000.0
EG-13541,Cairo,Heliopolis,191.0,3.0,2.0,1.0,2015,Broker,Street,Cash,Unfinished,Unfurnished,No,No,4.96,Brown,4933000.0
EG-13542,Cairo,Al-Haram,125.0,3.0,1.0,10.0,2015,Broker,Other,Cash,Finished,Furnished,No,Yes,2.43,White,1791000.0
EG-13543,Cairo,Ain Shams,260.0,3.0,3.0,2.0,2025,Broker,Street,Cash,Unfinished,Unfurnished,No,No,10.66,Brown,3265000.0
EG-13544,Cairo,Maadi,215.0,3.0,3.0,0.0,2025,Broker,Lake,Cash,Finished,Unfurnished,No,No,8.14,White,21710000.0
EG-13545,Cairo,Ain Shams,185.0,3.0,2.0,7.0,2007,Broker,Street,Installments,Finished,Furnished,Yes,Yes,12.83,Brown,3132000.0
EG-13546,Cairo,Maadi,145.0,3.0,2.0,3.0,2025,Broker,Street,Cash,Unfinished,Unfurnished,No,No,1.31,Beige,4798000.0
EG-13547,Cairo,Al-Haram,150.0,3.0,2.0,1.0,2025,Broker,Street,Cash,Unfinished,Unfurnished,Yes,Yes,12.67,White,2856000.0
EG-13548,Cairo,Nasr City,135.0,3.0,1.0,3.0,1997,Broker,Street,Cash,Finished,Unfurnished,No,No,4.47,White,1932000.0
EG-13549,Cairo,Heliopolis,,3.0,3.0,2.0,2029,Broker,Garden,Installments,Finished,Unfurnished,Yes,Yes,9.86,Beige,17285000.0
EG-13550,Cairo,Nasr City,140.0,3.0,2.0,2.0,2027,Broker,Other,Cash,Finished,Unfurnished,Yes,No,0.7,Beige,3832000.0
EG-13551,Cairo,Shubra,150.0,3.0,3.0,3.0,2025,Broker,Street,Installments,Unfinished,Furnished,No,Yes,9.18,Grey,1210000.0
EG-13552,Cairo,Nasr City,141.0,3.0,1.0,9.0,2015,Broker,Other,Installments,Finished,Unfurnished,Yes,Yes,10.79,Beige,1430000.0
EG-13553,Cairo,Al-Haram,175.0,3.0,2.0,2.0,2025,Broker,Street,Cash,Finished,Furnished,No,Yes,5.59,Brown,6339000.0
EG-13554,Cairo,Shubra,140.0,3.0,1.0,9.0,2015,Broker,Street,Installments,Finished,Unfurnished,No,Yes,3.31,Beige,1505000.0
EG-13555,Cairo,Sheikh Zayed,149.0,3.0,3.0,3.0,2026,Broker,Garden,Installments,Finished,Furnished,Yes,No,8.11,Beige,11468000.0
EG-13556,Cairo,Ain Shams,143.0,3.0,1.0,9.0,2015,Broker,Street,Installments,Finished,Unfurnished,Yes,Yes,12.51,White,1571000.0
EG-13557,Cairo,Nasr City,140.0,1.0,2.0,4.0,2021,Broker,Street,Cash,Finished,Furnished,Yes,Yes,4.92,White,5442000.0
EG-13558,Cairo,Ain Shams,115.0,2.0,1.0,3.0,2025,Broker,Street,Cash,Finished,Furnished,No,No,3.86,Beige,3589000.0
EG-13559,Cairo,Heliopolis,145.0,3.0,3.0,2.0,2027,Broker,Garden,Installments,Finished,Unfurnished,No,Yes,4.26,Grey,11101000.0
EG-13560,Cairo,Heliopolis,180.0,3.0,2.0,4.0,2006,Broker,Garden,Cash,Finished,Unfurnished,No,Yes,14.24,White,7703000.0
EG-13561,Cairo,6th of October,90.0,2.0,1.0,3.0,2016,Broker,Street,Cash,Finished,Unfurnished,No,Yes,5.45,Brown,4579000.0
EG-13562,Cairo,Nasr City,80.0,2.0,1.0,11.0,2016,Broker,Other,Cash,Finished,Unfurnished,Yes,No,0.15,Brown,1688000.0
EG-13563,Cairo,Shubra,150.0,3.0,3.0,3.0,2025,Broker,Street,Installments,Unfinished,Furnished,Yes,No,11.75,Beige,1210000.0
EG-13564,Cairo,Shubra,160.0,3.0,2.0,3.0,2025,Broker,Street,Cash,Unfinished,Unfurnished,Yes,No,10.52,Beige,3234000.0
EG-13565,Cairo,Heliopolis,173.0,3.0,3.0,1.0,2025,Broker,Garden,Installments,Finished,Unfurnished,No,No,2.02,Grey,6673000.0
EG-13566,Cairo,Maadi,164.0,,3.0,3.0,2025,Broker,Lake,Installments,Finished,Furnished,Yes,Yes,14.78,Beige,11433000.0
EG-13567,Cairo,Shubra,153.0,3.0,2.0,2.0,2025,Broker,Street,Cash,Unfinished,Unfurnished,No,No,9.16,Off-White,2470000.0
EG-13568,Cairo,Sheikh Zayed,307.0,3.0,3.0,,2020,Broker,Pool,Installments,Finished,Unfurnished,No,Yes,7.56,Off-White,12639000.0
EG-13569,Cairo,Heliopolis,210.0,3.0,3.0,9.0,2015,Broker,Pool,Cash,Finished,Furnished,Yes,Yes,5.8,Beige,6692000.0
EG-13570,Cairo,Al-Haram,133.0,3.0,2.0,0.0,2025,Broker,Street,Installments,Unfinished,Furnished,Yes,Yes,13.49,Off-White,3146000.0
EG-13571,Cairo,6th of October,158.0,3.0,2.0,3.0,2028,Broker,Other,Installments,Unfinished,Unfurnished,Yes,Yes,3.74,Brown,5532000.0
EG-13572,Cairo,Madinaty,115.0,2.0,1.0,2.0,2029,Broker,Pool,Installments,Finished,Unfurnished,No,No,4.36,Beige,11987000.0
EG-13573,Cairo,Nasr City,155.0,3.0,3.0,4.0,2026,Broker,Street,Installments,Unfinished,Unfurnished,Yes,Yes,1.92,Brown,1206000.0
EG-13574,Cairo,New Cairo,154.0,3.0,3.0,2.0,2027,Broker,Garden,Installments,Finished,Unfurnished,Yes,No,11.41,Brown,11101000.0
EG-13575,Cairo,6th of October,115.0,2.0,2.0,2.0,2028,Broker,Street,Installments,Unfinished,Furnished,No,Yes,8.97,Off-White,5165000.0
EG-13576,Cairo,Heliopolis,200.0,3.0,3.0,1.0,2017,Broker,Pool,Cash,Finished,Unfurnished,Yes,Yes,9.18,Grey,5979000.0
EG-13577,Cairo,Nasr City,160.0,3.0,2.0,3.0,2025,Broker,Street,Cash,Finished,Furnished,Yes,Yes,3.36,Brown,1850000.0
EG-13578,Cairo,Al-Haram,230.0,3.0,2.0,2.0,2024,Broker,Street,Cash,Unfinished,Furnished,No,Yes,9.8,Off-White,4020000.0
EG-13579,Cairo,Maadi,176.0,3.0,2.0,,2028,Broker,Garden,Installments,Unfinished,Furnished,No,No,11.51,Grey,9153000.0
EG-13580,Cairo,Shubra,140.0,3.0,2.0,7.0,2025,Broker,Street,Cash,Unfinished,Unfurnished,No,No,5.43,Off-White,1973000.0
EG-13581,Cairo,Al-Haram,160.0,3.0,2.0,3.0,2025,Broker,Street,Cash,Finished,Furnished,Yes,Yes,12.04,Off-White,1850000.0
EG-13582,Cairo,Al-Haram,230.0,3.0,2.0,1.0,2025,Broker,Street,Installments,Unfinished,Unfurnished,Yes,Yes,5.3,Beige,3714000.0
EG-13583,Cairo,Ain Shams,104.0,2.0,2.0,,2025,Broker,Street,Cash,Unfinished,Unfurnished,No,Yes,11.4,White,2402000.0
EG-13584,Cairo,Al-Haram,155.0,3.0,2.0,2.0,2022,Broker,Street,Cash,Unfinished,Unfurnished,Yes,Yes,0.6,Grey,3332000.0
EG-13585,Cairo,New Cairo,135.0,2.0,2.0,2.0,2025,Broker,Pool,Cash,Finished,Furnished,No,No,8.31,Off-White,11956000.0
EG-13586,Cairo,Shubra,193.0,3.0,,2.0,2025,Broker,Street,Cash,Unfinished,Furnished,Yes,Yes,14.55,Brown,3536000.0
EG-13587,Cairo,New Cairo,168.0,3.0,2.0,4.0,2024,Broker,Garden,Installments,Unfinished,Unfurnished,Yes,Yes,14.72,Brown,7274000.0
EG-13588,Cairo,Nasr City,170.0,3.0,3.0,1.0,2025,Broker,Other,Installments,Unfinished,Unfurnished,Yes,No,4.3,White,2866000.0
EG-13589,Cairo,Heliopolis,165.0,3.0,3.0,4.0,2025,Broker,Garden,Cash,Unfinished,Unfurnished,No,Yes,6.68,Grey,4897000.0
EG-13590,Cairo,Ain Shams,191.0,3.0,2.0,1.0,2025,Broker,Street,Cash,Unfinished,Unfurnished,No,No,1.04,Beige,3318000.0
EG-13591,Cairo,Maadi,200.0,3.0,2.0,2.0,2026,Broker,Lake,Cash,Finished,Unfurnished,Yes,No,13.11,Grey,7456000.0
EG-13592,Cairo,Nasr City,198.0,,3.0,2.0,2028,Broker,Street,Installments,Unfinished,Furnished,No,Yes,8.57,Brown,6060000.0
EG-13593,Cairo,6th of October,200.0,3.0,2.0,1.0,2025,Broker,Street,Cash,Finished,Unfurnished,Yes,No,5.84,Brown,5973000.0
EG-13594,Cairo,Ain Shams,170.0,3.0,2.0,9.0,2025,Broker,Other,Cash,Finished,Unfurnished,Yes,No,1.78,Beige,1551000.0
EG-13595,Cairo,Heliopolis,158.0,3.0,3.0,2.0,2028,Broker,Pool,Installments,Unfinished,Unfurnished,Yes,Yes,14.21,Beige,4977000.0
EG-13596,Cairo,Al-Haram,170.0,3.0,2.0,9.0,2025,Broker,Street,Cash,Finished,Unfurnished,Yes,Yes,8.0,Brown,1744000.0
EG-13597,Cairo,New Cairo,125.0,2.0,2.0,0.0,2025,Broker,Garden,Cash,Finished,Unfurnished,Yes,Yes,4.32,Off-White,14677000.0
EG-13598,Cairo,6th of October,135.0,3.0,2.0,1.0,2025,Broker,Street,Cash,Finished,Unfurnished,Yes,No,5.32,Off-White,3186000.0
EG-13599,Cairo,Nasr City,170.0,3.0,3.0,2.0,2018,Broker,Street,Cash,Finished,Furnished,Yes,Yes,4.13,Beige,6531000.0
EG-13600,Cairo,Nasr City,170.0,3.0,2.0,,2019,Broker,Other,Cash,Unfinished,Unfurnished,Yes,Yes,9.07,Off-White,3708000.0
EG-13601,Cairo,Maadi,180.0,3.0,3.0,1.0,2027,Developer,Garden,Installments,Unfinished,Furnished,Yes,Yes,13.96,Beige,5362000.0
EG-13602,Cairo,6th of October,120.0,2.0,2.0,1.0,2023,Broker,Street,Cash,Finished,Unfurnished,No,Yes,12.86,Grey,3882000.0
EG-13603,Cairo,Al-Haram,133.0,3.0,3.0,1.0,2028,Broker,Street,Installments,Unfinished,Unfurnished,No,Yes,6.96,Grey,3596000.0
EG-13604,Cairo,Nasr City,133.0,3.0,3.0,3.0,2028,Broker,Street,Installments,Unfinished,Furnished,No,Yes,12.41,Grey,4071000.0
EG-13605,Cairo,New Cairo,164.0,3.0,2.0,3.0,2025,Broker,Pool,Installments,Finished,Furnished,Yes,Yes,6.4,Beige,11326000.0
EG-13606,Cairo,Nasr City,142.0,3.0,1.0,9.0,2015,Broker,Street,Installments,Finished,Unfurnished,Yes,No,3.86,Beige,1515000.0
EG-13607,Cairo,Al-Haram,185.0,3.0,2.0,7.0,2007,Broker,Street,Installments,Finished,Furnished,No,No,14.75,Off-White,2950000.0
EG-13608,Cairo,Al-Haram,158.0,3.0,3.0,2.0,2028,Broker,Street,Installments,Unfinished,Unfurnished,No,Yes,4.63,Off-White,4414000.0
EG-13609,Cairo,Ain Shams,80.0,2.0,1.0,1.0,2019,Broker,Other,Cash,Unfinished,Furnished,Yes,No,4.92,Off-White,1542000.0
EG-13610,Cairo,Heliopolis,126.0,3.0,2.0,4.0,2025,Broker,Pool,Installments,Unfinished,Furnished,No,Yes,14.85,White,8091000.0
EG-13611,Cairo,Sheikh Zayed,155.0,3.0,3.0,3.0,2026,Broker,Garden,Installments,Finished,Unfurnished,No,No,2.1,Beige,7189000.0
EG-13612,Cairo,Nasr City,115.0,2.0,1.0,6.0,1978,Broker,Street,Cash,Finished,Unfurnished,No,Yes,11.43,Grey,3235000.0
EG-13613,Cairo,Heliopolis,132.0,3.0,2.0,2.0,2024,Broker,Pool,Installments,Unfinished,Unfurnished,No,Yes,14.04,Grey,4270000.0
EG-13614,Cairo,New Cairo,135.0,,2.0,4.0,2019,Broker,Garden,Cash,Finished,Unfurnished,No,Yes,7.73,White,11291000.0
EG-13615,Cairo,Heliopolis,122.0,3.0,1.0,3.0,2019,Broker,Garden,Cash,Finished,Unfurnished,No,Yes,0.14,White,6094000.0
EG-13616,Cairo,Nasr City,123.0,3.0,3.0,,2027,Broker,Street,Installments,Unfinished,Unfurnished,Yes,No,5.69,Grey,2550000.0
EG-13617,Cairo,Heliopolis,200.0,3.0,2.0,2.0,2023,Broker,Garden,Cash,Finished,Furnished,Yes,Yes,1.76,Beige,5538000.0
EG-13618,Cairo,Heliopolis,178.0,3.0,,2.0,2027,Broker,Pool,Installments,Unfinished,Furnished,Yes,Yes,6.3,Grey,6252000.0
EG-13619,Cairo,Shubra,148.0,3.0,2.0,1.0,2019,Broker,Other,Cash,Finished,Furnished,Yes,No,11.87,Grey,3582000.0
EG-13620,Cairo,Sheikh Zayed,,3.0,3.0,1.0,2025,Broker,Pool,Cash,Finished,Unfurnished,Yes,No,6.64,White,19536000.0
EG-13621,Cairo,Al-Haram,157.0,3.0,2.0,,2020,Broker,Street,Cash,Unfinished,Unfurnished,Yes,Yes,6.54,White,3618000.0
EG-13622,Cairo,Al-Haram,201.0,3.0,2.0,2.0,2019,Broker,Street,Cash,Unfinished,Unfurnished,Yes,Yes,8.4,Off-White,4998000.0
EG-13623,Cairo,Al-Haram,175.0,3.0,2.0,2.0,2019,Broker,Street,Installments,Unfinished,Unfurnished,No,No,8.77,White,4024000.0
EG-13624,Cairo,Maadi,195.0,3.0,2.0,4.0,2026,Broker,Lake,Cash,Finished,Furnished,Yes,Yes,12.86,Grey,5940000.0
EG-13625,Cairo,Al-Haram,185.0,3.0,2.0,2.0,2019,Broker,Other,Cash,Unfinished,Unfurnished,Yes,No,4.69,Off-White,3387000.0
EG-13626,Cairo,Ain Shams,,3.0,1.0,5.0,2019,Broker,Street,Cash,Finished,Furnished,Yes,No,12.34,Grey,2324000.0
EG-13627,Cairo,6th of October,133.0,,3.0,3.0,2028,Broker,Other,Installments,Unfinished,Unfurnished,No,Yes,8.53,Beige,3296000.0
EG-13628,Cairo,Nasr City,70.0,,1.0,2.0,2018,Broker,Street,Cash,Finished,Unfurnished,No,No,4.58,Beige,2512000.0
EG-13629,Cairo,New Cairo,200.0,3.0,2.0,1.0,2026,Broker,Pool,Cash,Finished,Unfurnished,Yes,Yes,4.5,White,8697000.0
EG-13630,Cairo,Maadi,133.0,3.0,3.0,2.0,2028,Broker,Lake,Installments,Unfinished,Unfurnished,No,No,5.48,Off-White,3859000.0
EG-13631,Cairo,Al-Haram,,2.0,2.0,1.0,2025,Broker,Street,Installments,Unfinished,Unfurnished,Yes,Yes,9.38,Brown,5677000.0
EG-13632,Cairo,Al-Haram,145.0,2.0,1.0,11.0,2007,Broker,Street,Cash,Finished,Unfurnished,No,No,3.54,Beige,1932000.0
EG-13633,Cairo,Ain Shams,85.0,2.0,1.0,2.0,2029,Broker,Other,Installments,Unfinished,Furnished,Yes,No,13.81,Beige,2104000.0
EG-13634,Cairo,Sheikh Zayed,159.0,3.0,3.0,1.0,2025,Broker,Pool,Cash,Finished,Furnished,Yes,Yes,8.67,Beige,21360000.0
EG-13635,Cairo,Ain Shams,150.0,2.0,2.0,3.0,1992,Developer,Other,Cash,Finished,Unfurnished,Yes,No,13.81,Beige,2828000.0
EG-13636,Cairo,Nasr City,157.0,3.0,2.0,3.0,2020,Broker,Street,Cash,Unfinished,Unfurnished,Yes,Yes,0.79,White,3618000.0
EG-13637,Cairo,Al-Haram,133.0,3.0,3.0,3.0,2027,Broker,Other,Installments,Unfinished,Unfurnished,No,No,5.2,Off-White,3306000.0
EG-13638,Cairo,Maadi,201.0,3.0,2.0,2.0,2019,Broker,Lake,Cash,Unfinished,Unfurnished,No,No,0.44,Beige,5038000.0
EG-13639,Cairo,Heliopolis,225.0,3.0,4.0,1.0,1990,Broker,Pool,Cash,Finished,Unfurnished,Yes,No,4.16,White,6648000.0
EG-13640,Cairo,Heliopolis,,3.0,3.0,8.0,2006,Broker,Pool,Cash,Finished,Furnished,Yes,No,12.94,Off-White,7055000.0
EG-13641,Cairo,Al-Haram,159.0,3.0,1.0,5.0,2019,Broker,Street,Cash,Finished,Furnished,Yes,Yes,0.65,Off-White,2395000.0
EG-13642,Cairo,Maadi,225.0,3.0,2.0,5.0,2020,Broker,Street,Cash,Finished,Unfurnished,Yes,Yes,6.6,Brown,10815000.0
EG-13643,Cairo,Nasr City,140.0,3.0,3.0,5.0,2025,Broker,Street,Cash,Finished,Furnished,No,No,1.85,Grey,3948000.0
EG-13644,Cairo,Heliopolis,163.0,3.0,3.0,1.0,2025,Broker,Garden,Installments,Finished,Unfurnished,Yes,No,6.31,Beige,8542000.0
EG-13645,Cairo,6th of October,100.0,2.0,1.0,2.0,2024,Broker,Other,Cash,Finished,Unfurnished,Yes,Yes,12.6,White,1485000.0
EG-13646,Cairo,Shubra,195.0,3.0,2.0,5.0,2025,Broker,Street,Cash,Unfinished,Furnished,No,Yes,9.38,Off-White,3236000.0
EG-13647,Cairo,Al-Haram,160.0,3.0,2.0,5.0,2025,Broker,Street,Cash,Finished,Unfurnished,Yes,Yes,11.08,Brown,5128000.0
EG-13648,Cairo,Al-Haram,155.0,3.0,3.0,1.0,2025,Broker,Other,Installments,Unfinished,Unfurnished,Yes,No,5.3,Grey,1033000.0
EG-13649,Cairo,Madinaty,170.0,3.0,3.0,6.0,2027,Broker,Street,Installments,Unfinished,Unfurnished,Yes,No,14.17,Off-White,8862000.0
EG-13650,Cairo,Nasr City,66.0,1.0,1.0,2.0,2029,Broker,Street,Installments,Unfinished,Unfurnished,No,Yes,10.67,Off-White,1622000.0
EG-13651,Cairo,Al-Haram,220.0,3.0,2.0,3.0,2024,Broker,Other,Cash,Finished,Unfurnished,No,Yes,6.38,Beige,4562000.0
EG-13652,Cairo,Maadi,180.0,3.0,2.0,3.0,2023,Broker,Pool,Cash,Finished,Unfurnished,Yes,No,6.45,Grey,6067000.0
EG-13653,Cairo,Al-Haram,172.0,3.0,2.0,5.0,2026,Broker,Other,Installments,Finished,Unfurnished,No,No,13.79,Grey,2591000.0
EG-13654,Cairo,Shubra,97.0,2.0,1.0,4.0,2024,Broker,Other,Cash,Finished,Unfurnished,No,Yes,8.69,White,2235000.0
EG-13655,Cairo,Heliopolis,117.0,2.0,2.0,5.0,2027,Broker,Pool,Installments,Unfinished,Unfurnished,No,No,10.63,Brown,5467000.0
EG-13656,Cairo,Maadi,107.0,2.0,2.0,1.0,2029,Broker,Garden,Installments,Finished,Unfurnished,No,Yes,6.31,White,11836000.0
EG-13657,Cairo,Shubra,100.0,2.0,1.0,2.0,2024,Broker,Street,Cash,Finished,Unfurnished,Yes,No,3.43,Brown,1573000.0
EG-13658,Cairo,Shubra,195.0,3.0,2.0,5.0,2025,Broker,Street,Cash,Unfinished,Unfurnished,Yes,No,10.88,White,3049000.0
EG-13659,Cairo,6th of October,120.0,3.0,2.0,4.0,2020,Broker,Street,Cash,Finished,Unfurnished,No,No,9.16,Brown,6280000.0
EG-13660,Cairo,Ain Shams,155.0,3.0,3.0,1.0,2025,Broker,Street,Installments,Unfinished,Unfurnished,Yes,No,7.57,Beige,1127000.0
EG-13661,Cairo,Heliopolis,130.0,2.0,2.0,1.0,2027,Broker,Garden,Installments,Unfinished,Unfurnished,Yes,Yes,9.4,Brown,6626000.0
EG-13662,Cairo,Sheikh Zayed,181.0,3.0,4.0,0.0,2027,Broker,Garden,Installments,Unfinished,Unfurnished,Yes,No,3.2,White,13566000.0
EG-13663,Cairo,Maadi,175.0,3.0,3.0,1.0,2015,Broker,Lake,Cash,Unfinished,Furnished,No,No,11.93,Grey,7027000.0
EG-13664,Cairo,Shubra,180.0,3.0,1.0,1.0,2025,Broker,Other,Cash,Finished,Unfurnished,Yes,Yes,14.23,Off-White,3290000.0
EG-13665,Cairo,6th of October,150.0,3.0,2.0,3.0,2000,Broker,Street,Cash,Finished,Furnished,Yes,Yes,13.38,Brown,3048000.0
EG-13666,Cairo,Al-Haram,115.0,2.0,2.0,5.0,2016,Broker,Street,Cash,Finished,Unfurnished,Yes,Yes,4.89,Brown,3385000.0
EG-13667,Cairo,New Cairo,180.0,2.0,2.0,2.0,2025,Broker,Pool,Cash,Finished,Unfurnished,No,No,6.15,Grey,7681000.0
EG-13668,Cairo,Al-Haram,145.0,3.0,1.0,9.0,2015,Broker,Street,Installments,Finished,Unfurnished,Yes,No,12.15,Beige,1510000.0
EG-13669,Cairo,Shubra,123.0,3.0,3.0,2.0,2029,Broker,Other,Installments,Unfinished,Unfurnished,Yes,Yes,8.97,White,2617000.0
EG-13670,Cairo,Ain Shams,150.0,3.0,2.0,1.0,2016,Developer,Street,Cash,Finished,Unfurnished,No,Yes,8.26,Beige,2986000.0
EG-13671,Cairo,Ain Shams,140.0,3.0,1.0,9.0,2015,Broker,Street,Installments,Finished,Furnished,No,Yes,13.91,Brown,1597000.0
EG-13672,Cairo,Ain Shams,123.0,3.0,2.0,2.0,2027,Broker,Street,Installments,Unfinished,Unfurnished,Yes,Yes,8.09,Brown,2627000.0
EG-13673,Cairo,Shubra,170.0,3.0,2.0,1.0,2019,Private Owner,Street,Cash,Finished,Furnished,Yes,Yes,7.77,Beige,4136000.0
EG-13674,Cairo,New Cairo,300.0,,3.0,3.0,2028,Broker,Garden,Installments,Unfinished,Unfurnished,No,No,0.73,White,6723000.0
EG-13675,Cairo,Maadi,120.0,,1.0,7.0,2025,Broker,Garden,Cash,Finished,Unfurnished,No,No,1.13,Brown,4609000.0
EG-13676,Cairo,Maadi,163.0,3.0,3.0,2.0,2025,Broker,Garden,Installments,Unfinished,Unfurnished,Yes,Yes,0.21,Brown,4640000.0
EG-13677,Cairo,6th of October,145.0,3.0,1.0,9.0,2015,Broker,Other,Installments,Finished,Unfurnished,Yes,Yes,13.71,Beige,1426000.0
EG-13678,Cairo,Al-Haram,80.0,2.0,1.0,3.0,2026,Broker,Street,Installments,Unfinished,Unfurnished,Yes,Yes,6.18,Off-White,1486000.0
EG-13679,Cairo,Al-Haram,158.0,3.0,3.0,2.0,2028,Broker,Street,Installments,Unfinished,Furnished,No,Yes,7.08,Grey,4685000.0
EG-13680,Cairo,Maadi,210.0,3.0,2.0,2.0,2025,Broker,Lake,Cash,Unfinished,Unfurnished,No,No,12.7,Brown,6717000.0
EG-13681,Cairo,New Cairo,175.0,3.0,2.0,0.0,2009,Broker,Garden,Cash,Finished,Furnished,Yes,Yes,9.18,White,8076000.0
EG-13682,Cairo,New Cairo,215.0,3.0,3.0,3.0,2026,Broker,Garden,Installments,Finished,Furnished,Yes,Yes,9.18,Off-White,14067000.0
EG-13683,Cairo,6th of October,185.0,3.0,3.0,2.0,2025,Broker,Street,Cash,Unfinished,Unfurnished,No,No,4.52,Beige,4036000.0
EG-13684,Cairo,Ain Shams,133.0,3.0,3.0,2.0,2027,Broker,Other,Installments,Unfinished,Furnished,No,Yes,12.53,Beige,2681000.0
EG-13685,Cairo,Heliopolis,230.0,3.0,2.0,3.0,2025,Broker,Garden,Cash,Unfinished,Furnished,No,Yes,2.57,White,7276000.0
EG-13686,Cairo,Heliopolis,200.0,3.0,3.0,1.0,2026,Broker,Street,Installments,Unfinished,Furnished,No,Yes,0.89,Off-White,5739000.0
EG-13687,Cairo,Madinaty,195.0,3.0,3.0,1.0,2025,Broker,Garden,Cash,Finished,Unfurnished,Yes,Yes,2.95,White,8480000.0
EG-13688,Cairo,Maadi,158.0,3.0,,2.0,2028,Broker,Pool,Installments,Unfinished,Unfurnished,Yes,Yes,4.09,Brown,4821000.0
EG-13689,Cairo,Madinaty,175.0,3.0,2.0,0.0,2009,Broker,Pool,Cash,Finished,Unfurnished,No,No,4.31,Off-White,7169000.0
EG-13690,Cairo,Al-Haram,200.0,3.0,3.0,1.0,2026,Broker,Street,Installments,Unfinished,Unfurnished,Yes,No,10.09,Grey,5408000.0
EG-13691,Cairo,Ain Shams,123.0,3.0,3.0,4.0,2028,Broker,Street,Installments,Unfinished,Unfurnished,Yes,No,3.35,Grey,2550000.0
EG-13692,Cairo,6th of October,140.0,3.0,3.0,1.0,2018,Broker,Other,Cash,Finished,Furnished,Yes,No,10.18,White,3970000.0
EG-13693,Cairo,Shubra,150.0,3.0,3.0,1.0,2025,Broker,Other,Installments,Unfinished,Furnished,No,No,1.46,Grey,1064000.0
EG-13694,Cairo,Madinaty,115.0,2.0,2.0,4.0,2019,Broker,Pool,Cash,Finished,Unfurnished,Yes,Yes,2.29,White,8154000.0
EG-13695,Cairo,Ain Shams,184.0,3.0,2.0,7.0,2007,Broker,Street,Installments,Finished,Unfurnished,Yes,No,7.68,Brown,2869000.0
EG-13696,Cairo,Nasr City,,,1.0,3.0,2028,Broker,Street,Installments,Finished,Unfurnished,No,Yes,13.84,Brown,4369000.0
EG-13697,Cairo,Ain Shams,130.0,2.0,2.0,0.0,2024,Broker,Street,Cash,Finished,Furnished,No,Yes,12.91,White,3909000.0
EG-13698,Cairo,Madinaty,197.0,4.0,3.0,1.0,2025,Broker,Pool,Cash,Finished,Furnished,No,No,14.53,Brown,7608000.0
EG-13699,Cairo,Sheikh Zayed,276.0,4.0,,1.0,2025,Broker,Street,Cash,Finished,Furnished,No,No,9.79,Grey,7690000.0
EG-13700,Cairo,Ain Shams,130.0,3.0,1.0,5.0,2001,Broker,Street,Cash,Finished,Unfurnished,Yes,Yes,10.17,Brown,2359000.0
EG-13701,Cairo,Maadi,150.0,3.0,2.0,3.0,2025,Broker,Lake,Installments,Finished,Furnished,Yes,Yes,9.41,Grey,18811000.0
EG-13702,Cairo,Nasr City,182.0,3.0,2.0,7.0,2007,Broker,Street,Installments,Finished,Unfurnished,No,Yes,9.38,Grey,2879000.0
EG-13703,Cairo,New Cairo,123.0,2.0,2.0,2.0,2028,Broker,Pool,Installments,Finished,Furnished,Yes,No,2.29,Beige,14778000.0
EG-13704,Cairo,Sheikh Zayed,150.0,3.0,2.0,3.0,2025,Broker,Garden,Installments,Finished,Unfurnished,No,No,8.2,Brown,16542000.0
EG-13705,Cairo,Shubra,123.0,3.0,3.0,2.0,2027,Broker,Street,Installments,Unfinished,Furnished,Yes,No,5.85,Brown,2706000.0
EG-13706,Cairo,6th of October,170.0,3.0,2.0,1.0,2006,Broker,Street,Cash,Finished,Furnished,Yes,No,6.69,White,4965000.0
EG-13707,Cairo,Nasr City,190.0,3.0,2.0,13.0,2013,Broker,Other,Cash,Finished,Furnished,No,Yes,7.9,White,3873000.0
EG-13708,Cairo,Nasr City,,,2.0,3.0,2025,Broker,Street,Cash,Finished,Furnished,No,Yes,2.01,Off-White,3494000.0
EG-13709,Cairo,Sheikh Zayed,175.0,3.0,2.0,4.0,2025,Broker,Pool,Cash,Unfinished,Furnished,No,No,5.46,Grey,7415000.0
EG-13710,Cairo,Sheikh Zayed,156.0,2.0,,2.0,2027,Broker,Garden,Installments,Finished,Unfurnished,No,Yes,1.05,Beige,8234000.0
EG-13711,Cairo,Heliopolis,160.0,,2.0,2.0,2025,Broker,Pool,Installments,Finished,Furnished,No,Yes,14.7,Grey,18948000.0
EG-13712,Cairo,Maadi,170.0,3.0,1.0,3.0,1993,Broker,Pool,Cash,Finished,Furnished,No,No,1.87,Brown,6521000.0
EG-13713,Cairo,Ain Shams,158.0,2.0,2.0,2.0,2025,Broker,Street,Cash,Finished,Unfurnished,No,No,3.95,Off-White,3598000.0
EG-13714,Cairo,Nasr City,119.0,3.0,3.0,0.0,2027,Broker,Street,Installments,Unfinished,Unfurnished,Yes,Yes,13.38,Grey,2750000.0
EG-13715,Cairo,Heliopolis,120.0,2.0,1.0,1.0,2017,Broker,Street,Cash,Finished,Furnished,No,No,7.29,Off-White,4922000.0
EG-13716,Cairo,6th of October,134.0,3.0,2.0,2.0,2025,Broker,Street,Cash,Finished,Unfurnished,Yes,Yes,2.12,Grey,3431000.0
EG-13717,Cairo,Maadi,174.0,3.0,3.0,2.0,2025,Broker,Lake,Cash,Finished,Unfurnished,No,Yes,5.83,Brown,4368000.0
EG-13718,Cairo,Maadi,160.0,3.0,2.0,2.0,2025,Broker,Street,Installments,Finished,Furnished,No,Yes,1.83,Brown,17875000.0
EG-13719,Cairo,Madinaty,327.0,5.0,4.0,5.0,2024,Broker,Street,Cash,Unfinished,Unfurnished,Yes,No,3.08,Grey,8039000.0
EG-13720,Cairo,Al-Haram,220.0,3.0,3.0,8.0,2008,Broker,Street,Cash,Finished,Furnished,Yes,Yes,0.88,Beige,7075000.0
EG-13721,Cairo,Sheikh Zayed,150.0,3.0,2.0,4.0,2025,Broker,Garden,Installments,Unfinished,Furnished,Yes,No,6.63,Brown,14701000.0
EG-13722,Cairo,Al-Haram,140.0,3.0,2.0,8.0,1996,Broker,Street,Cash,Finished,Unfurnished,Yes,Yes,12.12,White,5026000.0
EG-13723,Cairo,Nasr City,,3.0,2.0,5.0,2025,Broker,Street,Installments,Finished,Furnished,Yes,Yes,8.83,Beige,3741000.0
EG-13724,Cairo,Maadi,121.0,2.0,2.0,3.0,2024,Broker,Street,Installments,Finished,Furnished,No,Yes,9.13,Grey,15998000.0
EG-13725,Cairo,6th of October,120.0,2.0,2.0,2.0,2028,Broker,Other,Installments,Unfinished,Unfurnished,Yes,Yes,3.09,Beige,5532000.0
EG-13726,Cairo,Maadi,183.0,,3.0,2.0,2023,Broker,Street,Cash,Unfinished,Unfurnished,Yes,Yes,5.22,White,8568000.0
EG-13727,Cairo,Heliopolis,120.0,3.0,2.0,4.0,2017,Broker,Garden,Cash,Finished,Unfurnished,No,Yes,12.69,Brown,4537000.0
EG-13728,Cairo,New Cairo,158.0,2.0,3.0,4.0,2024,Broker,Pool,Installments,Finished,Unfurnished,Yes,No,1.41,Brown,8234000.0
EG-13729,Cairo,Shubra,140.0,2.0,2.0,10.0,1996,Broker,Street,Cash,Finished,Unfurnished,No,No,12.88,Brown,3285000.0
EG-13730,Cairo,Sheikh Zayed,240.0,3.0,3.0,2.0,2025,Broker,Garden,Cash,Finished,Unfurnished,Yes,Yes,7.31,White,7610000.0
EG-13731,Cairo,New Cairo,170.0,3.0,3.0,1.0,2025,Broker,Pool,Installments,Finished,Furnished,No,Yes,12.57,Beige,15837000.0
EG-13732,Cairo,Nasr City,140.0,3.0,2.0,8.0,1996,Broker,Street,Cash,Finished,Unfurnished,Yes,Yes,4.84,Grey,5026000.0
EG-13733,Cairo,Maadi,155.0,3.0,3.0,3.0,2025,Broker,Garden,Installments,Unfinished,Furnished,No,Yes,5.15,Grey,7296000.0
EG-13734,Cairo,Heliopolis,185.0,3.0,3.0,,2025,Broker,Pool,Installments,Unfinished,Furnished,No,No,11.3,Beige,4428000.0
EG-13735,Cairo,Shubra,134.0,3.0,2.0,1.0,2025,Broker,Other,Cash,Finished,Unfurnished,No,Yes,11.8,Brown,3107000.0
EG-13736,Cairo,Maadi,120.0,2.0,2.0,2.0,2028,Broker,Street,Installments,Unfinished,Unfurnished,Yes,No,3.52,Grey,5858000.0
EG-13737,Cairo,Al-Haram,170.0,3.0,3.0,3.0,2011,Broker,Other,Cash,Finished,Furnished,Yes,No,14.6,Brown,5809000.0
EG-13738,Cairo,Maadi,103.0,2.0,2.0,2.0,2028,Broker,Garden,Installments,Unfinished,Furnished,No,Yes,1.36,Off-White,6793000.0
EG-13739,Cairo,Heliopolis,301.0,3.0,2.0,,1979,Broker,Garden,Cash,Finished,Unfurnished,Yes,No,1.12,Off-White,8864000.0
EG-13740,Cairo,Maadi,160.0,2.0,3.0,1.0,2000,Broker,Garden,Cash,Finished,Unfurnished,Yes,Yes,8.97,Grey,4892000.0
EG-13741,Cairo,Ain Shams,108.0,3.0,2.0,4.0,2001,Broker,Street,Cash,Finished,Unfurnished,Yes,Yes,10.87,Beige,2051000.0
EG-13742,Cairo,Nasr City,,3.0,3.0,2.0,2028,Broker,Street,Installments,Unfinished,Unfurnished,Yes,No,14.42,Beige,5532000.0
EG-13743,Cairo,Madinaty,129.0,2.0,2.0,2.0,2029,Broker,Pool,Installments,Finished,Unfurnished,Yes,No,6.13,Beige,13216000.0
EG-13744,Cairo,Sheikh Zayed,270.0,4.0,3.0,1.0,2024,Broker,Garden,Cash,Finished,Unfurnished,Yes,Yes,0.48,Brown,17395000.0
EG-13745,Cairo,Heliopolis,215.0,4.0,3.0,,2021,Broker,Garden,Cash,Finished,Unfurnished,Yes,No,9.08,Off-White,22159000.0
EG-13746,Cairo,Maadi,230.0,3.0,3.0,6.0,1990,Broker,Lake,Cash,Finished,Unfurnished,Yes,No,4.42,Brown,9054000.0
EG-13747,Cairo,Madinaty,160.0,3.0,3.0,5.0,2025,Broker,Pool,Installments,Unfinished,Unfurnished,Yes,No,6.55,White,12528000.0
EG-13748,Cairo,New Cairo,131.0,2.0,2.0,2.0,2027,Broker,Pool,Installments,Unfinished,Unfurnished,No,Yes,7.38,White,9129000.0
EG-13749,Cairo,Al-Haram,126.0,2.0,2.0,1.0,2025,Broker,Street,Cash,Finished,Unfurnished,No,No,1.06,Grey,4502000.0
EG-13750,Cairo,Sheikh Zayed,165.0,3.0,3.0,3.0,2027,Broker,Garden,Installments,Unfinished,Furnished,Yes,No,7.34,White,10407000.0
EG-13751,Cairo,New Cairo,195.0,4.0,3.0,10.0,2019,Broker,Garden,Cash,Finished,Unfurnished,No,Yes,6.45,Beige,8283000.0
EG-13752,Cairo,Sheikh Zayed,210.0,3.0,2.0,4.0,2018,Broker,Pool,Cash,Finished,Unfurnished,No,Yes,10.72,Grey,11080000.0
EG-13753,Cairo,Heliopolis,107.0,2.0,2.0,2.0,2028,Broker,Pool,Installments,Unfinished,Unfurnished,No,Yes,9.72,Off-White,3988000.0
EG-13754,Cairo,Nasr City,205.0,5.0,4.0,3.0,2001,Broker,Street,Cash,Unfinished,Furnished,No,Yes,2.86,Off-White,4707000.0
EG-13755,Cairo,Ain Shams,157.0,3.0,2.0,3.0,2025,Broker,Street,Installments,Finished,Furnished,Yes,Yes,3.17,White,4045000.0
EG-13756,Cairo,Heliopolis,276.0,10.0,,4.0,2025,Broker,Garden,Cash,Finished,Unfurnished,No,No,3.84,White,7681000.0
EG-13757,Cairo,New Cairo,110.0,2.0,2.0,5.0,2029,Broker,Pool,Installments,Finished,Unfurnished,No,No,2.77,Off-White,14984000.0
EG-13758,Cairo,Maadi,213.0,3.0,3.0,8.0,2000,Broker,Street,Cash,Finished,Unfurnished,Yes,Yes,9.89,White,6923000.0
EG-13759,Cairo,Heliopolis,182.0,3.0,2.0,2.0,2026,Broker,Pool,Installments,Unfinished,Furnished,No,No,14.92,White,11107000.0
EG-13760,Cairo,Al-Haram,100.0,2.0,2.0,1.0,2007,Broker,Street,Cash,Finished,Unfurnished,Yes,No,9.82,Brown,2090000.0
EG-13761,Cairo,6th of October,131.0,2.0,2.0,2.0,2028,Broker,Street,Installments,Unfinished,Furnished,Yes,Yes,9.14,Off-White,6449000.0
EG-13762,Cairo,Sheikh Zayed,185.0,3.0,3.0,1.0,2029,Broker,Pool,Installments,Finished,Unfurnished,Yes,Yes,6.21,Off-White,22857000.0
EG-13763,Cairo,New Cairo,185.0,3.0,2.0,6.0,2020,Broker,Pool,Cash,Unfinished,Unfurnished,No,Yes,4.76,White,7836000.0
EG-13764,Cairo,6th of October,78.0,2.0,1.0,2.0,2025,Broker,Street,Installments,Finished,Unfurnished,No,Yes,13.67,Beige,4855000.0
EG-13765,Cairo,Heliopolis,101.0,2.0,2.0,2.0,2028,Broker,Pool,Installments,Unfinished,Unfurnished,Yes,Yes,14.54,Brown,5366000.0
EG-13766,Cairo,Al-Haram,130.0,2.0,2.0,1.0,2020,Broker,Street,Cash,Finished,Furnished,Yes,Yes,7.5,Beige,6531000.0
EG-13767,Cairo,Heliopolis,175.0,3.0,3.0,3.0,2025,Broker,Street,Cash,Finished,Unfurnished,Yes,No,4.42,White,5525000.0
EG-13768,Cairo,Madinaty,164.0,,3.0,4.0,2025,Broker,Pool,Installments,Unfinished,Unfurnished,Yes,Yes,11.57,Off-White,14528000.0
EG-13769,Cairo,Nasr City,170.0,3.0,1.0,6.0,2008,Broker,Street,Cash,Finished,Furnished,No,Yes,2.07,Beige,3486000.0
EG-13770,Cairo,Madinaty,176.0,3.0,1.0,13.0,2027,Broker,Pool,Installments,Finished,Unfurnished,No,No,11.51,Grey,9670000.0
EG-13771,Cairo,New Cairo,200.0,3.0,3.0,2.0,2022,Broker,Garden,Installments,Unfinished,Unfurnished,No,No,12.3,Beige,13028000.0
EG-13772,Cairo,Maadi,225.0,3.0,3.0,0.0,2025,Broker,Lake,Cash,Finished,Furnished,No,No,1.96,Off-White,6583000.0
EG-13773,Cairo,Al-Haram,,2.0,2.0,1.0,2025,Broker,Street,Installments,Unfinished,Unfurnished,No,Yes,14.66,White,3808000.0
EG-13774,Cairo,Sheikh Zayed,185.0,3.0,3.0,1.0,2029,Broker,Pool,Installments,Finished,Furnished,Yes,No,14.78,Beige,23543000.0
EG-13775,Cairo,Sheikh Zayed,185.0,3.0,2.0,6.0,2020,Broker,Street,Cash,Unfinished,Unfurnished,Yes,Yes,14.06,White,7616000.0
EG-13776,Cairo,Al-Haram,170.0,3.0,3.0,2.0,2028,Broker,Street,Installments,Unfinished,Unfurnished,Yes,No,7.49,Brown,2929000.0
EG-13777,Cairo,Nasr City,170.0,3.0,3.0,2.0,2026,Broker,Street,Cash,Unfinished,Furnished,Yes,Yes,3.77,Grey,4546000.0
EG-13778,Cairo,Al-Haram,121.0,3.0,2.0,5.0,2025,Broker,Street,Cash,Finished,Unfurnished,No,Yes,8.77,Off-White,2978000.0
EG-13779,Cairo,Al-Haram,140.0,3.0,2.0,2.0,2025,Broker,Street,Installments,Unfinished,Unfurnished,Yes,No,6.36,Off-White,1514000.0
EG-13780,Cairo,Heliopolis,95.0,2.0,2.0,3.0,2026,Broker,Garden,Installments,Unfinished,Unfurnished,No,Yes,3.17,White,4467000.0
EG-13781,Cairo,Sheikh Zayed,160.0,3.0,3.0,3.0,2029,Broker,Pool,Installments,Finished,Furnished,No,Yes,6.41,Grey,20380000.0
EG-13782,Cairo,Heliopolis,110.0,2.0,3.0,2.0,2030,Broker,Street,Installments,Finished,Unfurnished,No,Yes,9.99,Off-White,12590000.0
EG-13783,Cairo,6th of October,140.0,3.0,3.0,5.0,2022,Broker,Street,Cash,Finished,Unfurnished,Yes,Yes,1.16,Beige,5333000.0
EG-13784,Cairo,Al-Haram,85.0,2.0,1.0,4.0,2020,Broker,Street,Cash,Unfinished,Furnished,Yes,Yes,5.07,Off-White,1313000.0
EG-13785,Cairo,6th of October,123.0,2.0,2.0,2.0,2028,Broker,Other,Installments,Unfinished,Furnished,No,No,0.37,Beige,5328000.0
EG-13786,Cairo,Nasr City,103.0,2.0,1.0,2.0,2029,Broker,Street,Installments,Unfinished,Unfurnished,No,Yes,11.27,Off-White,3175000.0
EG-13787,Cairo,Maadi,116.0,2.0,2.0,1.0,2028,Broker,Street,Installments,Unfinished,Unfurnished,No,Yes,9.65,Beige,9013000.0
EG-13788,Cairo,Maadi,148.0,3.0,2.0,2.0,2027,Broker,Garden,Installments,Unfinished,Unfurnished,No,No,1.03,Brown,7053000.0
EG-13789,Cairo,Sheikh Zayed,166.0,3.0,3.0,6.0,2029,Broker,Pool,Installments,Unfinished,Unfurnished,Yes,No,14.47,White,14150000.0
EG-13790,Cairo,Al-Haram,140.0,3.0,2.0,2.0,2025,Broker,Street,Installments,Unfinished,Furnished,Yes,No,0.44,Brown,1607000.0
EG-13791,Cairo,Heliopolis,141.0,2.0,2.0,1.0,2029,Broker,Pool,Installments,Finished,Unfurnished,No,Yes,8.89,Beige,14313000.0
EG-13792,Cairo,Maadi,179.0,3.0,3.0,1.0,2025,Broker,Street,Cash,Unfinished,Unfurnished,Yes,Yes,11.67,White,5249000.0
EG-13793,Cairo,Shubra,134.0,3.0,2.0,2.0,2025,Broker,Street,Installments,Finished,Unfurnished,No,Yes,11.84,Grey,3187000.0
EG-13794,Cairo,Heliopolis,137.0,3.0,2.0,3.0,2023,Broker,Pool,Cash,Finished,Furnished,Yes,No,0.61,Beige,6383000.0
EG-13795,Cairo,Al-Haram,145.0,3.0,2.0,2.0,2025,Broker,Street,Cash,Finished,Unfurnished,Yes,Yes,13.61,Off-White,3519000.0
EG-13796,Cairo,Sheikh Zayed,114.0,2.0,2.0,1.0,2025,Broker,Street,Installments,Unfinished,Unfurnished,Yes,No,13.78,Off-White,6940000.0
EG-13797,Cairo,6th of October,129.0,3.0,2.0,2.0,2029,Broker,Street,Installments,Unfinished,Unfurnished,No,No,8.46,Grey,3538000.0
EG-13798,Cairo,Heliopolis,215.0,3.0,3.0,0.0,2025,Broker,Street,Cash,Unfinished,Unfurnished,No,Yes,7.28,Brown,6745000.0
EG-13799,Cairo,6th of October,169.0,3.0,3.0,3.0,2025,Broker,Street,Cash,Unfinished,Furnished,No,Yes,0.77,Beige,5148000.0
EG-13800,Cairo,Sheikh Zayed,177.0,4.0,4.0,2.0,2028,Broker,Garden,Installments,Unfinished,Unfurnished,Yes,Yes,8.47,Off-White,10581000.0
EG-13801,Cairo,New Cairo,131.0,2.0,2.0,1.0,2025,Broker,Garden,Installments,Unfinished,Unfurnished,Yes,Yes,6.2,White,8760000.0
EG-13802,Cairo,Sheikh Zayed,150.0,3.0,,4.0,2025,Broker,Garden,Installments,Unfinished,Unfurnished,No,No,11.61,Grey,6537000.0
EG-13803,Cairo,New Cairo,195.0,3.0,3.0,3.0,2025,Broker,Garden,Installments,Unfinished,Furnished,Yes,Yes,6.12,Brown,9479000.0
EG-13804,Cairo,6th of October,135.0,3.0,3.0,3.0,2025,Broker,Street,Installments,Unfinished,Unfurnished,Yes,Yes,10.29,Brown,6221000.0
EG-13805,Cairo,Maadi,179.0,3.0,3.0,4.0,2025,Broker,Lake,Installments,Unfinished,Furnished,Yes,Yes,1.61,White,8810000.0
EG-13806,Cairo,Heliopolis,220.0,3.0,,6.0,2020,Broker,Pool,Cash,Finished,Unfurnished,Yes,Yes,2.08,White,10328000.0
EG-13807,Cairo,Heliopolis,197.0,3.0,3.0,5.0,2025,Broker,Garden,Installments,Unfinished,Furnished,Yes,Yes,2.18,Grey,9573000.0
EG-13808,Cairo,New Cairo,,2.0,1.0,1.0,2028,Broker,Pool,Installments,Finished,Unfurnished,No,Yes,0.78,White,8542000.0
EG-13809,Cairo,Al-Haram,128.0,2.0,2.0,3.0,2025,Broker,Street,Installments,Unfinished,Unfurnished,No,Yes,8.17,Off-White,5116000.0
EG-13810,Cairo,Madinaty,212.0,3.0,3.0,4.0,2025,Broker,Pool,Installments,Unfinished,Furnished,Yes,No,11.93,Brown,14194000.0
EG-13811,Cairo,Nasr City,156.0,3.0,2.0,2.0,2025,Broker,Other,Cash,Finished,Furnished,Yes,No,9.2,White,6197000.0
EG-13812,Cairo,Heliopolis,55.0,1.0,1.0,4.0,2025,Broker,Garden,Installments,Unfinished,Unfurnished,No,No,8.67,Beige,3626000.0
EG-13813,Cairo,Sheikh Zayed,179.0,3.0,3.0,2.0,2025,Broker,Garden,Installments,Unfinished,Unfurnished,Yes,No,10.24,White,7982000.0
EG-13814,Cairo,Ain Shams,180.0,3.0,2.0,5.0,2003,Developer,Street,Installments,Finished,Unfurnished,No,Yes,5.16,Brown,2427000.0
EG-13815,Cairo,Al-Haram,169.0,3.0,3.0,3.0,2025,Broker,Street,Cash,Unfinished,Furnished,Yes,No,5.49,Off-White,5148000.0
EG-13816,Cairo,Nasr City,160.0,3.0,3.0,2.0,2027,Broker,Street,Installments,Unfinished,Unfurnished,Yes,Yes,4.78,White,4346000.0
EG-13817,Cairo,New Cairo,164.0,3.0,3.0,2.0,2025,Broker,Pool,Installments,Unfinished,Furnished,No,Yes,10.71,Off-White,11355000.0
EG-13818,Cairo,New Cairo,131.0,2.0,2.0,1.0,2025,Broker,Pool,Installments,Unfinished,Unfurnished,No,Yes,2.51,Beige,8503000.0
EG-13819,Cairo,Heliopolis,182.0,3.0,3.0,2.0,2025,Broker,Garden,Installments,Unfinished,Unfurnished,Yes,Yes,0.29,Brown,12304000.0
EG-13820,Cairo,Nasr City,111.0,2.0,2.0,2.0,2029,Broker,Other,Installments,Finished,Unfurnished,Yes,No,8.98,Grey,4919000.0
EG-13821,Cairo,Maadi,182.0,3.0,3.0,2.0,2025,Broker,Pool,Cash,Unfinished,Furnished,Yes,Yes,14.14,Brown,6158000.0
EG-13822,Cairo,6th of October,,3.0,3.0,2.0,2025,Broker,Street,Cash,Unfinished,Unfurnished,Yes,Yes,9.18,Grey,5903000.0
EG-13823,Cairo,Shubra,120.0,3.0,2.0,10.0,2012,Broker,Street,Cash,Unfinished,Furnished,Yes,Yes,11.77,Grey,2021000.0
EG-13824,Cairo,Maadi,150.0,3.0,3.0,3.0,2025,Broker,Street,Installments,Unfinished,Unfurnished,No,No,10.12,Brown,6167000.0
EG-13825,Cairo,Maadi,135.0,3.0,3.0,1.0,2025,Broker,Pool,Installments,Unfinished,Unfurnished,Yes,Yes,7.51,Grey,6674000.0
EG-13826,Cairo,Heliopolis,365.0,3.0,4.0,10.0,2010,Broker,Garden,Cash,Finished,Furnished,Yes,Yes,10.8,Off-White,10961000.0
EG-13827,Cairo,Al-Haram,150.0,3.0,2.0,2.0,2021,Broker,Street,Cash,Finished,Furnished,No,No,12.38,Beige,5639000.0
EG-13828,Cairo,Nasr City,130.0,3.0,1.0,3.0,2015,Broker,Other,Cash,Finished,Furnished,Yes,Yes,3.45,White,3043000.0
EG-13829,Cairo,Heliopolis,125.0,2.0,2.0,1.0,2029,Broker,Pool,Installments,Unfinished,Furnished,No,No,5.11,Grey,8659000.0
EG-13830,Cairo,New Cairo,148.0,3.0,3.0,2.0,2026,Broker,Garden,Installments,Unfinished,Unfurnished,No,No,3.43,Grey,7053000.0
EG-13831,Cairo,Maadi,132.0,3.0,3.0,5.0,2025,Broker,Garden,Installments,Unfinished,Furnished,Yes,Yes,6.84,Brown,12671000.0
EG-13832,Cairo,Ain Shams,120.0,2.0,1.0,1.0,2026,Broker,Other,Installments,Unfinished,Unfurnished,No,No,13.29,Off-White,2084000.0
EG-13833,Cairo,Heliopolis,205.0,3.0,2.0,,2023,Broker,Street,Cash,Unfinished,Furnished,Yes,No,5.24,White,7845000.0
EG-13834,Cairo,New Cairo,199.0,3.0,3.0,2.0,2025,Broker,Pool,Installments,Unfinished,Unfurnished,No,Yes,5.68,Grey,19394000.0
EG-13835,Cairo,Heliopolis,150.0,3.0,3.0,2.0,2025,Broker,Pool,Installments,Unfinished,Furnished,No,Yes,12.92,Off-White,6874000.0
EG-13836,Cairo,New Cairo,225.0,3.0,3.0,3.0,2022,Broker,Garden,Cash,Finished,Furnished,No,No,7.78,White,8152000.0
EG-13837,Cairo,Al-Haram,110.0,,1.0,4.0,2010,Broker,Other,Cash,Finished,Unfurnished,Yes,Yes,8.08,Brown,2444000.0
EG-13838,Cairo,Maadi,175.0,3.0,3.0,1.0,2026,Broker,Lake,Installments,Unfinished,Unfurnished,Yes,Yes,12.93,Grey,5465000.0
EG-13839,Cairo,Shubra,132.0,3.0,2.0,2.0,2029,Broker,Other,Installments,Unfinished,Unfurnished,Yes,No,7.41,Brown,2984000.0
EG-13840,Cairo,Ain Shams,180.0,3.0,2.0,4.0,2000,Broker,Street,Cash,Finished,Unfurnished,No,Yes,10.26,Brown,3783000.0
EG-13841,Cairo,Sheikh Zayed,150.0,3.0,3.0,3.0,2025,Broker,Street,Installments,Unfinished,Unfurnished,No,No,1.38,Grey,6167000.0
EG-13842,Cairo,Sheikh Zayed,174.0,3.0,3.0,1.0,2027,Broker,Garden,Installments,Unfinished,Unfurnished,Yes,Yes,2.76,Off-White,11123000.0
EG-13843,Cairo,Heliopolis,150.0,3.0,2.0,2.0,2021,Broker,Pool,Cash,Finished,Furnished,Yes,No,6.13,Off-White,6159000.0
EG-13844,Cairo,New Cairo,112.0,3.0,2.0,2.0,2024,Broker,Garden,Cash,Finished,Furnished,No,Yes,7.47,Brown,7839000.0
EG-13845,Cairo,6th of October,121.0,2.0,2.0,2.0,2029,Broker,Street,Installments,Unfinished,Unfurnished,Yes,Yes,14.49,Brown,5618000.0
EG-13846,Cairo,Madinaty,195.0,3.0,3.0,3.0,2025,Broker,Street,Installments,Unfinished,Unfurnished,Yes,Yes,14.56,Beige,8427000.0
EG-13847,Cairo,Ain Shams,106.0,2.0,2.0,2.0,2029,Broker,Street,Installments,Unfinished,Unfurnished,Yes,Yes,12.78,White,2693000.0
EG-13848,Cairo,New Cairo,270.0,3.0,3.0,6.0,2000,Broker,Pool,Cash,Finished,Furnished,Yes,Yes,4.8,Brown,9345000.0
EG-13849,Cairo,Ain Shams,112.0,2.0,2.0,2.0,2025,Broker,Street,Cash,Unfinished,Unfurnished,No,Yes,14.46,Brown,3396000.0
EG-13850,Cairo,Nasr City,180.0,3.0,3.0,2.0,2025,Broker,Other,Cash,Unfinished,Unfurnished,No,No,10.37,White,5343000.0
EG-13851,Cairo,Heliopolis,190.0,3.0,3.0,8.0,2020,Broker,Pool,Cash,Finished,Unfurnished,Yes,Yes,5.95,Grey,9241000.0
EG-13852,Cairo,Maadi,132.0,3.0,3.0,0.0,2026,Broker,Street,Installments,Finished,Furnished,No,Yes,10.55,Off-White,5513000.0
EG-13853,Cairo,6th of October,150.0,3.0,2.0,6.0,2010,Broker,Other,Cash,Finished,Unfurnished,Yes,Yes,0.35,Grey,1974000.0
EG-13854,Cairo,Maadi,160.0,3.0,3.0,2.0,2025,Broker,Street,Cash,Unfinished,Unfurnished,No,No,2.28,White,4664000.0
EG-13855,Cairo,New Cairo,212.0,4.0,3.0,13.0,2027,Broker,Garden,Installments,Finished,Unfurnished,Yes,No,12.46,White,13092000.0
EG-13856,Cairo,Ain Shams,70.0,2.0,1.0,1.0,2005,Broker,Street,Cash,Finished,Unfurnished,No,No,9.72,Beige,3188000.0
EG-13857,Cairo,Ain Shams,125.0,2.0,3.0,2.0,2025,Broker,Street,Installments,Unfinished,Unfurnished,Yes,Yes,5.53,Beige,3389000.0
EG-13858,Cairo,New Cairo,169.0,3.0,1.0,1.0,2027,Broker,Street,Installments,Finished,Furnished,Yes,Yes,7.56,Off-White,9330000.0
EG-13859,Cairo,Heliopolis,168.0,3.0,1.0,13.0,2027,Broker,Street,Installments,Finished,Unfurnished,No,Yes,13.59,Brown,6311000.0
EG-13860,Cairo,Maadi,149.0,3.0,3.0,3.0,2025,Broker,Lake,Installments,Finished,Unfurnished,Yes,No,9.51,White,9754000.0
EG-13861,Cairo,Sheikh Zayed,,2.0,2.0,1.0,2025,Broker,Garden,Installments,Finished,Furnished,No,Yes,6.03,Beige,11578000.0
EG-13862,Cairo,Al-Haram,220.0,3.0,3.0,0.0,2025,Broker,Street,Installments,Finished,Furnished,Yes,No,1.89,Grey,6182000.0
EG-13863,Cairo,Heliopolis,135.0,3.0,2.0,0.0,2025,Broker,Garden,Cash,Finished,Unfurnished,Yes,Yes,4.48,Beige,8263000.0
EG-13864,Cairo,Sheikh Zayed,110.0,2.0,3.0,2.0,2030,Broker,Pool,Installments,Finished,Unfurnished,No,Yes,14.68,Grey,13346000.0
EG-13865,Cairo,Sheikh Zayed,116.0,2.0,2.0,2.0,2028,Broker,Street,Installments,Finished,Unfurnished,No,Yes,6.62,Beige,6829000.0
EG-13866,Cairo,Sheikh Zayed,173.0,3.0,3.0,1.0,2025,Broker,Garden,Installments,Unfinished,Furnished,Yes,Yes,7.13,Grey,18802000.0
EG-13867,Cairo,Heliopolis,168.0,3.0,3.0,1.0,2027,Broker,Pool,Installments,Finished,Unfurnished,Yes,Yes,7.53,Beige,16516000.0
EG-13868,Cairo,Heliopolis,150.0,3.0,2.0,9.0,1984,Broker,Street,Cash,Finished,Unfurnished,No,Yes,13.27,Beige,7267000.0
EG-13869,Cairo,Heliopolis,76.0,1.0,1.0,2.0,2025,Broker,Street,Installments,Unfinished,Unfurnished,Yes,Yes,9.1,Off-White,3772000.0
EG-13870,Cairo,Heliopolis,121.0,3.0,2.0,3.0,2025,Broker,Pool,Installments,Finished,Unfurnished,Yes,No,10.44,Brown,4114000.0
EG-13871,Cairo,Nasr City,121.0,3.0,2.0,3.0,2025,Broker,Other,Installments,Finished,Unfurnished,No,Yes,5.9,White,2612000.0
EG-13872,Cairo,Heliopolis,150.0,3.0,2.0,2.0,1985,Broker,Pool,Cash,Finished,Furnished,No,Yes,0.53,Brown,4703000.0
EG-13873,Cairo,New Cairo,130.0,2.0,2.0,2.0,2020,Broker,Garden,Cash,Finished,Unfurnished,No,Yes,13.97,Off-White,7914000.0
EG-13874,Cairo,Al-Haram,125.0,2.0,,0.0,2025,Broker,Street,Cash,Finished,Unfurnished,No,Yes,14.24,Grey,6471000.0
EG-13875,Cairo,Nasr City,160.0,3.0,3.0,1.0,2027,Broker,Street,Installments,Unfinished,Furnished,Yes,Yes,14.24,Brown,6322000.0
EG-13876,Cairo,Sheikh Zayed,150.0,3.0,3.0,1.0,2027,Broker,Garden,Installments,Unfinished,Unfurnished,Yes,Yes,14.16,White,10827000.0
EG-13877,Cairo,Sheikh Zayed,207.0,4.0,4.0,2.0,2029,Broker,Street,Installments,Unfinished,Furnished,Yes,Yes,12.25,White,19084000.0
EG-13878,Cairo,Maadi,130.0,2.0,2.0,2.0,2028,Broker,Street,Installments,Unfinished,Unfurnished,Yes,Yes,10.3,Grey,5631000.0
EG-13879,Cairo,Al-Haram,117.0,2.0,2.0,5.0,2027,Broker,Street,Installments,Unfinished,Unfurnished,Yes,No,12.68,White,5314000.0
EG-13880,Cairo,Maadi,150.0,3.0,2.0,2.0,1985,Broker,Garden,Cash,Finished,Unfurnished,No,Yes,9.05,Off-White,4432000.0
EG-13881,Cairo,6th of October,145.0,3.0,2.0,1.0,2026,Broker,Street,Installments,Unfinished,Unfurnished,No,Yes,2.1,Brown,4015000.0
EG-13882,Cairo,Maadi,160.0,3.0,3.0,1.0,2027,Broker,Street,Installments,Unfinished,Unfurnished,No,Yes,5.93,White,5782000.0
EG-13883,Cairo,New Cairo,108.0,2.0,2.0,2.0,2025,Broker,Street,Installments,Finished,Unfurnished,No,Yes,14.57,Brown,7962000.0
EG-13884,Cairo,Al-Haram,200.0,3.0,2.0,11.0,1996,Broker,Street,Cash,Finished,Unfurnished,Yes,Yes,5.33,Beige,4410000.0
EG-13885,Cairo,New Cairo,240.0,3.0,3.0,1.0,2023,Broker,Garden,Cash,Unfinished,Unfurnished,No,Yes,13.03,Brown,7150000.0
EG-13886,Cairo,Heliopolis,190.0,3.0,3.0,4.0,2025,Broker,Pool,Installments,Finished,Unfurnished,No,Yes,1.49,Grey,7719000.0
EG-13887,Cairo,Sheikh Zayed,155.0,3.0,3.0,3.0,2024,Installments,Pool,Installments,Finished,Unfurnished,No,No,5.08,Off-White,7189000.0
EG-13888,Cairo,6th of October,82.0,1.0,1.0,0.0,2029,Broker,Street,Installments,Unfinished,Furnished,Yes,Yes,5.33,White,3881000.0
EG-13889,Cairo,Nasr City,232.0,3.0,3.0,2.0,2025,Broker,Street,Installments,Unfinished,Unfurnished,No,No,0.87,Off-White,3394000.0
EG-13890,Cairo,Nasr City,200.0,3.0,2.0,2.0,2018,Broker,Street,Cash,Finished,Furnished,No,No,1.87,Brown,4614000.0
EG-13891,Cairo,Maadi,125.0,2.0,2.0,0.0,2025,Broker,Lake,Cash,Finished,Unfurnished,Yes,No,2.98,White,14380000.0
EG-13892,Cairo,Madinaty,165.0,3.0,3.0,5.0,2025,Broker,Garden,Cash,Unfinished,Furnished,Yes,No,12.58,Off-White,7276000.0
EG-13893,Cairo,Al-Haram,108.0,2.0,1.0,8.0,2025,Developer,Street,Cash,Finished,Unfurnished,No,Yes,1.04,Grey,2489000.0
EG-13894,Cairo,Maadi,196.0,4.0,3.0,2.0,2025,Broker,Street,Cash,Unfinished,Furnished,No,Yes,4.55,Beige,7355000.0
EG-13895,Cairo,6th of October,170.0,3.0,3.0,11.0,2025,Developer,Other,Cash,Finished,Furnished,No,No,0.25,Beige,5544000.0
EG-13896,Cairo,Al-Haram,129.0,2.0,3.0,3.0,2026,Broker,Other,Installments,Unfinished,Unfurnished,Yes,Yes,10.46,Grey,5191000.0
EG-13897,Cairo,Ain Shams,63.0,1.0,1.0,0.0,2029,Broker,Street,Installments,Unfinished,Unfurnished,Yes,No,9.34,Beige,3385000.0
EG-13898,Cairo,Heliopolis,160.0,3.0,2.0,2.0,2024,Broker,Pool,Cash,Finished,Unfurnished,Yes,Yes,9.71,Grey,7936000.0
EG-13899,Cairo,Sheikh Zayed,73.0,2.0,1.0,1.0,2025,Developer,Pool,Installments,Unfinished,Furnished,Yes,Yes,5.68,Brown,9965000.0
EG-13900,Cairo,Nasr City,133.0,3.0,3.0,3.0,2028,Broker,Other,Installments,Unfinished,Unfurnished,Yes,Yes,3.2,Grey,3396000.0
EG-13901,Cairo,New Cairo,114.0,2.0,1.0,1.0,2025,Developer,Garden,Installments,Unfinished,Furnished,No,Yes,10.83,Beige,12541000.0
EG-13902,Cairo,Maadi,220.0,3.0,3.0,2.0,2025,Broker,Garden,Cash,Unfinished,Unfurnished,No,Yes,12.19,Brown,6856000.0
EG-13903,Cairo,Madinaty,180.0,3.0,2.0,3.0,2015,Broker,Pool,Cash,Finished,Unfurnished,No,No,2.17,Grey,8193000.0
EG-13904,Cairo,6th of October,140.0,3.0,3.0,1.0,2025,Broker,Street,Cash,Finished,Furnished,Yes,Yes,7.35,Grey,4463000.0
EG-13905,Cairo,Heliopolis,180.0,3.0,3.0,3.0,2025,Broker,Garden,Installments,Unfinished,Unfurnished,Yes,Yes,3.81,Brown,14863000.0
EG-13906,Cairo,Sheikh Zayed,270.0,4.0,4.0,1.0,2024,Broker,Pool,Cash,Finished,Unfurnished,Yes,Yes,2.6,White,17395000.0
EG-13907,Cairo,Maadi,304.0,3.0,4.0,2.0,2024,Broker,Street,Installments,Finished,Unfurnished,Yes,Yes,11.04,Beige,29011000.0
EG-13908,Cairo,Sheikh Zayed,212.0,3.0,3.0,1.0,2018,Broker,Pool,Cash,Finished,Furnished,Yes,Yes,8.12,White,11480000.0
EG-13909,Cairo,Heliopolis,76.0,1.0,1.0,3.0,2027,Broker,Pool,Installments,Finished,Unfurnished,No,Yes,3.32,Brown,7801000.0
EG-13910,Cairo,Madinaty,132.0,3.0,3.0,5.0,2029,Broker,Garden,Installments,Unfinished,Unfurnished,Yes,Yes,4.72,Brown,11941000.0
EG-13911,Cairo,Madinaty,115.0,2.0,2.0,5.0,2029,Broker,Street,Installments,Unfinished,Unfurnished,Yes,No,14.5,Off-White,6940000.0
EG-13912,Cairo,Heliopolis,132.0,3.0,3.0,5.0,2029,Broker,Pool,Installments,Unfinished,Unfurnished,Yes,No,12.75,Off-White,11590000.0
EG-13913,Cairo,Maadi,165.0,3.0,2.0,,2015,Broker,Garden,Cash,Finished,Furnished,Yes,No,13.21,Brown,5599000.0
EG-13914,Cairo,6th of October,150.0,3.0,2.0,0.0,2025,Developer,Street,Installments,Unfinished,Furnished,No,Yes,6.95,Off-White,3945000.0
EG-13915,Cairo,Nasr City,251.0,4.0,3.0,1.0,2025,Developer,Street,Installments,Unfinished,Furnished,No,Yes,9.39,Grey,5954000.0
EG-13916,Cairo,Al-Haram,105.0,2.0,1.0,6.0,2024,Developer,Street,Installments,Unfinished,Unfurnished,Yes,No,5.71,White,1667000.0
EG-13917,Cairo,Heliopolis,90.0,2.0,1.0,2.0,2025,Broker,Garden,Cash,Finished,Unfurnished,No,No,1.26,Brown,4814000.0
EG-13918,Cairo,Maadi,110.0,2.0,2.0,3.0,2029,Broker,Garden,Installments,Finished,Unfurnished,No,Yes,6.08,Grey,15438000.0
EG-13919,Cairo,Sheikh Zayed,145.0,2.0,2.0,2.0,2025,Broker,Garden,Cash,Finished,Unfurnished,Yes,Yes,8.95,Beige,23650000.0
EG-13920,Cairo,Maadi,170.0,3.0,3.0,18.0,2018,Broker,Street,Cash,Finished,Unfurnished,Yes,Yes,4.38,Beige,7692000.0
EG-13921,Cairo,Sheikh Zayed,195.0,4.0,3.0,10.0,2019,Broker,Pool,Cash,Finished,Furnished,No,Yes,12.73,Off-White,8790000.0
EG-13922,Cairo,Sheikh Zayed,160.0,3.0,3.0,1.0,2029,Broker,Garden,Installments,Finished,Unfurnished,Yes,No,2.35,Off-White,20378000.0
EG-13923,Cairo,New Cairo,235.0,3.0,3.0,2.0,2020,Broker,Pool,Cash,Finished,Unfurnished,Yes,Yes,5.57,Grey,10872000.0
EG-13924,Cairo,Nasr City,160.0,3.0,2.0,3.0,2010,Broker,Other,Cash,Finished,Unfurnished,Yes,Yes,1.96,Beige,3572000.0
EG-13925,Cairo,New Cairo,201.0,3.0,2.0,3.0,2025,Broker,Pool,Cash,Finished,Furnished,Yes,No,6.13,Brown,11758000.0
EG-13926,Cairo,Maadi,115.0,2.0,2.0,5.0,2025,Broker,Lake,Installments,Unfinished,Unfurnished,No,Yes,0.69,White,4774000.0
EG-13927,Cairo,Ain Shams,140.0,3.0,1.0,9.0,2013,Broker,Street,Cash,Finished,Unfurnished,No,No,4.16,Off-White,1594000.0
EG-13928,Cairo,Maadi,140.0,3.0,3.0,1.0,2025,Broker,Lake,Installments,Unfinished,Furnished,No,No,6.07,Grey,11820000.0
EG-13929,Cairo,Nasr City,88.0,1.0,1.0,0.0,2024,Broker,Street,Cash,Finished,Unfurnished,No,Yes,7.22,Off-White,6471000.0
EG-13930,Cairo,Sheikh Zayed,156.0,3.0,3.0,5.0,2029,Broker,Garden,Installments,Unfinished,Unfurnished,No,Yes,8.2,Grey,13566000.0
EG-13931,Cairo,Maadi,207.0,4.0,4.0,2.0,2029,Broker,Garden,Installments,Unfinished,Furnished,Yes,Yes,4.2,Beige,20160000.0
EG-13932,Cairo,New Cairo,117.0,2.0,2.0,3.0,2020,Developer,Garden,Installments,Finished,Furnished,Yes,Yes,7.89,Off-White,8255000.0
EG-13933,Cairo,Madinaty,157.0,3.0,3.0,3.0,2029,Broker,Street,Installments,Unfinished,Unfurnished,Yes,No,7.68,Grey,12257000.0
EG-13934,Cairo,6th of October,108.0,2.0,1.0,1.0,2025,Broker,Street,Cash,Finished,Furnished,No,No,4.81,Grey,5639000.0
EG-13935,Cairo,New Cairo,164.0,3.0,3.0,2.0,2025,Broker,Garden,Installments,Unfinished,Unfurnished,No,No,12.47,Off-White,10385000.0
EG-13936,Cairo,Maadi,195.0,3.0,3.0,2.0,2029,Broker,Garden,Installments,Finished,Unfurnished,No,No,8.23,White,16283000.0
EG-13937,Cairo,New Cairo,182.0,3.0,3.0,3.0,2025,Broker,Garden,Installments,Unfinished,Furnished,Yes,Yes,5.05,Brown,13141000.0
EG-13938,Cairo,Sheikh Zayed,164.0,3.0,3.0,3.0,2025,Broker,Pool,Installments,Finished,Furnished,No,No,14.22,Beige,10670000.0
EG-13939,Cairo,Sheikh Zayed,212.0,3.0,3.0,4.0,2025,Broker,Garden,Installments,Unfinished,Unfurnished,Yes,No,12.69,Off-White,13375000.0
EG-13940,Cairo,Maadi,61.0,1.0,1.0,1.0,2025,Broker,Lake,Installments,Unfinished,Furnished,Yes,Yes,14.74,Off-White,4534000.0
EG-13941,Cairo,Al-Haram,165.0,3.0,3.0,1.0,2025,Broker,Street,Installments,Unfinished,Unfurnished,Yes,No,10.41,White,1127000.0
EG-13942,Cairo,Sheikh Zayed,130.0,3.0,3.0,4.0,2029,Broker,Garden,Installments,Finished,Unfurnished,No,Yes,5.74,Beige,13277000.0
EG-13943,Cairo,Madinaty,136.0,3.0,,1.0,2029,Broker,Garden,Installments,Unfinished,Unfurnished,Yes,No,4.28,Off-White,10986000.0
EG-13944,Cairo,Maadi,147.0,3.0,2.0,2.0,2018,Broker,Street,Installments,Unfinished,Furnished,Yes,No,9.98,White,10779000.0
EG-13945,Cairo,Madinaty,160.0,3.0,3.0,3.0,2028,Broker,Pool,Installments,Finished,Unfurnished,Yes,Yes,14.71,Brown,13944000.0
EG-13946,Cairo,Sheikh Zayed,182.0,3.0,3.0,1.0,2025,Broker,Pool,Installments,Unfinished,Unfurnished,Yes,Yes,9.44,Grey,10099000.0
EG-13947,Cairo,Maadi,157.0,3.0,3.0,3.0,2029,Broker,Garden,Installments,Unfinished,Furnished,No,Yes,13.24,Brown,13788000.0
EG-13948,Cairo,Maadi,135.0,2.0,3.0,1.0,2028,Broker,Garden,Installments,Finished,Furnished,Yes,Yes,5.0,Brown,8641000.0
EG-13949,Cairo,New Cairo,160.0,3.0,3.0,2.0,2028,Broker,Street,Installments,Finished,Unfurnished,No,Yes,6.16,Brown,12768000.0
EG-13950,Cairo,Heliopolis,162.0,3.0,2.0,5.0,2025,Broker,Garden,Cash,Unfinished,Furnished,Yes,Yes,13.6,Brown,8032000.0
EG-13951,Cairo,Madinaty,,3.0,3.0,3.0,2028,Broker,Garden,Installments,Finished,Unfurnished,Yes,Yes,11.38,Grey,13944000.0
EG-13952,Cairo,Maadi,110.0,2.0,2.0,1.0,2028,Broker,Lake,Installments,Unfinished,Unfurnished,No,Yes,14.72,Beige,5015000.0
EG-13953,Cairo,New Cairo,230.0,3.0,3.0,6.0,1990,Broker,Garden,Cash,Finished,Unfurnished,No,Yes,11.64,Beige,8969000.0
EG-13954,Cairo,Al-Haram,200.0,3.0,2.0,3.0,2010,Broker,Street,Cash,Finished,Unfurnished,No,Yes,6.78,White,3235000.0
EG-13955,Cairo,6th of October,175.0,3.0,3.0,3.0,2024,Developer,Street,Installments,Unfinished,Unfurnished,Yes,No,8.01,White,3006000.0
EG-13956,Cairo,New Cairo,200.0,3.0,2.0,10.0,2000,Broker,Pool,Cash,Finished,Unfurnished,Yes,No,13.52,Off-White,7650000.0
EG-13957,Cairo,Al-Haram,160.0,3.0,3.0,1.0,2029,Broker,Other,Installments,Unfinished,Furnished,No,Yes,8.32,Brown,5750000.0
EG-13958,Cairo,Sheikh Zayed,170.0,3.0,2.0,15.0,2005,Broker,Garden,Cash,Finished,Unfurnished,Yes,Yes,3.91,Brown,7610000.0
EG-13959,Cairo,Maadi,120.0,2.0,2.0,1.0,2027,Broker,Lake,Installments,Unfinished,Unfurnished,No,No,6.59,Grey,8892000.0
EG-13960,Cairo,Maadi,181.0,3.0,3.0,2.0,2021,Broker,Pool,Installments,Unfinished,Furnished,Yes,Yes,7.79,Brown,16713000.0
EG-13961,Cairo,Heliopolis,200.0,3.0,2.0,5.0,1980,Broker,Street,Cash,Finished,Furnished,Yes,No,1.54,Grey,5282000.0
EG-13962,Cairo,Madinaty,102.0,2.0,2.0,9.0,2025,Broker,Pool,Cash,Finished,Furnished,Yes,Yes,11.18,Off-White,8653000.0
EG-13963,Cairo,Al-Haram,,3.0,2.0,3.0,2020,Broker,Street,Cash,Finished,Unfurnished,No,Yes,1.73,White,2937000.0
EG-13964,Cairo,Al-Haram,120.0,3.0,2.0,2.0,2025,Broker,Other,Cash,Finished,Furnished,Yes,No,6.13,White,3486000.0
EG-13965,Cairo,Maadi,130.0,2.0,2.0,12.0,2020,Broker,Garden,Cash,Finished,Unfurnished,No,No,12.09,Off-White,6452000.0
EG-13966,Cairo,Nasr City,165.0,3.0,2.0,7.0,2010,Broker,Street,Cash,Finished,Unfurnished,Yes,No,7.07,Off-White,3534000.0
EG-13967,Cairo,Sheikh Zayed,170.0,3.0,2.0,15.0,2005,Broker,Street,Cash,Finished,Unfurnished,No,No,12.65,Brown,6763000.0
EG-13968,Cairo,Nasr City,160.0,3.0,,3.0,2025,Broker,Street,Cash,Unfinished,Unfurnished,Yes,Yes,5.19,White,3999000.0
EG-13969,Cairo,6th of October,135.0,3.0,2.0,2.0,1999,Broker,Street,Cash,Finished,Unfurnished,No,Yes,14.37,Beige,1891000.0
EG-13970,Cairo,6th of October,130.0,,1.0,1.0,2025,Broker,Street,Cash,Finished,Unfurnished,Yes,Yes,3.22,Off-White,4103000.0
EG-13971,Cairo,Heliopolis,200.0,3.0,2.0,5.0,1980,Broker,Garden,Cash,Finished,Unfurnished,No,Yes,0.67,White,5276000.0
EG-13972,Cairo,Shubra,80.0,2.0,1.0,4.0,2021,Broker,Other,Cash,Finished,Unfurnished,Yes,No,13.1,White,1414000.0
EG-13973,Cairo,Sheikh Zayed,215.0,3.0,3.0,2.0,2025,Broker,Garden,Cash,Finished,Furnished,Yes,Yes,11.31,Grey,9518000.0
EG-13974,Cairo,Sheikh Zayed,168.0,3.0,3.0,1.0,2026,Broker,Street,Installments,Finished,Furnished,Yes,Yes,3.56,White,16535000.0
EG-13975,Cairo,Ain Shams,125.0,3.0,1.0,12.0,2014,Broker,Street,Cash,Finished,Unfurnished,No,Yes,14.77,Off-White,2787000.0
EG-13976,Cairo,Al-Haram,220.0,3.0,3.0,1.0,2023,Broker,Street,Cash,Finished,Unfurnished,Yes,Yes,7.58,Brown,4615000.0
EG-13977,Cairo,Al-Haram,135.0,2.0,1.0,2.0,2024,Broker,Street,Cash,Finished,Furnished,Yes,Yes,14.27,White,3537000.0
EG-13978,Cairo,Ain Shams,150.0,3.0,3.0,1.0,2025,Broker,Street,Installments,Unfinished,Furnished,Yes,Yes,7.62,Beige,1232000.0
EG-13979,Cairo,6th of October,155.0,3.0,2.0,14.0,2017,Broker,Other,Cash,Finished,Unfurnished,Yes,Yes,7.13,Off-White,4888000.0
EG-13980,Cairo,6th of October,220.0,3.0,3.0,1.0,2022,Broker,Street,Cash,Finished,Furnished,No,No,6.79,Brown,4614000.0
EG-13981,Cairo,Madinaty,142.0,,3.0,2.0,2029,Broker,Garden,Installments,Unfinished,Unfurnished,Yes,Yes,5.09,Brown,7657000.0
EG-13982,Cairo,Maadi,,3.0,3.0,4.0,2018,Broker,Garden,Cash,Unfinished,Furnished,Yes,Yes,8.05,Off-White,8032000.0
EG-13983,Cairo,6th of October,125.0,2.0,2.0,,2024,Broker,Other,Cash,Finished,Unfurnished,Yes,No,6.84,Brown,5930000.0
EG-13984,Cairo,Sheikh Zayed,200.0,3.0,3.0,,2017,Broker,Garden,Cash,Finished,Unfurnished,Yes,No,0.65,Beige,7914000.0
EG-13985,Cairo,Sheikh Zayed,134.0,2.0,2.0,3.0,2024,Broker,Pool,Cash,Unfinished,Furnished,Yes,Yes,3.98,White,8353000.0
EG-13986,Cairo,Sheikh Zayed,70.0,1.0,,1.0,2027,Broker,Pool,Installments,Finished,Unfurnished,Yes,Yes,3.28,Off-White,8801000.0
EG-13987,Cairo,Madinaty,260.0,3.0,3.0,5.0,2021,Broker,Garden,Cash,Unfinished,Unfurnished,Yes,No,13.02,White,11460000.0
EG-13988,Cairo,Heliopolis,131.0,2.0,2.0,3.0,2027,Broker,Pool,Installments,Unfinished,Unfurnished,Yes,Yes,9.02,White,7995000.0
EG-13989,Cairo,New Cairo,165.0,2.0,2.0,1.0,2025,Broker,Garden,Cash,Finished,Unfurnished,No,Yes,11.48,Brown,7386000.0
EG-13990,Cairo,Nasr City,72.0,1.0,1.0,,2029,Broker,Other,Installments,Finished,Unfurnished,Yes,Yes,14.36,Off-White,2347000.0
EG-13991,Cairo,Sheikh Zayed,171.0,3.0,2.0,2.0,2025,Developer,Pool,Installments,Unfinished,Unfurnished,No,No,9.7,White,17840000.0
EG-13992,Cairo,Maadi,172.0,,4.0,3.0,2027,Broker,Garden,Installments,Finished,Furnished,Yes,No,14.74,Grey,15695000.0
EG-13993,Cairo,6th of October,155.0,2.0,3.0,2.0,2024,Broker,Street,Cash,Unfinished,Unfurnished,No,No,4.75,Beige,4664000.0
EG-13994,Cairo,Heliopolis,141.0,2.0,2.0,1.0,2024,Broker,Garden,Cash,Unfinished,Furnished,Yes,Yes,2.88,Brown,5890000.0
EG-13995,Cairo,Heliopolis,128.0,2.0,3.0,4.0,2027,Broker,Street,Installments,Finished,Furnished,Yes,Yes,6.11,Off-White,10786000.0
EG-13996,Cairo,Sheikh Zayed,149.0,3.0,2.0,2.0,2025,Broker,Pool,Cash,Finished,Unfurnished,No,No,7.11,Off-White,9218000.0
EG-13997,Cairo,Sheikh Zayed,192.0,4.0,3.0,3.0,2025,Developer,Pool,Installments,Unfinished,Furnished,No,Yes,13.44,Brown,18168000.0
EG-13998,Cairo,Sheikh Zayed,116.0,2.0,3.0,0.0,2027,Broker,Pool,Installments,Finished,Unfurnished,Yes,Yes,8.44,White,10726000.0
EG-13999,Cairo,New Cairo,208.0,3.0,2.0,5.0,2027,Broker,Garden,Installments,Finished,Unfurnished,Yes,Yes,4.45,Brown,13669000.0
EG-14000,Cairo,Maadi,345.0,3.0,4.0,8.0,2025,Broker,Lake,Installments,Unfinished,Unfurnished,Yes,Yes,11.17,Off-White,29807000.0
EG-14001,Cairo,Madinaty,220.0,3.0,3.0,6.0,2020,Broker,Garden,Cash,Finished,Furnished,No,No,7.64,Grey,10325000.0
EG-14002,Cairo,Al-Haram,190.0,3.0,2.0,6.0,2015,Broker,Street,Cash,Unfinished,Furnished,No,Yes,2.52,White,4285000.0
EG-14003,Cairo,Nasr City,129.0,2.0,3.0,3.0,2026,Broker,Other,Installments,Unfinished,Unfurnished,Yes,Yes,8.69,Brown,5191000.0
EG-14004,Cairo,Heliopolis,,,2.0,5.0,2026,Broker,Garden,Installments,Finished,Unfurnished,No,Yes,13.68,Off-White,10961000.0
EG-14005,Cairo,Heliopolis,135.0,3.0,2.0,0.0,2024,Broker,Garden,Cash,Finished,Furnished,Yes,No,12.66,Off-White,8511000.0
EG-14006,Cairo,Al-Haram,200.0,3.0,2.0,0.0,2020,Broker,Other,Cash,Finished,Unfurnished,No,No,8.84,Off-White,5756000.0
EG-14007,Cairo,Maadi,136.0,2.0,2.0,3.0,2025,Broker,Lake,Cash,Finished,Unfurnished,Yes,No,5.72,Grey,13314000.0
EG-14008,Cairo,Ain Shams,78.0,1.0,2.0,1.0,2027,Broker,Street,Installments,Unfinished,Furnished,Yes,Yes,1.4,White,3588000.0
EG-14009,Cairo,Al-Haram,186.0,3.0,4.0,1.0,2024,Broker,Street,Cash,Unfinished,Unfurnished,Yes,No,7.1,Brown,5082000.0
EG-14010,Cairo,New Cairo,170.0,3.0,3.0,1.0,2025,Broker,Garden,Cash,Unfinished,Furnished,No,Yes,11.31,White,7796000.0
EG-14011,Cairo,Al-Haram,156.0,3.0,2.0,1.0,2025,Broker,Street,Installments,Unfinished,Unfurnished,No,Yes,5.47,Off-White,3228000.0
EG-14012,Cairo,New Cairo,167.0,3.0,3.0,1.0,2026,Broker,Garden,Installments,Finished,Furnished,No,Yes,3.61,Grey,10944000.0
EG-14013,Cairo,Al-Haram,120.0,3.0,1.0,6.0,2001,Developer,Other,Cash,Finished,Furnished,Yes,Yes,13.98,Grey,3242000.0
EG-14014,Cairo,Shubra,133.0,3.0,2.0,3.0,2027,Broker,Street,Installments,Unfinished,Unfurnished,Yes,No,12.34,Off-White,2997000.0
EG-14015,Cairo,Shubra,70.0,2.0,1.0,2.0,2020,Broker,Street,Cash,Finished,Furnished,No,No,9.61,White,2461000.0
EG-14016,Cairo,Ain Shams,123.0,3.0,3.0,3.0,2027,Broker,Street,Installments,Unfinished,Unfurnished,No,No,2.14,White,2797000.0
EG-14017,Cairo,Madinaty,205.0,3.0,2.0,1.0,2019,Broker,Garden,Cash,Finished,Furnished,No,No,2.26,Grey,8152000.0
EG-14018,Cairo,New Cairo,159.0,3.0,3.0,3.0,2025,Broker,Garden,Cash,Finished,Unfurnished,Yes,Yes,1.64,Beige,8154000.0
EG-14019,Cairo,Maadi,154.0,3.0,3.0,1.0,2026,Broker,Lake,Installments,Finished,Unfurnished,No,Yes,9.28,Grey,8070000.0
EG-14020,Cairo,Heliopolis,175.0,3.0,2.0,2.0,2025,Broker,Pool,Cash,Unfinished,Unfurnished,No,No,1.82,Grey,6179000.0
EG-14021,Cairo,Ain Shams,116.0,3.0,2.0,1.0,2025,Broker,Other,Cash,Finished,Furnished,Yes,No,12.66,Brown,3098000.0
EG-14022,Cairo,Al-Haram,160.0,3.0,2.0,2.0,2022,Broker,Street,Cash,Finished,Furnished,Yes,No,14.9,Grey,4754000.0
EG-14023,Cairo,Heliopolis,226.0,4.0,4.0,2.0,2025,Broker,Pool,Cash,Finished,Unfurnished,Yes,Yes,5.56,Beige,22831000.0
EG-14024,Cairo,New Cairo,229.0,3.0,1.0,12.0,2027,Broker,Street,Installments,Finished,Furnished,No,No,6.86,Grey,11451000.0
EG-14025,Cairo,Maadi,251.0,4.0,3.0,3.0,2025,Developer,Lake,Installments,Unfinished,Unfurnished,No,No,10.7,White,5827000.0
EG-14026,Cairo,6th of October,251.0,4.0,3.0,3.0,2025,Developer,Other,Installments,Unfinished,Unfurnished,No,Yes,14.06,Brown,5142000.0
EG-14027,Cairo,New Cairo,225.0,4.0,2.0,3.0,2019,Broker,Pool,Cash,Finished,Unfurnished,No,No,13.42,Brown,7681000.0
EG-14028,Cairo,Heliopolis,150.0,3.0,3.0,1.0,2028,Broker,Garden,Installments,Unfinished,Furnished,Yes,Yes,0.96,Grey,5463000.0
EG-14029,Cairo,Nasr City,165.0,3.0,2.0,4.0,2026,Broker,Other,Installments,Unfinished,Unfurnished,No,Yes,2.62,Brown,3387000.0
EG-14030,Cairo,Shubra,130.0,3.0,2.0,2.0,2015,Broker,Street,Cash,Finished,Unfurnished,No,No,11.34,Brown,1836000.0
EG-14031,Cairo,Maadi,185.0,3.0,2.0,2.0,2010,Broker,Lake,Cash,Finished,Unfurnished,No,No,10.36,Grey,5686000.0
EG-14032,Cairo,Heliopolis,164.0,,2.0,3.0,2025,Broker,Pool,Cash,Finished,Unfurnished,Yes,Yes,2.08,Beige,10942000.0
EG-14033,Cairo,Al-Haram,198.0,3.0,3.0,2.0,2028,Broker,Street,Installments,Unfinished,Furnished,No,No,7.58,Grey,5698000.0
EG-14034,Cairo,Shubra,229.0,3.0,2.0,4.0,2022,Broker,Street,Cash,Finished,Unfurnished,No,Yes,11.73,White,3633000.0
EG-14035,Cairo,Al-Haram,,3.0,3.0,3.0,2028,Broker,Street,Installments,Unfinished,Unfurnished,No,Yes,3.36,Off-White,3716000.0
EG-14036,Cairo,Al-Haram,175.0,3.0,2.0,1.0,2025,Broker,Other,Cash,Finished,Furnished,No,Yes,13.08,Beige,6584000.0
EG-14037,Cairo,Maadi,140.0,2.0,2.0,7.0,1988,Broker,Street,Cash,Finished,Unfurnished,Yes,No,0.89,Grey,4778000.0
EG-14038,Cairo,Madinaty,169.0,3.0,1.0,1.0,2027,Broker,Pool,Installments,Finished,Furnished,No,No,11.75,Beige,9316000.0
EG-14039,Cairo,Al-Haram,165.0,3.0,2.0,4.0,2026,Broker,Other,Installments,Unfinished,Unfurnished,No,Yes,9.28,Off-White,3387000.0
EG-14040,Cairo,Sheikh Zayed,176.0,3.0,3.0,13.0,2027,Broker,Garden,Installments,Finished,Unfurnished,Yes,No,4.8,Brown,9963000.0
EG-14041,Cairo,Heliopolis,190.0,3.0,2.0,1.0,2025,Broker,Garden,Cash,Finished,Furnished,No,No,10.84,Brown,7825000.0
EG-14042,Cairo,6th of October,158.0,3.0,3.0,2.0,2028,Broker,Street,Installments,Unfinished,Unfurnished,Yes,Yes,11.76,Off-White,4548000.0
EG-14043,Cairo,Maadi,240.0,3.0,2.0,11.0,2015,Broker,Street,Cash,Finished,Unfurnished,Yes,No,14.02,Brown,8959000.0
EG-14044,Cairo,Heliopolis,161.0,3.0,1.0,13.0,2027,Broker,Garden,Installments,Finished,Unfurnished,No,No,5.58,Beige,5994000.0
EG-14045,Cairo,Ain Shams,136.0,3.0,2.0,2.0,2015,Broker,Street,Cash,Finished,Unfurnished,Yes,Yes,10.32,Brown,3590000.0
EG-14046,Cairo,Heliopolis,176.0,3.0,1.0,13.0,2027,Broker,Street,Installments,Finished,Unfurnished,No,Yes,9.08,Off-White,9399000.0
EG-14047,Cairo,Sheikh Zayed,280.0,3.0,3.0,3.0,1980,Broker,Street,Cash,Finished,Unfurnished,Yes,Yes,7.93,Off-White,11282000.0
EG-14048,Cairo,Heliopolis,164.0,3.0,2.0,3.0,2025,Broker,Pool,Cash,Finished,Unfurnished,Yes,No,13.37,Off-White,10621000.0
EG-14049,Cairo,Heliopolis,143.0,2.0,3.0,4.0,2026,Broker,Garden,Installments,Finished,Unfurnished,Yes,No,0.15,White,7813000.0
EG-14050,Cairo,Al-Haram,185.0,3.0,2.0,2.0,2025,Broker,Other,Cash,Finished,Unfurnished,No,Yes,4.3,Beige,4106000.0
EG-14051,Cairo,Sheikh Zayed,265.0,4.0,4.0,3.0,2018,Broker,Street,Cash,Finished,Unfurnished,Yes,No,8.12,Off-White,15928000.0
EG-14052,Cairo,Al-Haram,130.0,3.0,2.0,1.0,2025,Broker,Street,Cash,Finished,Furnished,No,Yes,2.76,Beige,3433000.0
EG-14053,Cairo,Nasr City,220.0,3.0,2.0,2.0,2019,Broker,Other,Cash,Finished,Furnished,No,Yes,13.63,White,5809000.0
EG-14054,Cairo,6th of October,155.0,3.0,2.0,11.0,2007,Broker,Other,Cash,Finished,Unfurnished,No,No,9.75,Beige,4870000.0
EG-14055,Cairo,New Cairo,164.0,4.0,3.0,,2029,Broker,Street,Installments,Unfinished,Unfurnished,Yes,Yes,7.22,Grey,10710000.0
EG-14056,Cairo,Al-Haram,135.0,3.0,1.0,1.0,2020,Broker,Other,Cash,Finished,Unfurnished,Yes,Yes,12.24,White,2491000.0
EG-14057,Cairo,Sheikh Zayed,184.0,3.0,3.0,2.0,2020,Broker,Pool,Cash,Finished,Unfurnished,No,Yes,6.82,White,7597000.0
EG-14058,Cairo,Shubra,120.0,2.0,1.0,8.0,2025,Broker,Street,Cash,Finished,Furnished,Yes,Yes,8.42,Brown,3265000.0
EG-14059,Cairo,Ain Shams,120.0,2.0,1.0,1.0,1990,Broker,Street,Cash,Finished,Unfurnished,Yes,No,0.14,Off-White,3484000.0
EG-14060,Cairo,Al-Haram,250.0,3.0,,3.0,2021,Broker,Street,Cash,Unfinished,Furnished,Yes,Yes,5.55,White,4546000.0
EG-14061,Cairo,Nasr City,190.0,3.0,3.0,0.0,2025,Broker,Other,Cash,Unfinished,Furnished,No,No,2.17,Beige,5670000.0
EG-14062,Cairo,Sheikh Zayed,169.0,3.0,2.0,1.0,2027,Broker,Street,Installments,Unfinished,Furnished,Yes,No,10.38,Grey,8219000.0
EG-14063,Cairo,New Cairo,178.0,3.0,3.0,,2026,Broker,Pool,Cash,Finished,Furnished,Yes,Yes,7.24,Beige,16152000.0
EG-14064,Cairo,6th of October,154.0,3.0,2.0,2.0,1998,Developer,Street,Cash,Finished,Furnished,No,No,4.6,Beige,5639000.0
EG-14065,Cairo,Al-Haram,187.0,3.0,2.0,2.0,2025,Broker,Street,Cash,Finished,Furnished,No,No,7.07,Grey,5639000.0
EG-14066,Cairo,Nasr City,100.0,2.0,1.0,2.0,2025,Broker,Street,Cash,Finished,Unfurnished,Yes,Yes,3.22,Brown,4615000.0
EG-14067,Cairo,Maadi,74.0,2.0,1.0,1.0,2020,Broker,Garden,Cash,Finished,Furnished,Yes,Yes,13.88,Off-White,5076000.0
EG-14068,Cairo,Al-Haram,240.0,4.0,3.0,4.0,2023,Broker,Street,Cash,Finished,Furnished,Yes,No,0.9,White,5018000.0
EG-14069,Cairo,Nasr City,74.0,2.0,1.0,1.0,2025,Broker,Street,Cash,Finished,Unfurnished,Yes,Yes,12.99,Off-White,4513000.0
EG-14070,Cairo,Nasr City,220.0,3.0,3.0,7.0,1990,Broker,Street,Cash,Finished,Unfurnished,Yes,Yes,7.72,Brown,4821000.0
EG-14071,Cairo,New Cairo,115.0,2.0,2.0,2.0,2029,Broker,Garden,Installments,Finished,Furnished,Yes,Yes,9.32,Grey,13504000.0
EG-14072,Cairo,Shubra,180.0,3.0,1.0,0.0,1999,Broker,Other,Cash,Finished,Furnished,Yes,Yes,4.61,Off-White,3491000.0
EG-14073,Cairo,Nasr City,107.0,2.0,1.0,11.0,2006,Developer,Street,Cash,Finished,Unfurnished,Yes,Yes,14.5,Beige,1641000.0
EG-14074,Cairo,New Cairo,240.0,3.0,2.0,2.0,2022,Broker,Garden,Cash,Finished,Unfurnished,Yes,Yes,4.3,White,7610000.0
EG-14075,Cairo,Al-Haram,,3.0,,1.0,2025,Broker,Street,Cash,Unfinished,Furnished,No,Yes,8.87,White,5884000.0
EG-14076,Cairo,Maadi,165.0,3.0,3.0,4.0,2025,Broker,Lake,Cash,Unfinished,Furnished,Yes,Yes,14.9,Brown,5946000.0
EG-14077,Cairo,Sheikh Zayed,177.0,3.0,3.0,4.0,2028,Broker,Pool,Installments,Finished,Unfurnished,Yes,No,13.23,Brown,10387000.0
EG-14078,Cairo,Al-Haram,208.0,,2.0,1.0,2020,Broker,Street,Cash,Finished,Unfurnished,Yes,No,8.09,Grey,6719000.0
EG-14079,Cairo,New Cairo,,4.0,4.0,4.0,2029,Broker,Street,Installments,Unfinished,Unfurnished,Yes,Yes,14.86,Brown,15247000.0
EG-14080,Cairo,Heliopolis,146.0,3.0,3.0,1.0,2029,Broker,Garden,Installments,Unfinished,Furnished,No,Yes,10.55,Off-White,8320000.0
EG-14081,Cairo,Heliopolis,350.0,4.0,3.0,1.0,2006,Broker,Garden,Cash,Finished,Furnished,No,No,3.21,White,13042000.0
EG-14082,Cairo,Al-Haram,115.0,2.0,2.0,1.0,2026,Broker,Street,Installments,Unfinished,Unfurnished,Yes,Yes,6.14,Grey,6362000.0
EG-14083,Cairo,Sheikh Zayed,140.0,2.0,2.0,5.0,2028,Developer,Pool,Installments,Finished,Unfurnished,No,No,5.08,Brown,9760000.0
EG-14084,Cairo,Shubra,141.0,3.0,1.0,9.0,2015,Broker,Street,Installments,Finished,Furnished,No,Yes,5.23,Beige,1597000.0
EG-14085,Cairo,Al-Haram,146.0,3.0,3.0,1.0,2025,Broker,Other,Cash,Unfinished,Unfurnished,Yes,Yes,11.43,White,5671000.0
EG-14086,Cairo,Madinaty,170.0,3.0,3.0,3.0,2025,Broker,Pool,Cash,Unfinished,Furnished,Yes,Yes,8.81,Grey,8032000.0
EG-14087,Cairo,Ain Shams,155.0,3.0,3.0,1.0,2025,Broker,Street,Installments,Unfinished,Unfurnished,No,No,0.67,White,1093000.0
EG-14088,Cairo,New Cairo,143.0,3.0,2.0,2.0,2029,Broker,Pool,Installments,Finished,Furnished,No,Yes,13.17,Off-White,8207000.0
EG-14089,Cairo,Sheikh Zayed,205.0,3.0,4.0,1.0,2024,Broker,Street,Cash,Unfinished,Unfurnished,Yes,No,4.52,Brown,6930000.0
EG-14090,Cairo,Al-Haram,170.0,3.0,3.0,2.0,2028,Broker,Street,Installments,Unfinished,Unfurnished,Yes,Yes,14.96,Brown,3018000.0
EG-14091,Cairo,New Cairo,80.0,1.0,1.0,0.0,2029,Broker,Garden,Installments,Finished,Unfurnished,No,Yes,14.32,Brown,8234000.0
EG-14092,Cairo,Maadi,222.0,4.0,3.0,4.0,2025,Developer,Garden,Installments,Unfinished,Unfurnished,Yes,Yes,14.11,Beige,6398000.0
EG-14093,Cairo,Ain Shams,185.0,3.0,2.0,7.0,2007,Broker,Street,Installments,Finished,Unfurnished,No,Yes,12.19,Off-White,2864000.0
EG-14094,Cairo,6th of October,220.0,3.0,3.0,6.0,2024,Broker,Other,Cash,Unfinished,Unfurnished,Yes,Yes,3.39,Beige,5759000.0
EG-14095,Cairo,Al-Haram,142.0,3.0,1.0,9.0,2015,Broker,Street,Installments,Finished,Furnished,Yes,Yes,8.04,Off-White,1651000.0
EG-14096,Cairo,Madinaty,350.0,4.0,3.0,1.0,2006,Broker,Garden,Cash,Finished,Unfurnished,Yes,Yes,3.44,Off-White,13046000.0
EG-14097,Cairo,Heliopolis,166.0,3.0,1.0,13.0,2027,Broker,Street,Installments,Finished,Furnished,No,Yes,3.97,Off-White,9237000.0
EG-14098,Cairo,Shubra,155.0,3.0,3.0,1.0,2025,Broker,Other,Installments,Unfinished,Unfurnished,Yes,No,9.2,Brown,1033000.0
EG-14099,Cairo,Heliopolis,200.0,4.0,3.0,6.0,2020,Broker,Garden,Cash,Finished,Unfurnished,No,No,0.71,Brown,5377000.0
EG-14100,Cairo,Maadi,145.0,3.0,3.0,3.0,2028,Broker,Pool,Installments,Unfinished,Furnished,Yes,Yes,14.54,Brown,4695000.0
EG-14101,Cairo,Maadi,106.0,2.0,1.0,1.0,2028,Broker,Lake,Installments,Finished,Unfurnished,Yes,Yes,13.79,Beige,6255000.0
EG-14102,Cairo,Shubra,185.0,3.0,2.0,7.0,2008,Broker,Street,Cash,Finished,Unfurnished,Yes,Yes,5.77,Grey,3067000.0
EG-14103,Cairo,Ain Shams,170.0,3.0,3.0,2.0,2028,Broker,Other,Installments,Unfinished,Unfurnished,No,Yes,7.78,Off-White,2685000.0
EG-14104,Cairo,Maadi,115.0,1.0,1.0,5.0,2025,Broker,Garden,Installments,Unfinished,Furnished,No,Yes,7.05,Beige,4856000.0
EG-14105,Cairo,Al-Haram,170.0,3.0,3.0,1.0,2028,Broker,Street,Installments,Unfinished,Unfurnished,Yes,Yes,13.24,Brown,3227000.0
EG-14106,Cairo,Heliopolis,130.0,3.0,2.0,1.0,2022,Broker,Garden,Installments,Finished,Unfurnished,Yes,No,10.36,Brown,5249000.0
EG-14107,Cairo,Maadi,230.0,3.0,3.0,3.0,2026,Broker,Street,Installments,Unfinished,Furnished,No,No,4.24,Grey,3713000.0
EG-14108,Cairo,New Cairo,150.0,3.0,3.0,0.0,2025,Broker,Garden,Installments,Unfinished,Unfurnished,Yes,Yes,6.76,Brown,6890000.0
EG-14109,Cairo,Heliopolis,245.0,3.0,2.0,1.0,2021,Broker,Pool,Cash,Unfinished,Unfurnished,Yes,No,6.49,Off-White,5877000.0
EG-14110,Cairo,Nasr City,160.0,3.0,2.0,2.0,2025,Broker,Street,Cash,Finished,Unfurnished,Yes,Yes,14.39,White,4000000.0
EG-14111,Cairo,Ain Shams,213.0,3.0,3.0,4.0,2019,Broker,Street,Cash,Unfinished,Unfurnished,No,Yes,2.71,Brown,3604000.0
EG-14112,Cairo,Al-Haram,192.0,3.0,3.0,2.0,2025,Broker,Street,Cash,Unfinished,Unfurnished,No,No,1.43,Grey,3498000.0
EG-14113,Cairo,Maadi,145.0,3.0,2.0,1.0,2025,Broker,Street,Cash,Unfinished,Unfurnished,Yes,Yes,13.22,White,3808000.0
EG-14114,Cairo,6th of October,162.0,3.0,3.0,3.0,2028,Broker,Street,Installments,Unfinished,Furnished,No,No,13.46,Off-White,4171000.0
EG-14115,Cairo,Nasr City,220.0,3.0,3.0,2.0,2026,Broker,Street,Installments,Unfinished,Furnished,No,Yes,13.09,Off-White,4304000.0
EG-14116,Cairo,Maadi,185.0,3.0,2.0,1.0,2021,Broker,Lake,Cash,Unfinished,Unfurnished,Yes,No,7.71,Off-White,4944000.0
EG-14117,Cairo,Heliopolis,,3.0,3.0,2.0,2025,Broker,Pool,Installments,Unfinished,Furnished,Yes,Yes,9.93,Grey,4283000.0
EG-14118,Cairo,Al-Haram,207.0,3.0,,2.0,2025,Broker,Other,Installments,Unfinished,Unfurnished,Yes,No,8.49,White,4360000.0
EG-14119,Cairo,6th of October,128.0,3.0,2.0,3.0,2028,Broker,Street,Installments,Unfinished,Unfurnished,Yes,Yes,1.13,Off-White,5349000.0
EG-14120,Cairo,Ain Shams,120.0,2.0,2.0,7.0,1995,Broker,Street,Cash,Finished,Furnished,No,Yes,8.98,Brown,3064000.0
EG-14121,Cairo,Al-Haram,230.0,3.0,3.0,3.0,2026,Broker,Street,Installments,Unfinished,Furnished,Yes,No,0.3,White,3826000.0
EG-14122,Cairo,Heliopolis,245.0,3.0,2.0,1.0,2021,Broker,Pool,Cash,Unfinished,Unfurnished,Yes,No,4.94,Off-White,5877000.0
EG-14123,Cairo,New Cairo,205.0,3.0,3.0,2.0,2015,Broker,Garden,Cash,Finished,Furnished,Yes,No,13.99,White,22396000.0
EG-14124,Cairo,Shubra,160.0,3.0,2.0,2.0,2025,Broker,Other,Cash,Finished,Unfurnished,No,Yes,4.63,Brown,3558000.0
EG-14125,Cairo,6th of October,213.0,3.0,3.0,4.0,2019,Broker,Street,Cash,Unfinished,Unfurnished,No,Yes,14.1,Beige,3604000.0
EG-14126,Cairo,Shubra,192.0,3.0,3.0,2.0,2025,Broker,Street,Cash,Unfinished,Unfurnished,No,Yes,3.83,Off-White,3604000.0
EG-14127,Cairo,6th of October,162.0,3.0,3.0,3.0,2028,Broker,Street,Installments,Unfinished,Furnished,No,Yes,4.79,Brown,4297000.0
EG-14128,Cairo,Heliopolis,156.0,3.0,3.0,0.0,2025,Broker,Pool,Installments,Unfinished,Furnished,Yes,No,9.46,Grey,6441000.0
EG-14129,Cairo,Al-Haram,220.0,3.0,3.0,2.0,2026,Broker,Street,Installments,Unfinished,Furnished,No,No,11.45,Off-White,4177000.0
EG-14130,Cairo,6th of October,185.0,3.0,2.0,1.0,2021,Broker,Street,Cash,Unfinished,Furnished,No,No,7.57,Beige,4759000.0
EG-14131,Cairo,Ain Shams,100.0,2.0,1.0,16.0,1988,Broker,Street,Cash,Finished,Unfurnished,Yes,Yes,13.24,Brown,3795000.0
EG-14132,Cairo,Shubra,90.0,2.0,2.0,1.0,2017,Broker,Street,Cash,Unfinished,Unfurnished,Yes,Yes,0.7,Brown,2142000.0
EG-14133,Cairo,Ain Shams,168.0,,3.0,3.0,2025,Broker,Street,Cash,Unfinished,Furnished,Yes,No,13.84,White,3460000.0
EG-14134,Cairo,Maadi,,3.0,2.0,,2028,Broker,Street,Installments,Unfinished,Furnished,No,No,3.02,Off-White,5347000.0
EG-14135,Cairo,Nasr City,175.0,3.0,3.0,1.0,2025,Broker,Street,Installments,Unfinished,Unfurnished,No,No,13.28,Beige,3805000.0
EG-14136,Cairo,Al-Haram,180.0,3.0,2.0,1.0,2025,Broker,Street,Cash,Finished,Unfurnished,No,No,6.07,Grey,4155000.0
EG-14137,Cairo,6th of October,175.0,3.0,2.0,5.0,2025,Broker,Other,Cash,Unfinished,Unfurnished,Yes,No,12.51,White,3387000.0
EG-14138,Cairo,Heliopolis,116.0,3.0,2.0,1.0,2025,Broker,Street,Cash,Finished,Furnished,No,Yes,10.11,Off-White,6655000.0
EG-14139,Cairo,6th of October,140.0,3.0,2.0,1.0,2025,Broker,Street,Cash,Finished,Unfurnished,Yes,No,2.72,Beige,3186000.0
EG-14140,Cairo,Maadi,125.0,3.0,3.0,2.0,2027,Broker,Garden,Cash,Finished,Unfurnished,No,Yes,13.78,White,8442000.0
EG-14141,Cairo,Maadi,129.0,2.0,2.0,5.0,2028,Broker,Garden,Installments,Finished,Furnished,No,No,3.76,Beige,10067000.0
EG-14142,Cairo,New Cairo,190.0,3.0,2.0,5.0,2029,Broker,Pool,Installments,Finished,Unfurnished,Yes,No,3.74,Beige,14064000.0
EG-14143,Cairo,Nasr City,123.0,3.0,3.0,2.0,2027,Broker,Other,Installments,Unfinished,Unfurnished,No,Yes,12.23,White,2641000.0
EG-14144,Cairo,6th of October,180.0,3.0,,1.0,2025,Broker,Street,Cash,Finished,Unfurnished,Yes,Yes,1.68,White,4410000.0
EG-14145,Cairo,6th of October,175.0,3.0,2.0,5.0,2025,Broker,Other,Cash,Unfinished,Unfurnished,Yes,Yes,3.41,Off-White,3490000.0
EG-14146,Cairo,Maadi,125.0,3.0,3.0,2.0,2027,Broker,Garden,Cash,Finished,Unfurnished,No,Yes,7.6,White,8442000.0
EG-14147,Cairo,Al-Haram,158.0,,2.0,1.0,2025,Broker,Street,Cash,Unfinished,Furnished,Yes,Yes,12.47,Off-White,4900000.0
EG-14148,Cairo,Al-Haram,180.0,3.0,,7.0,2013,Broker,Street,Cash,Finished,Furnished,Yes,Yes,2.3,Beige,3211000.0
EG-14149,Cairo,6th of October,151.0,3.0,3.0,3.0,2025,Broker,Other,Installments,Unfinished,Unfurnished,Yes,Yes,8.26,White,4649000.0
EG-14150,Cairo,Heliopolis,164.0,3.0,3.0,3.0,2025,Broker,Garden,Installments,Finished,Unfurnished,Yes,Yes,10.7,Off-White,10673000.0
EG-14151,Cairo,Sheikh Zayed,174.0,3.0,2.0,2.0,2025,Broker,Garden,Cash,Finished,Unfurnished,Yes,Yes,12.92,Off-White,10328000.0
EG-14152,Cairo,Nasr City,153.0,3.0,3.0,3.0,2025,Broker,Street,Installments,Unfinished,Unfurnished,No,Yes,14.04,Grey,1131000.0
EG-14153,Cairo,Ain Shams,95.0,3.0,,12.0,2019,Broker,Other,Cash,Finished,Unfurnished,Yes,Yes,11.79,Off-White,1598000.0
EG-14154,Cairo,Nasr City,140.0,3.0,1.0,9.0,2015,Broker,Street,Installments,Finished,Unfurnished,No,No,9.83,Off-White,1461000.0
EG-14155,Cairo,Heliopolis,135.0,2.0,2.0,8.0,2020,Broker,Pool,Cash,Finished,Unfurnished,No,No,6.56,Grey,6964000.0
EG-14156,Cairo,New Cairo,245.0,3.0,3.0,3.0,2004,Broker,Garden,Cash,Finished,Unfurnished,Yes,No,1.77,Brown,7914000.0
EG-14157,Cairo,Madinaty,178.0,3.0,3.0,3.0,2019,Broker,Street,Cash,Unfinished,Unfurnished,No,Yes,10.68,White,6468000.0
EG-14158,Cairo,Al-Haram,185.0,3.0,2.0,7.0,1999,Broker,Other,Installments,Finished,Unfurnished,Yes,No,14.89,Grey,2759000.0
EG-14159,Cairo,Nasr City,129.0,3.0,2.0,2.0,2029,Broker,Street,Installments,Unfinished,Unfurnished,Yes,Yes,11.08,Off-White,3413000.0
EG-14160,Cairo,6th of October,250.0,3.0,3.0,6.0,2000,Broker,Street,Cash,Finished,Furnished,Yes,Yes,0.35,Off-White,6803000.0
EG-14161,Cairo,Nasr City,200.0,3.0,2.0,1.0,2025,Broker,Street,Cash,Finished,Furnished,Yes,Yes,7.49,White,6748000.0
EG-14162,Cairo,Al-Haram,157.0,3.0,3.0,2.0,2025,Broker,Street,Installments,Unfinished,Unfurnished,No,Yes,9.26,Beige,1149000.0
EG-14163,Cairo,Ain Shams,155.0,3.0,2.0,2.0,2025,Broker,Street,Installments,Unfinished,Furnished,Yes,Yes,10.38,Grey,1656000.0
EG-14164,Cairo,Maadi,167.0,3.0,3.0,4.0,2023,Broker,Lake,Cash,Finished,Furnished,No,No,10.82,Brown,6144000.0
EG-14165,Cairo,Ain Shams,140.0,3.0,2.0,7.0,2025,Broker,Street,Cash,Unfinished,Unfurnished,No,No,8.42,White,1973000.0
EG-14166,Cairo,Nasr City,140.0,3.0,2.0,1.0,2025,Broker,Street,Cash,Unfinished,Furnished,Yes,No,3.43,White,2157000.0
EG-14167,Cairo,Ain Shams,145.0,3.0,2.0,10.0,2000,Broker,Other,Cash,Finished,Unfurnished,No,No,14.14,Grey,2125000.0
EG-14168,Cairo,Heliopolis,200.0,3.0,2.0,9.0,1999,Broker,Pool,Cash,Finished,Furnished,No,No,10.48,Off-White,5217000.0
EG-14169,Cairo,Heliopolis,145.0,3.0,3.0,0.0,2028,Broker,Garden,Installments,Unfinished,Furnished,No,Yes,3.63,Off-White,4483000.0
EG-14170,Cairo,Shubra,155.0,3.0,3.0,6.0,2025,Broker,Street,Installments,Unfinished,Unfurnished,Yes,No,4.9,Brown,1127000.0
EG-14171,Cairo,Shubra,126.0,2.0,1.0,7.0,2001,Broker,Street,Cash,Finished,Unfurnished,Yes,No,13.84,Grey,2588000.0
EG-14172,Cairo,Nasr City,180.0,3.0,2.0,7.0,2013,Broker,Street,Cash,Finished,Furnished,Yes,Yes,13.32,White,3211000.0
EG-14173,Cairo,Maadi,165.0,3.0,3.0,3.0,2025,Broker,Street,Cash,Finished,Unfurnished,No,No,6.14,Grey,5314000.0
EG-14174,Cairo,Madinaty,250.0,3.0,3.0,6.0,2022,Broker,Garden,Cash,Finished,Unfurnished,Yes,Yes,0.67,Beige,8154000.0
EG-14175,Cairo,Al-Haram,100.0,3.0,1.0,8.0,2015,Broker,Street,Cash,Finished,Unfurnished,No,Yes,0.82,White,3235000.0
EG-14176,Cairo,Heliopolis,200.0,3.0,3.0,0.0,2016,Broker,Garden,Cash,Finished,Unfurnished,No,No,4.33,Brown,7425000.0
EG-14177,Cairo,Al-Haram,140.0,3.0,1.0,9.0,2013,Broker,Street,Cash,Finished,Furnished,Yes,No,9.47,Brown,1743000.0
EG-14178,Cairo,6th of October,115.0,2.0,1.0,6.0,2015,Broker,Street,Cash,Finished,Unfurnished,Yes,No,8.8,White,3683000.0
EG-14179,Cairo,Sheikh Zayed,164.0,3.0,3.0,3.0,2025,Broker,Garden,Installments,Finished,Unfurnished,No,No,9.54,Off-White,10054000.0
EG-14180,Cairo,Ain Shams,115.0,2.0,1.0,3.0,2000,Broker,Street,Cash,Finished,Furnished,Yes,Yes,10.79,White,2558000.0
EG-14181,Cairo,Maadi,166.0,3.0,1.0,10.0,2028,Broker,Lake,Installments,Finished,Unfurnished,Yes,Yes,0.38,White,10839000.0
EG-14182,Cairo,Maadi,165.0,3.0,2.0,4.0,2000,Broker,Street,Cash,Finished,Unfurnished,Yes,Yes,1.67,Beige,9231000.0
EG-14183,Cairo,Sheikh Zayed,300.0,3.0,3.0,13.0,2026,Broker,Garden,Cash,Finished,Unfurnished,Yes,No,5.46,White,9497000.0
EG-14184,Cairo,6th of October,80.0,2.0,1.0,4.0,2022,Broker,Street,Cash,Finished,Furnished,Yes,Yes,2.41,Grey,1687000.0
EG-14185,Cairo,6th of October,90.0,2.0,1.0,2.0,1999,Broker,Street,Cash,Finished,Unfurnished,Yes,No,1.22,Grey,4181000.0
EG-14186,Cairo,Ain Shams,115.0,,1.0,6.0,2015,Broker,Other,Cash,Finished,Unfurnished,Yes,Yes,9.65,Brown,3478000.0
EG-14187,Cairo,Al-Haram,170.0,3.0,2.0,3.0,1989,Broker,Street,Cash,Finished,Unfurnished,No,No,12.25,Off-White,3961000.0
EG-14188,Cairo,New Cairo,140.0,3.0,1.0,1.0,2000,Broker,Pool,Cash,Finished,Unfurnished,Yes,Yes,11.31,Brown,7610000.0
EG-14189,Cairo,Nasr City,160.0,3.0,2.0,2.0,2021,Broker,Street,Cash,Finished,Unfurnished,Yes,Yes,12.27,Beige,4615000.0
EG-14190,Cairo,Shubra,86.0,2.0,1.0,1.0,2025,Broker,Other,Cash,Finished,Furnished,No,Yes,10.02,White,3098000.0
EG-14191,Cairo,Shubra,157.0,3.0,3.0,2.0,2027,Broker,Street,Installments,Unfinished,Unfurnished,No,Yes,11.06,Brown,3254000.0
EG-14192,Cairo,New Cairo,110.0,2.0,2.0,1.0,2000,Broker,Garden,Cash,Finished,Unfurnished,Yes,Yes,4.15,White,8154000.0
EG-14193,Cairo,Nasr City,87.0,2.0,1.0,1.0,2025,Broker,Street,Cash,Finished,Unfurnished,No,No,14.9,Brown,3044000.0
EG-14194,Cairo,Nasr City,130.0,3.0,1.0,4.0,2020,Cash,Street,Cash,Finished,Furnished,Yes,Yes,2.83,White,3810000.0
EG-14195,Cairo,Nasr City,90.0,3.0,1.0,3.0,2025,Broker,Other,Cash,Finished,Furnished,Yes,No,3.3,Brown,4841000.0
EG-14196,Cairo,Ain Shams,129.0,3.0,1.0,1.0,2028,Broker,Street,Installments,Unfinished,Unfurnished,No,No,4.4,Grey,3216000.0
EG-14197,Cairo,Al-Haram,157.0,3.0,3.0,2.0,2027,Broker,Other,Installments,Unfinished,Furnished,Yes,No,14.63,Beige,3165000.0
EG-14198,Cairo,Heliopolis,,3.0,3.0,2.0,2027,Broker,Pool,Installments,Finished,Unfurnished,No,Yes,14.83,Brown,23672000.0
EG-14199,Cairo,Sheikh Zayed,126.0,3.0,2.0,2.0,2025,Broker,Pool,Installments,Unfinished,Unfurnished,No,No,11.94,Grey,17429000.0
EG-14200,Cairo,Maadi,101.0,2.0,1.0,3.0,2025,Broker,Lake,Installments,Unfinished,Furnished,Yes,Yes,9.47,Off-White,7067000.0
EG-14201,Cairo,Heliopolis,131.0,2.0,2.0,1.0,2029,Broker,Garden,Installments,Unfinished,Unfurnished,Yes,Yes,7.85,Brown,6247000.0
EG-14202,Cairo,New Cairo,130.0,2.0,2.0,1.0,2028,Broker,Street,Installments,Unfinished,Unfurnished,Yes,Yes,14.56,White,9350000.0
EG-14203,Cairo,Sheikh Zayed,126.0,2.0,3.0,2.0,2028,Broker,Garden,Installments,Finished,Unfurnished,Yes,Yes,10.46,Beige,11792000.0
EG-14204,Cairo,Maadi,208.0,3.0,3.0,2.0,2025,Broker,Street,Cash,Unfinished,Furnished,No,No,14.18,Grey,5901000.0
EG-14205,Cairo,Shubra,165.0,3.0,2.0,15.0,2014,Broker,Other,Cash,Finished,Furnished,Yes,Yes,4.82,Grey,1845000.0
EG-14206,Cairo,Al-Haram,81.0,1.0,1.0,4.0,2028,Broker,Street,Installments,Unfinished,Unfurnished,Yes,Yes,5.07,Beige,4643000.0
EG-14207,Cairo,Madinaty,164.0,3.0,3.0,3.0,2025,Broker,Pool,Installments,Finished,Unfurnished,No,Yes,12.84,Brown,10359000.0
EG-14208,Cairo,Al-Haram,85.0,2.0,1.0,3.0,2026,Broker,Street,Cash,Unfinished,Unfurnished,Yes,Yes,2.33,White,2570000.0
EG-14209,Cairo,Al-Haram,87.0,2.0,1.0,1.0,2025,Broker,Street,Cash,Finished,Furnished,Yes,Yes,14.19,Off-White,3429000.0
EG-14210,Cairo,6th of October,120.0,3.0,1.0,2.0,2001,Broker,Street,Cash,Finished,Furnished,Yes,Yes,7.66,Brown,4680000.0
EG-14211,Cairo,Heliopolis,110.0,2.0,1.0,5.0,2010,Broker,Pool,Cash,Finished,Unfurnished,No,Yes,13.9,Beige,4221000.0
EG-14212,Cairo,Shubra,68.0,1.0,1.0,1.0,2029,Broker,Street,Installments,Unfinished,Unfurnished,Yes,No,5.12,Brown,3003000.0
EG-14213,Cairo,6th of October,122.0,2.0,2.0,1.0,2024,Broker,Street,Cash,Unfinished,Unfurnished,Yes,No,10.77,Brown,3511000.0
EG-14214,Cairo,Maadi,425.0,1.0,1.0,5.0,2025,Broker,Lake,Cash,Unfinished,Unfurnished,Yes,Yes,7.29,Beige,4788000.0
EG-14215,Cairo,Sheikh Zayed,250.0,4.0,3.0,2.0,2011,Broker,Street,Installments,Unfinished,Furnished,No,No,9.44,Beige,7659000.0
EG-14216,Cairo,New Cairo,133.0,2.0,2.0,1.0,2025,Broker,Garden,Installments,Unfinished,Unfurnished,Yes,Yes,7.62,Off-White,9073000.0
EG-14217,Cairo,Al-Haram,120.0,2.0,2.0,2.0,1993,Broker,Street,Cash,Finished,Unfurnished,Yes,No,14.51,Beige,2688000.0
EG-14218,Cairo,Al-Haram,101.0,2.0,1.0,3.0,2025,Broker,Street,Installments,Unfinished,Furnished,Yes,Yes,10.41,Beige,6604000.0
EG-14219,Cairo,Ain Shams,130.0,2.0,2.0,2.0,2013,Cash,Street,Cash,Finished,Unfurnished,No,No,3.84,Beige,2899000.0
EG-14220,Cairo,6th of October,115.0,2.0,1.0,3.0,2025,Broker,Street,Cash,Finished,Unfurnished,Yes,Yes,13.65,Grey,3590000.0
EG-14221,Cairo,Heliopolis,225.0,3.0,2.0,14.0,2006,Broker,Pool,Cash,Finished,Furnished,No,Yes,4.48,Beige,8623000.0
EG-14222,Cairo,Al-Haram,140.0,3.0,2.0,3.0,2000,Broker,Other,Cash,Finished,Unfurnished,Yes,Yes,5.64,Beige,2726000.0
EG-14223,Cairo,6th of October,84.0,1.0,1.0,1.0,2029,Broker,Street,Installments,Unfinished,Unfurnished,No,Yes,1.62,Beige,3785000.0
EG-14224,Cairo,Heliopolis,,2.0,2.0,3.0,2025,Broker,Garden,Cash,Finished,Unfurnished,No,No,13.51,Off-White,5428000.0
EG-14225,Cairo,Al-Haram,108.0,2.0,1.0,2.0,2025,Broker,Street,Cash,Finished,Unfurnished,No,No,4.36,Brown,2899000.0
EG-14226,Cairo,Ain Shams,144.0,2.0,2.0,4.0,2025,Broker,Street,Cash,Unfinished,Unfurnished,Yes,Yes,3.96,Beige,3332000.0
EG-14227,Cairo,Shubra,229.0,3.0,2.0,4.0,2023,Broker,Street,Cash,Finished,Unfurnished,Yes,Yes,13.81,Beige,3744000.0
EG-14228,Cairo,Shubra,103.0,2.0,1.0,2.0,2029,Broker,Other,Installments,Unfinished,Unfurnished,No,Yes,12.1,Off-White,2808000.0
EG-14229,Cairo,Ain Shams,180.0,3.0,2.0,0.0,2023,Broker,Street,Cash,Finished,Unfurnished,No,Yes,2.2,Brown,3086000.0
EG-14230,Cairo,Heliopolis,221.0,3.0,3.0,1.0,2028,Developer,Street,Installments,Unfinished,Furnished,No,Yes,11.56,Off-White,6341000.0
EG-14231,Cairo,New Cairo,300.0,4.0,4.0,12.0,2017,Broker,Garden,Cash,Finished,Unfurnished,Yes,Yes,13.7,White,14677000.0
EG-14232,Cairo,Maadi,,3.0,2.0,10.0,2025,Broker,Street,Cash,Finished,Furnished,No,No,1.27,White,4819000.0
EG-14233,Cairo,Nasr City,90.0,2.0,2.0,3.0,1990,Broker,Street,Cash,Finished,Furnished,Yes,Yes,12.4,White,2503000.0
EG-14234,Cairo,Al-Haram,195.0,3.0,2.0,5.0,2025,Broker,Street,Installments,Unfinished,Furnished,No,No,8.26,Beige,4177000.0
EG-14235,Cairo,New Cairo,204.0,,3.0,3.0,2024,Broker,Pool,Cash,Finished,Unfurnished,No,No,10.07,Off-White,11266000.0
EG-14236,Cairo,Al-Haram,136.0,3.0,2.0,2.0,2022,Broker,Street,Cash,Finished,Furnished,Yes,Yes,7.44,Beige,3810000.0
EG-14237,Cairo,Shubra,100.0,2.0,1.0,10.0,2011,Broker,Street,Cash,Finished,Unfurnished,No,Yes,10.5,White,2489000.0
EG-14238,Cairo,Shubra,150.0,3.0,1.0,3.0,2024,Broker,Street,Cash,Finished,Unfurnished,Yes,No,0.61,Brown,2389000.0
EG-14239,Cairo,Sheikh Zayed,142.0,2.0,2.0,4.0,2025,Broker,Garden,Installments,Finished,Unfurnished,Yes,Yes,11.46,Brown,8437000.0
EG-14240,Cairo,Shubra,120.0,2.0,1.0,1.0,2000,Broker,Other,Cash,Finished,Furnished,Yes,Yes,0.6,Off-White,3491000.0
EG-14241,Cairo,Heliopolis,175.0,3.0,2.0,1.0,2025,Broker,Garden,Cash,Finished,Unfurnished,Yes,No,6.88,Brown,6331000.0
EG-14242,Cairo,Al-Haram,200.0,3.0,3.0,1.0,2025,Broker,Street,Cash,Unfinished,Furnished,Yes,Yes,2.35,White,6567000.0
EG-14243,Cairo,6th of October,,3.0,,,2001,Developer,Street,Cash,Finished,Furnished,Yes,No,12.37,Off-White,4226000.0
EG-14244,Cairo,Maadi,220.0,3.0,2.0,1.0,2025,Broker,Lake,Cash,Finished,Unfurnished,Yes,Yes,4.77,Off-White,9328000.0
EG-14245,Cairo,Heliopolis,168.0,3.0,3.0,2.0,2028,Broker,Garden,Installments,Unfinished,Furnished,Yes,No,6.87,White,10090000.0
EG-14246,Cairo,Heliopolis,142.0,2.0,1.0,4.0,2025,Broker,Pool,Installments,Finished,Unfurnished,No,No,6.49,White,9165000.0
EG-14247,Cairo,Al-Haram,130.0,3.0,,2.0,2025,Developer,Street,Cash,Finished,Unfurnished,Yes,Yes,11.61,White,6718000.0
EG-14248,Cairo,New Cairo,223.0,3.0,3.0,4.0,2025,Broker,Garden,Cash,Finished,Furnished,Yes,No,7.27,White,20157000.0
EG-14249,Cairo,Heliopolis,142.0,2.0,1.0,4.0,2025,Broker,Garden,Cash,Finished,Unfurnished,Yes,No,11.86,Off-White,5222000.0
EG-14250,Cairo,Heliopolis,165.0,3.0,2.0,1.0,2002,Broker,Garden,Cash,Finished,Furnished,No,Yes,1.2,Brown,6719000.0
EG-14251,Cairo,Shubra,145.0,3.0,1.0,12.0,2014,Broker,Street,Cash,Finished,Furnished,Yes,No,2.95,White,3011000.0
EG-14252,Cairo,6th of October,175.0,3.0,3.0,1.0,2025,Broker,Street,Cash,Finished,Unfurnished,No,Yes,8.32,Grey,5575000.0
EG-14253,Cairo,Sheikh Zayed,205.0,3.0,2.0,2.0,2020,Broker,Garden,Cash,Unfinished,Furnished,Yes,No,14.21,Off-White,8316000.0
EG-14254,Cairo,Sheikh Zayed,,3.0,3.0,3.0,2025,Broker,Garden,Cash,Finished,Unfurnished,Yes,Yes,1.21,Beige,15764000.0
EG-14255,Cairo,Heliopolis,154.0,3.0,2.0,1.0,2026,Broker,Pool,Installments,Unfinished,Furnished,Yes,Yes,0.74,Brown,4178000.0
EG-14256,Cairo,New Cairo,245.0,4.0,3.0,5.0,2025,Broker,Garden,Cash,Finished,Unfurnished,Yes,Yes,2.43,Off-White,8154000.0
EG-14257,Cairo,Maadi,250.0,3.0,3.0,7.0,2013,Broker,Lake,Cash,Finished,Unfurnished,Yes,Yes,9.65,White,11523000.0
EG-14258,Cairo,New Cairo,159.0,3.0,3.0,3.0,2025,Broker,Garden,Cash,Finished,Unfurnished,Yes,No,6.04,Grey,7914000.0
EG-14259,Cairo,6th of October,250.0,3.0,3.0,1.0,2025,Broker,Street,Installments,Unfinished,Unfurnished,No,Yes,12.4,Beige,5678000.0
EG-14260,Cairo,6th of October,203.0,3.0,3.0,2.0,2026,Broker,Street,Installments,Unfinished,Unfurnished,Yes,Yes,1.17,Brown,4615000.0
EG-14261,Cairo,Al-Haram,56.0,,1.0,3.0,2026,Broker,Street,Installments,Unfinished,Unfurnished,No,Yes,3.03,White,3526000.0
EG-14262,Cairo,Nasr City,170.0,3.0,3.0,1.0,2028,Broker,Street,Installments,Unfinished,Furnished,No,Yes,4.57,Off-White,3108000.0
EG-14263,Cairo,Al-Haram,158.0,3.0,3.0,2.0,2028,Broker,Street,Installments,Unfinished,Unfurnished,No,Yes,9.44,Off-White,4557000.0
EG-14264,Cairo,Al-Haram,130.0,3.0,1.0,5.0,2001,Broker,Street,Cash,Finished,Unfurnished,Yes,Yes,10.31,Brown,2359000.0
EG-14265,Cairo,6th of October,129.0,3.0,2.0,2.0,2028,Broker,Other,Installments,Unfinished,Unfurnished,Yes,No,1.95,Grey,3341000.0
EG-14266,Cairo,Al-Haram,185.0,3.0,3.0,3.0,2025,Broker,Street,Cash,Unfinished,Unfurnished,Yes,Yes,14.16,White,5236000.0
EG-14267,Cairo,Maadi,128.0,3.0,2.0,1.0,2027,Broker,Garden,Installments,Unfinished,Unfurnished,No,No,5.18,Brown,3620000.0
EG-14268,Cairo,Ain Shams,,3.0,2.0,3.0,2028,Broker,Street,Installments,Unfinished,Unfurnished,No,No,10.73,Brown,2797000.0
EG-14269,Cairo,Al-Haram,103.0,2.0,2.0,2.0,2028,Broker,Street,Installments,Unfinished,Unfurnished,Yes,Yes,7.91,Off-White,3271000.0
EG-14270,Cairo,Heliopolis,340.0,4.0,2.0,,2025,Broker,Pool,Cash,Unfinished,Unfurnished,Yes,No,3.42,Brown,7346000.0
EG-14271,Cairo,Nasr City,195.0,3.0,2.0,4.0,2025,Broker,Street,Cash,Finished,Unfurnished,Yes,Yes,12.71,Beige,3333000.0
EG-14272,Cairo,Al-Haram,150.0,3.0,2.0,1.0,2025,Broker,Street,Cash,Unfinished,Furnished,No,Yes,12.29,Beige,2452000.0
EG-14273,Cairo,Sheikh Zayed,179.0,3.0,,2.0,2029,Broker,Street,Installments,Finished,Unfurnished,Yes,Yes,6.0,White,12723000.0
EG-14274,Cairo,Maadi,132.0,2.0,1.0,9.0,2011,Broker,Pool,Cash,Finished,Unfurnished,No,Yes,8.87,Brown,5487000.0
EG-14275,Cairo,Heliopolis,170.0,3.0,3.0,6.0,2020,Broker,Pool,Cash,Finished,Unfurnished,No,Yes,3.94,Off-White,5434000.0
EG-14276,Cairo,Ain Shams,120.0,3.0,1.0,5.0,2000,Broker,Other,Cash,Finished,Unfurnished,No,No,10.38,White,3365000.0
EG-14277,Cairo,Nasr City,164.0,3.0,2.0,3.0,2027,Broker,Street,Installments,Unfinished,Unfurnished,Yes,No,4.7,Grey,3329000.0
EG-14278,Cairo,Nasr City,200.0,3.0,2.0,4.0,2025,Broker,Street,Cash,Finished,Furnished,Yes,No,12.68,Off-White,6603000.0
EG-14279,Cairo,Heliopolis,158.0,3.0,2.0,5.0,2025,Broker,Garden,Installments,Finished,Furnished,Yes,Yes,3.34,Grey,7450000.0
EG-14280,Cairo,6th of October,188.0,3.0,3.0,1.0,2027,Broker,Street,Installments,Unfinished,Furnished,No,No,0.32,White,4246000.0
EG-14281,Cairo,6th of October,184.0,3.0,2.0,3.0,2028,Broker,Street,Installments,Unfinished,Furnished,Yes,No,4.1,Beige,4591000.0
EG-14282,Cairo,Al-Haram,169.0,3.0,2.0,1.0,2025,Broker,Other,Cash,Finished,Unfurnished,No,Yes,2.95,Off-White,5018000.0
EG-14283,Cairo,Sheikh Zayed,,3.0,2.0,,2027,Broker,Garden,Installments,Finished,Unfurnished,No,Yes,7.67,Off-White,11321000.0
EG-14284,Cairo,Maadi,225.0,4.0,3.0,3.0,2025,Broker,Lake,Cash,Finished,Furnished,No,Yes,3.14,White,8252000.0
EG-14285,Cairo,Al-Haram,125.0,3.0,1.0,2.0,2024,Broker,Other,Cash,Finished,Furnished,No,Yes,11.47,Off-White,2711000.0
EG-14286,Cairo,Maadi,180.0,3.0,2.0,2.0,2025,Broker,Lake,Installments,Unfinished,Furnished,Yes,No,3.7,Off-White,7778000.0
EG-14287,Cairo,Al-Haram,130.0,3.0,1.0,0.0,2024,Broker,Street,Cash,Finished,Furnished,Yes,No,10.63,White,3803000.0
EG-14288,Cairo,Shubra,140.0,3.0,2.0,3.0,2027,Broker,Street,Installments,Unfinished,Unfurnished,Yes,Yes,8.72,Brown,3482000.0
EG-14289,Cairo,6th of October,160.0,,2.0,4.0,2025,Broker,Street,Cash,Finished,Furnished,No,No,14.8,White,5434000.0
EG-14290,Cairo,Nasr City,146.0,3.0,,2.0,2025,Broker,Street,Installments,Unfinished,Furnished,No,No,15.0,Off-White,5733000.0
EG-14291,Cairo,6th of October,212.0,3.0,3.0,3.0,2028,Broker,Street,Installments,Unfinished,Unfurnished,Yes,No,13.06,White,4567000.0
EG-14292,Cairo,Ain Shams,122.0,3.0,1.0,11.0,2024,Broker,Street,Installments,Unfinished,Furnished,Yes,Yes,11.42,Off-White,2611000.0
EG-14293,Cairo,Heliopolis,,2.0,1.0,5.0,2018,Broker,Street,Cash,Finished,Unfurnished,No,Yes,5.86,Grey,5774000.0
EG-14294,Cairo,Madinaty,124.0,2.0,2.0,3.0,2015,Broker,Street,Cash,Finished,Unfurnished,Yes,Yes,11.32,Grey,10256000.0
EG-14295,Cairo,Nasr City,170.0,4.0,2.0,11.0,2020,Broker,Street,Cash,Finished,Furnished,Yes,No,14.35,Beige,3803000.0
EG-14296,Cairo,Maadi,190.0,3.0,3.0,1.0,2015,Broker,Garden,Cash,Finished,Unfurnished,Yes,No,0.45,White,15828000.0
EG-14297,Cairo,Nasr City,220.0,3.0,,6.0,2007,Broker,Street,Cash,Finished,Unfurnished,No,Yes,8.11,White,5674000.0
EG-14298,Cairo,New Cairo,200.0,3.0,3.0,2.0,2025,Broker,Street,Cash,Finished,Furnished,No,Yes,3.35,Grey,7395000.0
EG-14299,Cairo,Maadi,215.0,3.0,3.0,1.0,2026,Developer,Lake,Installments,Unfinished,Furnished,No,No,8.41,Grey,4698000.0
EG-14300,Cairo,6th of October,170.0,3.0,3.0,1.0,2028,Broker,Street,Installments,Unfinished,Unfurnished,No,Yes,7.05,Grey,3369000.0
EG-14301,Cairo,6th of October,230.0,3.0,3.0,6.0,2025,Broker,Street,Cash,Finished,Unfurnished,Yes,Yes,8.68,Beige,6667000.0
EG-14302,Cairo,Maadi,200.0,3.0,2.0,1.0,2025,Broker,Pool,Cash,Finished,Unfurnished,No,Yes,8.31,Beige,6120000.0
EG-14303,Cairo,New Cairo,168.0,3.0,2.0,2.0,2024,Broker,Garden,Cash,Unfinished,Furnished,Yes,Yes,14.41,Brown,9531000.0
EG-14304,Cairo,Al-Haram,90.0,2.0,1.0,1.0,1990,Broker,Street,Cash,Finished,Furnished,Yes,Yes,8.33,White,3810000.0
EG-14305,Cairo,Heliopolis,180.0,3.0,2.0,1.0,2025,Broker,Garden,Cash,Finished,Unfurnished,Yes,Yes,12.71,Beige,4349000.0
EG-14306,Cairo,Ain Shams,140.0,3.0,1.0,6.0,2018,Broker,Street,Cash,Finished,Unfurnished,Yes,No,4.87,Off-White,3285000.0
EG-14307,Cairo,Ain Shams,,3.0,2.0,3.0,2025,Broker,Street,Installments,Unfinished,Unfurnished,No,No,6.63,White,1058000.0
EG-14308,Cairo,Maadi,205.0,3.0,3.0,1.0,2019,Broker,Street,Cash,Finished,Furnished,No,Yes,7.11,Brown,24086000.0
EG-14309,Cairo,Al-Haram,110.0,2.0,2.0,1.0,1990,Broker,Street,Cash,Finished,Unfurnished,No,Yes,4.25,Grey,5475000.0
EG-14310,Cairo,Al-Haram,90.0,2.0,1.0,3.0,2000,Broker,Street,Cash,Finished,Unfurnished,No,Yes,5.76,Brown,3833000.0
EG-14311,Cairo,Al-Haram,95.0,2.0,2.0,3.0,2026,Broker,Street,Installments,Unfinished,Unfurnished,Yes,Yes,9.02,White,1941000.0
EG-14312,Cairo,Shubra,130.0,3.0,1.0,5.0,2023,Broker,Street,Cash,Unfinished,Furnished,Yes,No,8.74,Grey,1569000.0
EG-14313,Cairo,Al-Haram,196.0,3.0,3.0,1.0,2025,Broker,Street,Cash,Unfinished,Unfurnished,No,Yes,9.58,Brown,5082000.0
EG-14314,Cairo,Nasr City,140.0,3.0,2.0,7.0,2021,Broker,Other,Cash,Finished,Unfurnished,Yes,Yes,5.34,Brown,2820000.0
EG-14315,Cairo,Sheikh Zayed,230.0,4.0,3.0,1.0,2025,Broker,Garden,Cash,Finished,Furnished,Yes,No,4.81,White,9182000.0
EG-14316,Cairo,6th of October,,3.0,3.0,2.0,2025,Broker,Street,Cash,Unfinished,Unfurnished,No,No,9.21,Beige,4036000.0
EG-14317,Cairo,Al-Haram,,3.0,3.0,2.0,2028,Broker,Street,Installments,Unfinished,Unfurnished,Yes,Yes,2.08,Off-White,3018000.0
EG-14318,Cairo,Al-Haram,150.0,,2.0,3.0,2015,Broker,Street,Cash,Unfinished,Furnished,Yes,Yes,3.87,Brown,2829000.0
EG-14319,Cairo,New Cairo,163.0,3.0,2.0,,2024,Broker,Pool,Cash,Finished,Unfurnished,Yes,Yes,0.73,Off-White,14677000.0
EG-14320,Cairo,Shubra,165.0,3.0,,,2018,Broker,Other,Cash,Finished,Furnished,Yes,Yes,1.18,White,1796000.0
EG-14321,Cairo,Heliopolis,128.0,3.0,2.0,3.0,2028,Broker,Garden,Installments,Unfinished,Unfurnished,No,Yes,3.73,White,4035000.0
EG-14322,Cairo,Nasr City,200.0,3.0,2.0,4.0,2005,Broker,Street,Cash,Finished,Unfurnished,No,No,0.39,Beige,3672000.0
EG-14323,Cairo,Nasr City,140.0,3.0,3.0,1.0,2025,Broker,Street,Cash,Finished,Unfurnished,Yes,Yes,3.76,Grey,3949000.0
EG-14324,Cairo,6th of October,145.0,3.0,3.0,2.0,2028,Broker,Street,Installments,Unfinished,Unfurnished,No,No,9.86,Off-White,3936000.0
EG-14325,Cairo,Heliopolis,202.0,3.0,3.0,1.0,2025,Broker,Street,Cash,Finished,Unfurnished,No,No,1.01,Brown,6957000.0
EG-14326,Cairo,Shubra,130.0,3.0,1.0,1.0,2025,Broker,Street,Cash,Finished,Unfurnished,Yes,Yes,6.61,Grey,3590000.0
EG-14327,Cairo,Shubra,115.0,,2.0,9.0,1995,Broker,Street,Cash,Finished,Unfurnished,No,Yes,13.71,Off-White,2986000.0
EG-14328,Cairo,6th of October,170.0,3.0,2.0,2.0,2025,Broker,Street,Cash,Finished,Furnished,Yes,No,11.89,Off-White,3275000.0
EG-14329,Cairo,Maadi,200.0,3.0,2.0,4.0,2019,Broker,Garden,Cash,Unfinished,Furnished,No,Yes,4.65,Grey,5977000.0
EG-14330,Cairo,Maadi,170.0,3.0,2.0,4.0,2006,Broker,Street,Cash,Finished,Unfurnished,No,Yes,13.88,Grey,4928000.0
EG-14331,Cairo,Nasr City,115.0,2.0,2.0,9.0,1995,Broker,Other,Cash,Finished,Furnished,Yes,Yes,5.01,Beige,2993000.0
EG-14332,Cairo,Heliopolis,185.0,3.0,2.0,2.0,2025,Broker,Street,Cash,Unfinished,Unfurnished,No,No,1.18,Brown,3901000.0
EG-14333,Cairo,Shubra,170.0,3.0,2.0,2.0,2010,Broker,Street,Cash,Finished,Unfurnished,No,Yes,14.91,Brown,3385000.0
EG-14334,Cairo,Heliopolis,200.0,3.0,3.0,1.0,2017,Broker,Garden,Cash,Finished,Furnished,Yes,Yes,13.06,Brown,8653000.0
EG-14335,Cairo,6th of October,90.0,,1.0,8.0,2007,Broker,Street,Installments,Finished,Unfurnished,Yes,No,7.04,Grey,1645000.0
EG-14336,Cairo,Nasr City,130.0,2.0,2.0,1.0,2020,Broker,Street,Cash,Finished,Unfurnished,Yes,No,10.03,Beige,5973000.0
EG-14337,Cairo,Maadi,240.0,,3.0,5.0,2020,Broker,Lake,Cash,Unfinished,Unfurnished,Yes,No,10.1,White,7910000.0
EG-14338,Cairo,Ain Shams,126.0,3.0,2.0,0.0,2025,Broker,Street,Installments,Unfinished,Furnished,Yes,No,3.0,Beige,3435000.0
EG-14339,Cairo,New Cairo,250.0,3.0,3.0,2.0,2025,Broker,Street,Cash,Finished,Unfurnished,Yes,Yes,3.08,Grey,9231000.0
EG-14340,Cairo,Al-Haram,80.0,2.0,1.0,4.0,2019,Broker,Street,Cash,Finished,Unfurnished,Yes,No,7.1,Beige,2409000.0
EG-14341,Cairo,Heliopolis,215.0,3.0,4.0,0.0,2025,Broker,Garden,Cash,Unfinished,Unfurnished,Yes,Yes,13.68,Grey,7367000.0
EG-14342,Cairo,Sheikh Zayed,200.0,3.0,3.0,2.0,2018,Broker,Street,Cash,Finished,Unfurnished,No,No,0.25,Off-White,9179000.0
EG-14343,Cairo,Heliopolis,,2.0,2.0,3.0,2025,Broker,Garden,Cash,Unfinished,Furnished,No,Yes,11.76,Off-White,5717000.0
EG-14344,Cairo,6th of October,150.0,3.0,2.0,2.0,2021,Broker,Street,Cash,Finished,Unfurnished,No,No,0.96,White,5314000.0
EG-14345,Cairo,Sheikh Zayed,185.0,,2.0,6.0,2020,Broker,Pool,Cash,Unfinished,Furnished,Yes,No,7.23,Off-White,8316000.0
EG-14346,Cairo,Maadi,240.0,4.0,3.0,1.0,2023,Broker,Garden,Cash,Finished,Furnished,No,Yes,9.6,White,12318000.0
EG-14347,Cairo,Nasr City,160.0,3.0,3.0,3.0,2025,Broker,Street,Cash,Finished,Furnished,No,No,10.33,Brown,5229000.0
EG-14348,Cairo,Ain Shams,200.0,3.0,2.0,1.0,2002,Broker,Street,Cash,Finished,Furnished,No,No,0.97,Grey,3486000.0
EG-14349,Cairo,Sheikh Zayed,140.0,3.0,2.0,2.0,2019,Broker,Garden,Cash,Finished,Unfurnished,No,Yes,6.34,Brown,7386000.0
EG-14350,Cairo,Al-Haram,,2.0,2.0,3.0,2020,Broker,Street,Cash,Finished,Furnished,No,Yes,8.8,Brown,4860000.0
EG-14351,Cairo,Ain Shams,80.0,2.0,1.0,4.0,2020,Broker,Other,Cash,Finished,Unfurnished,Yes,No,1.08,White,1414000.0
EG-14352,Cairo,Nasr City,150.0,3.0,1.0,3.0,2021,Broker,Street,Cash,Finished,Unfurnished,Yes,No,2.11,Grey,2389000.0
EG-14353,Cairo,Sheikh Zayed,205.0,3.0,2.0,1.0,2025,Broker,Garden,Cash,Finished,Unfurnished,Yes,Yes,9.99,White,8697000.0
EG-14354,Cairo,Maadi,154.0,3.0,3.0,4.0,2025,Broker,Lake,Installments,Finished,Unfurnished,Yes,Yes,7.87,Beige,10597000.0
EG-14355,Cairo,New Cairo,234.0,4.0,3.0,5.0,2026,Broker,Garden,Installments,Finished,Unfurnished,No,No,2.51,Brown,14984000.0
EG-14356,Cairo,Al-Haram,145.0,3.0,2.0,3.0,2002,Broker,Street,Cash,Finished,Furnished,Yes,Yes,8.08,Grey,3211000.0
EG-14357,Cairo,Madinaty,261.0,4.0,4.0,4.0,2011,Broker,Garden,Cash,Finished,Unfurnished,No,Yes,13.7,Brown,19206000.0
EG-14358,Cairo,New Cairo,146.0,3.0,3.0,1.0,2026,Broker,Pool,Installments,Unfinished,Furnished,No,Yes,0.33,Beige,8320000.0
EG-14359,Cairo,Heliopolis,220.0,3.0,3.0,1.0,2020,Broker,Pool,Cash,Finished,Unfurnished,Yes,Yes,9.68,Beige,4892000.0
EG-14360,Cairo,Sheikh Zayed,127.0,3.0,3.0,1.0,2023,Broker,Pool,Installments,Finished,Unfurnished,Yes,No,1.2,Grey,7719000.0
EG-14361,Cairo,Ain Shams,150.0,3.0,2.0,3.0,2020,Broker,Street,Cash,Finished,Unfurnished,Yes,Yes,0.2,Grey,3026000.0
EG-14362,Cairo,Nasr City,190.0,3.0,2.0,1.0,2025,Broker,Street,Cash,Finished,Furnished,No,Yes,2.34,Beige,3486000.0
EG-14363,Cairo,Heliopolis,104.0,2.0,1.0,1.0,2027,Broker,Garden,Installments,Finished,Furnished,No,Yes,6.4,Brown,6815000.0
EG-14364,Cairo,Al-Haram,54.0,1.0,1.0,1.0,2027,Broker,Street,Installments,Finished,Unfurnished,No,Yes,12.05,Off-White,2622000.0
EG-14365,Cairo,Heliopolis,400.0,4.0,4.0,1.0,2025,Broker,Pool,Cash,Finished,Unfurnished,Yes,No,4.3,Brown,14773000.0
EG-14366,Cairo,Ain Shams,160.0,3.0,3.0,10.0,2025,Broker,Street,Installments,Finished,Furnished,Yes,Yes,9.42,Off-White,1805000.0
EG-14367,Cairo,Ain Shams,133.0,3.0,2.0,0.0,2025,Broker,Other,Installments,Unfinished,Unfurnished,Yes,No,6.23,White,3033000.0
EG-14368,Cairo,New Cairo,180.0,3.0,3.0,2.0,2020,Broker,Garden,Cash,Finished,Furnished,Yes,No,3.59,Grey,20157000.0
EG-14369,Cairo,Maadi,215.0,4.0,3.0,1.0,2024,Broker,Lake,Cash,Finished,Unfurnished,No,Yes,7.76,Beige,8521000.0
EG-14370,Cairo,Nasr City,150.0,3.0,1.0,1.0,1980,Broker,Street,Cash,Finished,Unfurnished,Yes,No,11.98,White,3833000.0
EG-14371,Cairo,New Cairo,211.0,3.0,3.0,5.0,2016,Broker,Street,Cash,Finished,Furnished,Yes,Yes,12.5,Brown,10340000.0
EG-14372,Cairo,Heliopolis,208.0,3.0,2.0,1.0,2025,Broker,Pool,Cash,Finished,Unfurnished,Yes,No,12.71,Off-White,8178000.0
EG-14373,Cairo,New Cairo,180.0,,2.0,0.0,2028,Broker,Pool,Installments,Unfinished,Furnished,Yes,Yes,5.14,Grey,9046000.0
EG-14374,Cairo,Heliopolis,180.0,3.0,2.0,3.0,2023,Broker,Garden,Cash,Finished,Unfurnished,No,Yes,11.92,Off-White,5118000.0
EG-14375,Cairo,Ain Shams,175.0,3.0,2.0,4.0,2025,Broker,Street,Cash,Finished,Unfurnished,Yes,No,3.26,Brown,3285000.0
EG-14376,Cairo,Al-Haram,119.0,3.0,3.0,5.0,2025,Broker,Street,Cash,Finished,Unfurnished,Yes,Yes,11.1,Brown,6872000.0
EG-14377,Cairo,Sheikh Zayed,163.0,3.0,3.0,4.0,2018,Broker,Street,Cash,Unfinished,Unfurnished,No,Yes,14.23,Beige,6930000.0
EG-14378,Cairo,Al-Haram,276.0,13.0,2.0,13.0,1992,Broker,Street,Cash,Finished,Furnished,Yes,Yes,0.3,White,5442000.0
EG-14379,Cairo,6th of October,180.0,3.0,2.0,3.0,2025,Broker,Street,Cash,Finished,Unfurnished,No,Yes,6.66,Grey,6471000.0
EG-14380,Cairo,Shubra,150.0,3.0,2.0,1.0,2025,Broker,Street,Cash,Finished,Unfurnished,No,Yes,9.75,Beige,2389000.0
EG-14381,Cairo,Heliopolis,245.0,3.0,3.0,1.0,2025,Broker,Street,Cash,Finished,Unfurnished,No,Yes,10.56,Off-White,9955000.0
EG-14382,Cairo,6th of October,140.0,3.0,1.0,10.0,2025,Broker,Street,Cash,Finished,Furnished,Yes,No,2.72,White,4226000.0
EG-14383,Cairo,New Cairo,160.0,3.0,2.0,16.0,2015,Broker,Garden,Cash,Finished,Unfurnished,No,Yes,14.59,Grey,7914000.0
EG-14384,Cairo,Sheikh Zayed,220.0,3.0,3.0,6.0,2020,Broker,Garden,Cash,Finished,Unfurnished,No,Yes,9.27,Off-White,10024000.0
EG-14385,Cairo,Ain Shams,158.0,3.0,3.0,3.0,2028,Broker,Other,Installments,Unfinished,Unfurnished,Yes,No,2.55,Grey,2741000.0
EG-14386,Cairo,Al-Haram,170.0,3.0,3.0,1.0,2028,Broker,Other,Installments,Unfinished,Unfurnished,No,No,0.41,Grey,2786000.0
EG-14387,Cairo,Ain Shams,102.0,2.0,2.0,1.0,2010,Broker,Street,Cash,Finished,Unfurnished,Yes,Yes,11.77,White,1631000.0
EG-14388,Cairo,Al-Haram,130.0,3.0,2.0,0.0,2028,Broker,Street,Installments,Unfinished,Unfurnished,No,No,1.29,Off-White,5690000.0
EG-14389,Cairo,Madinaty,160.0,3.0,2.0,16.0,2015,Broker,Garden,Cash,Finished,Unfurnished,Yes,Yes,2.2,Beige,8154000.0
EG-14390,Cairo,Nasr City,102.0,2.0,2.0,1.0,2010,Broker,Other,Cash,Finished,Unfurnished,No,No,8.66,Beige,1408000.0
EG-14391,Cairo,Ain Shams,80.0,2.0,1.0,1.0,2019,Broker,Street,Cash,Finished,Unfurnished,No,Yes,9.09,Beige,1443000.0
EG-14392,Cairo,Heliopolis,175.0,3.0,2.0,3.0,2025,Broker,Garden,Cash,Unfinished,Furnished,Yes,Yes,10.33,Grey,4819000.0
EG-14393,Cairo,Ain Shams,140.0,3.0,2.0,1.0,2025,Developer,Street,Installments,Unfinished,Unfurnished,Yes,Yes,5.96,Brown,2873000.0
EG-14394,Cairo,New Cairo,60.0,1.0,1.0,2.0,2028,Broker,Street,Installments,Finished,Furnished,Yes,No,11.63,White,8343000.0
EG-14395,Cairo,Sheikh Zayed,230.0,3.0,3.0,6.0,1990,Broker,Garden,Cash,Finished,Unfurnished,Yes,Yes,14.62,Beige,9241000.0
EG-14396,Cairo,Heliopolis,135.0,2.0,2.0,2.0,2022,Broker,Pool,Cash,Finished,Unfurnished,Yes,No,4.14,White,11607000.0
EG-14397,Cairo,Shubra,167.0,3.0,3.0,1.0,2025,Developer,Other,Installments,Unfinished,Unfurnished,Yes,No,10.58,Grey,3214000.0
EG-14398,Cairo,Al-Haram,145.0,3.0,3.0,2.0,2028,Broker,Street,Installments,Unfinished,Unfurnished,Yes,No,13.93,White,4051000.0
EG-14399,Cairo,Ain Shams,80.0,2.0,1.0,0.0,2005,Broker,Street,Cash,Finished,Unfurnished,Yes,Yes,10.33,Beige,1231000.0
EG-14400,Cairo,Maadi,135.0,2.0,3.0,1.0,2026,Broker,Pool,Installments,Finished,Unfurnished,Yes,No,10.25,Beige,7903000.0
EG-14401,Cairo,New Cairo,180.0,3.0,3.0,1.0,2025,Broker,Street,Cash,Finished,Unfurnished,No,Yes,3.43,Grey,7964000.0
EG-14402,Cairo,Heliopolis,140.0,3.0,3.0,5.0,2022,Broker,Street,Cash,Finished,Furnished,Yes,Yes,8.07,Grey,5660000.0
EG-14403,Cairo,New Cairo,236.0,3.0,3.0,0.0,2017,Broker,Pool,Cash,Unfinished,Unfurnished,Yes,Yes,8.48,Off-White,12110000.0
EG-14404,Cairo,Al-Haram,170.0,3.0,3.0,3.0,2023,Broker,Street,Cash,Unfinished,Unfurnished,Yes,Yes,10.53,Grey,6188000.0
EG-14405,Cairo,Al-Haram,195.0,3.0,3.0,4.0,2025,Broker,Other,Cash,Unfinished,Unfurnished,Yes,No,14.95,Brown,5505000.0
EG-14406,Cairo,New Cairo,225.0,3.0,3.0,3.0,2022,Broker,Garden,Cash,Finished,Furnished,Yes,No,0.6,Brown,8399000.0
EG-14407,Cairo,Heliopolis,106.0,1.0,2.0,2.0,2028,Broker,Street,Installments,Unfinished,Furnished,Yes,Yes,1.07,Beige,4927000.0
EG-14408,Cairo,6th of October,110.0,2.0,1.0,3.0,2025,Broker,Other,Cash,Finished,Unfurnished,Yes,Yes,1.26,Grey,3008000.0
EG-14409,Cairo,Heliopolis,214.0,3.0,2.0,1.0,2025,Broker,Pool,Cash,Finished,Furnished,Yes,No,11.17,Brown,5375000.0
EG-14410,Cairo,6th of October,220.0,3.0,3.0,1.0,2019,Broker,Other,Cash,Finished,Unfurnished,Yes,Yes,2.13,Brown,5734000.0
EG-14411,Cairo,Al-Haram,186.0,3.0,2.0,2.0,2028,Broker,Other,Installments,Unfinished,Furnished,Yes,No,9.37,Off-White,5809000.0
EG-14412,Cairo,Shubra,130.0,3.0,2.0,4.0,2025,Broker,Street,Cash,Finished,Furnished,No,No,4.94,Grey,2205000.0
EG-14413,Cairo,Heliopolis,200.0,3.0,2.0,2.0,2025,Broker,Pool,Cash,Unfinished,Furnished,No,Yes,6.91,Off-White,6237000.0
EG-14414,Cairo,Maadi,159.0,3.0,3.0,3.0,2025,Broker,Lake,Cash,Finished,Furnished,No,No,3.31,White,8228000.0
EG-14415,Cairo,Sheikh Zayed,180.0,3.0,3.0,3.0,2025,Broker,Pool,Cash,Finished,Unfurnished,Yes,No,13.0,Off-White,14773000.0
EG-14416,Cairo,Maadi,168.0,2.0,3.0,4.0,2025,Broker,Lake,Cash,Unfinished,Unfurnished,No,No,8.83,White,5950000.0
EG-14417,Cairo,Shubra,140.0,3.0,1.0,9.0,2013,Broker,Street,Cash,Finished,Unfurnished,No,Yes,14.17,White,1643000.0
EG-14418,Cairo,Maadi,184.0,3.0,2.0,3.0,2025,Broker,Street,Cash,Finished,Furnished,Yes,No,8.66,Grey,7606000.0
EG-14419,Cairo,Nasr City,128.0,3.0,2.0,4.0,2029,Broker,Other,Installments,Unfinished,Furnished,No,Yes,1.95,White,5442000.0
EG-14420,Cairo,New Cairo,159.0,3.0,3.0,3.0,2025,Broker,Garden,Cash,Finished,Furnished,Yes,No,2.65,White,8399000.0
EG-14421,Cairo,Shubra,200.0,3.0,,3.0,1990,Broker,Street,Cash,Finished,Unfurnished,Yes,Yes,14.84,Off-White,3692000.0
EG-14422,Cairo,Al-Haram,100.0,2.0,1.0,3.0,2019,Broker,Street,Cash,Finished,Unfurnished,Yes,Yes,10.91,Grey,4462000.0
EG-14423,Cairo,Madinaty,190.0,3.0,3.0,1.0,2015,Broker,Street,Cash,Unfinished,Unfurnished,No,No,0.83,Grey,9865000.0
EG-14424,Cairo,Maadi,160.0,3.0,2.0,3.0,2023,Broker,Garden,Cash,Finished,Unfurnished,No,Yes,10.59,White,4748000.0
EG-14425,Cairo,Al-Haram,325.0,3.0,2.0,7.0,1999,Broker,Street,Cash,Finished,Unfurnished,Yes,Yes,6.24,Off-White,6154000.0
EG-14426,Cairo,New Cairo,,3.0,3.0,0.0,2025,Broker,Street,Cash,Finished,Unfurnished,No,Yes,4.68,Off-White,7665000.0
EG-14427,Cairo,Sheikh Zayed,149.0,3.0,3.0,3.0,2027,Broker,Garden,Installments,Finished,Unfurnished,Yes,Yes,2.4,Off-White,12288000.0
EG-14428,Cairo,New Cairo,205.0,3.0,2.0,1.0,2025,Broker,Street,Cash,Finished,Unfurnished,Yes,Yes,12.61,Off-White,7692000.0
EG-14429,Cairo,New Cairo,236.0,3.0,3.0,2.0,2025,Broker,Street,Cash,Finished,Unfurnished,No,Yes,1.05,Beige,14434000.0
EG-14430,Cairo,Al-Haram,200.0,4.0,2.0,4.0,1985,Broker,Other,Cash,Finished,Furnished,Yes,Yes,4.42,White,5786000.0
EG-14431,Cairo,Madinaty,230.0,4.0,2.0,3.0,2025,Broker,Garden,Cash,Finished,Unfurnished,Yes,Yes,4.67,White,8371000.0
EG-14432,Cairo,Sheikh Zayed,161.0,3.0,3.0,2.0,2025,Broker,Garden,Cash,Finished,Unfurnished,Yes,Yes,2.5,White,11415000.0
EG-14433,Cairo,New Cairo,170.0,3.0,3.0,18.0,1990,Broker,Street,Cash,Finished,Unfurnished,No,Yes,7.67,Grey,7466000.0
EG-14434,Cairo,Al-Haram,100.0,2.0,1.0,5.0,2012,Broker,Street,Cash,Finished,Furnished,Yes,Yes,0.27,Grey,1796000.0
EG-14435,Cairo,Heliopolis,73.0,2.0,1.0,1.0,2025,Broker,Pool,Cash,Finished,Unfurnished,No,Yes,4.58,Off-White,4748000.0
EG-14436,Cairo,Maadi,220.0,4.0,3.0,4.0,2020,Broker,Lake,Cash,Finished,Unfurnished,No,No,14.01,Grey,4756000.0
EG-14437,Cairo,Heliopolis,167.0,3.0,3.0,1.0,2026,Broker,Garden,Installments,Finished,Furnished,Yes,Yes,4.73,Brown,17838000.0
EG-14438,Cairo,Maadi,140.0,3.0,3.0,1.0,2025,Broker,Garden,Installments,Unfinished,Unfurnished,Yes,No,5.47,White,5379000.0
EG-14439,Cairo,New Cairo,178.0,3.0,3.0,1.0,2028,Broker,Pool,Installments,Unfinished,Unfurnished,No,No,7.15,White,11164000.0
EG-14440,Cairo,6th of October,180.0,3.0,2.0,4.0,2025,Broker,Street,Cash,Finished,Furnished,No,Yes,8.47,Beige,6867000.0
EG-14441,Cairo,Maadi,185.0,3.0,2.0,4.0,2025,Broker,Garden,Cash,Finished,Unfurnished,No,Yes,12.15,Beige,6490000.0
EG-14442,Cairo,Heliopolis,100.0,2.0,1.0,3.0,2025,Broker,Pool,Cash,Finished,Furnished,No,Yes,2.94,Brown,4871000.0
EG-14443,Cairo,Ain Shams,151.0,3.0,2.0,1.0,2025,Broker,Street,Cash,Unfinished,Unfurnished,Yes,Yes,13.09,Beige,3332000.0
EG-14444,Cairo,Heliopolis,,3.0,3.0,2.0,2024,Broker,Pool,Cash,Finished,Unfurnished,No,Yes,11.39,Off-White,11080000.0
EG-14445,Cairo,New Cairo,180.0,3.0,2.0,3.0,2015,Broker,Garden,Cash,Finished,Unfurnished,No,No,10.87,Off-White,8193000.0
EG-14446,Cairo,New Cairo,163.0,3.0,3.0,4.0,2018,Broker,Garden,Cash,Unfinished,Unfurnished,Yes,Yes,1.39,White,7569000.0
EG-14447,Cairo,New Cairo,158.0,3.0,3.0,3.0,2026,Broker,Garden,Installments,Unfinished,Unfurnished,No,Yes,0.42,Off-White,9101000.0
EG-14448,Cairo,Maadi,197.0,4.0,3.0,,2021,Broker,Garden,Cash,Finished,Unfurnished,Yes,No,8.95,Beige,7386000.0
EG-14449,Cairo,Al-Haram,191.0,3.0,2.0,2.0,2025,Broker,Street,Cash,Finished,Furnished,Yes,No,12.96,Brown,7289000.0
EG-14450,Cairo,Maadi,225.0,3.0,3.0,2.0,2018,Broker,Garden,Cash,Finished,Unfurnished,Yes,Yes,8.81,Off-White,9676000.0
EG-14451,Cairo,Nasr City,200.0,3.0,2.0,3.0,2018,Broker,Street,Cash,Unfinished,Furnished,No,Yes,3.28,White,6536000.0
EG-14452,Cairo,Maadi,107.0,3.0,2.0,2.0,2024,Broker,Street,Cash,Finished,Furnished,Yes,No,1.45,White,7875000.0
EG-14453,Cairo,Sheikh Zayed,146.0,3.0,3.0,1.0,2029,Broker,Garden,Installments,Unfinished,Unfurnished,Yes,Yes,10.52,Beige,8077000.0
EG-14454,Cairo,New Cairo,195.0,4.0,3.0,10.0,2019,Broker,Street,Cash,Finished,Unfurnished,No,No,10.85,Off-White,7585000.0
EG-14455,Cairo,Maadi,148.0,3.0,3.0,1.0,2029,Broker,Lake,Installments,Unfinished,Unfurnished,Yes,Yes,2.67,Beige,8153000.0
EG-14456,Cairo,Al-Haram,140.0,3.0,2.0,1.0,2025,Broker,Other,Cash,Finished,Furnished,Yes,Yes,0.52,White,4389000.0
EG-14457,Cairo,Heliopolis,101.0,2.0,1.0,1.0,2025,Broker,Pool,Cash,Finished,Furnished,Yes,Yes,6.18,Brown,4846000.0
EG-14458,Cairo,Nasr City,70.0,1.0,1.0,,2027,Broker,Street,Installments,Finished,Unfurnished,Yes,No,8.78,Off-White,3059000.0
EG-14459,Cairo,Heliopolis,225.0,3.0,3.0,1.0,2026,Broker,Garden,Installments,Unfinished,Furnished,Yes,No,10.62,Brown,7097000.0
EG-14460,Cairo,Al-Haram,135.0,3.0,2.0,4.0,2025,Broker,Street,Cash,Finished,Furnished,Yes,Yes,12.17,Off-White,4082000.0
EG-14461,Cairo,Maadi,164.0,3.0,2.0,2.0,2020,Broker,Lake,Cash,Finished,Unfurnished,Yes,Yes,9.2,White,10974000.0
EG-14462,Cairo,Ain Shams,140.0,2.0,1.0,3.0,2002,Broker,Street,Cash,Finished,Unfurnished,No,Yes,1.75,Off-White,3633000.0
EG-14463,Cairo,Shubra,185.0,3.0,2.0,7.0,2012,Broker,Street,Cash,Finished,Unfurnished,Yes,No,10.27,White,2986000.0
EG-14464,Cairo,Sheikh Zayed,260.0,3.0,3.0,5.0,2021,Broker,Garden,Cash,Unfinished,Furnished,No,Yes,14.76,Grey,12161000.0
EG-14465,Cairo,Sheikh Zayed,230.0,3.0,3.0,6.0,1990,Broker,Pool,Cash,Finished,Unfurnished,Yes,No,13.59,White,8969000.0
EG-14466,Cairo,Al-Haram,100.0,2.0,1.0,5.0,2025,Broker,Street,Cash,Finished,Unfurnished,Yes,No,13.09,White,2986000.0
EG-14467,Cairo,Ain Shams,135.0,3.0,1.0,3.0,2025,Broker,Other,Cash,Finished,Furnished,Yes,Yes,4.6,Off-White,3491000.0
EG-14468,Cairo,Heliopolis,132.0,3.0,2.0,3.0,2028,Broker,Pool,Installments,Finished,Unfurnished,Yes,No,11.29,Brown,8440000.0
EG-14469,Cairo,Shubra,130.0,3.0,2.0,1.0,2025,Broker,Street,Cash,Finished,Furnished,Yes,Yes,12.78,White,4136000.0
EG-14470,Cairo,Shubra,229.0,3.0,2.0,4.0,2020,Broker,Street,Cash,Finished,Unfurnished,Yes,Yes,10.21,Off-White,3744000.0
EG-14471,Cairo,6th of October,160.0,3.0,3.0,5.0,2026,Broker,Street,Installments,Unfinished,Furnished,No,No,3.83,White,5644000.0
EG-14472,Cairo,Ain Shams,170.0,3.0,2.0,1.0,2025,Broker,Street,Cash,Finished,Unfurnished,No,Yes,14.31,Beige,3783000.0
EG-14473,Cairo,Sheikh Zayed,222.0,,3.0,3.0,2024,Broker,Pool,Cash,Finished,Unfurnished,Yes,No,6.82,Beige,15300000.0
EG-14474,Cairo,Sheikh Zayed,166.0,3.0,3.0,0.0,2026,Broker,Pool,Installments,Finished,Unfurnished,Yes,Yes,2.03,Beige,18271000.0
EG-14475,Cairo,Al-Haram,180.0,3.0,2.0,7.0,2013,Broker,Other,Cash,Finished,Unfurnished,Yes,Yes,1.74,Beige,2773000.0
EG-14476,Cairo,Heliopolis,300.0,3.0,3.0,1.0,2025,Broker,Pool,Cash,Finished,Unfurnished,Yes,No,9.75,Brown,9497000.0
EG-14477,Cairo,Maadi,131.0,3.0,2.0,2.0,2025,Broker,Pool,Cash,Unfinished,Unfurnished,No,No,6.62,White,5989000.0
EG-14478,Cairo,Maadi,143.0,3.0,2.0,2.0,2025,Broker,Pool,Cash,Unfinished,Unfurnished,No,No,1.51,Beige,6389000.0
EG-14479,Cairo,New Cairo,265.0,3.0,3.0,3.0,2025,Broker,Street,Cash,Finished,Furnished,Yes,Yes,11.13,Off-White,14150000.0
EG-14480,Cairo,Maadi,242.0,3.0,3.0,2.0,2025,Broker,Garden,Cash,Unfinished,Unfurnished,Yes,Yes,12.01,Beige,5853000.0
EG-14481,Cairo,Maadi,145.0,2.0,2.0,4.0,2016,Broker,Lake,Installments,Unfinished,Unfurnished,Yes,No,10.91,Grey,15044000.0
EG-14482,Cairo,Heliopolis,320.0,3.0,3.0,2.0,2025,Broker,Garden,Cash,Finished,Unfurnished,No,Yes,3.11,Grey,16883000.0
EG-14483,Cairo,Sheikh Zayed,165.0,3.0,3.0,1.0,2025,Broker,Pool,Installments,Finished,Unfurnished,Yes,No,10.38,Brown,11321000.0
EG-14484,Cairo,Maadi,160.0,3.0,3.0,5.0,2026,Broker,Garden,Installments,Unfinished,Unfurnished,No,Yes,0.26,Grey,5809000.0
EG-14485,Cairo,Sheikh Zayed,134.0,3.0,3.0,2.0,2025,Broker,Garden,Cash,Finished,Unfurnished,No,Yes,4.65,Off-White,8125000.0
EG-14486,Cairo,New Cairo,136.0,2.0,2.0,1.0,2026,Broker,Pool,Installments,Finished,Unfurnished,No,Yes,6.04,Beige,12059000.0
EG-14487,Cairo,Ain Shams,108.0,2.0,1.0,1.0,2022,Broker,Street,Cash,Finished,Furnished,Yes,Yes,12.55,Grey,3810000.0
EG-14488,Cairo,Maadi,196.0,4.0,4.0,2.0,2025,Broker,Street,Cash,Finished,Furnished,No,No,5.92,Grey,7690000.0
EG-14489,Cairo,Shubra,125.0,3.0,2.0,1.0,2025,Broker,Street,Cash,Finished,Unfurnished,No,No,0.27,Brown,2029000.0
EG-14490,Cairo,Madinaty,250.0,3.0,3.0,0.0,2021,Broker,Pool,Cash,Unfinished,Furnished,No,Yes,5.35,Grey,8835000.0
EG-14491,Cairo,New Cairo,200.0,3.0,2.0,2.0,2025,Broker,Pool,Cash,Finished,Furnished,Yes,Yes,7.53,Beige,10038000.0
EG-14492,Cairo,Heliopolis,200.0,3.0,2.0,2.0,2017,Broker,Garden,Cash,Finished,Furnished,No,No,14.24,White,5217000.0
EG-14493,Cairo,Maadi,154.0,3.0,3.0,8.0,2025,Broker,Garden,Installments,Finished,Unfurnished,No,No,14.12,Beige,8384000.0
EG-14494,Cairo,New Cairo,240.0,3.0,2.0,11.0,2015,Broker,Pool,Cash,Finished,Unfurnished,Yes,Yes,2.8,Grey,9785000.0
EG-14495,Cairo,Maadi,320.0,4.0,4.0,4.0,2020,Broker,Lake,Cash,Finished,Furnished,Yes,Yes,2.86,Grey,19216000.0
EG-14496,Cairo,Al-Haram,55.0,1.0,1.0,2.0,2026,Broker,Street,Installments,Finished,Unfurnished,Yes,Yes,2.53,Grey,4471000.0
EG-14497,Cairo,6th of October,165.0,2.0,1.0,14.0,2014,Broker,Street,Cash,Finished,Unfurnished,No,No,11.85,Brown,2126000.0
EG-14498,Cairo,Maadi,159.0,3.0,3.0,3.0,2025,Broker,Garden,Cash,Finished,Unfurnished,No,Yes,0.19,Off-White,7914000.0
EG-14499,Cairo,Heliopolis,110.0,3.0,,1.0,2000,Broker,Pool,Cash,Finished,Unfurnished,Yes,No,1.99,Beige,4221000.0
EG-14500,Cairo,New Cairo,190.0,3.0,3.0,1.0,2025,Broker,Garden,Cash,Finished,Unfurnished,Yes,Yes,8.12,Grey,7610000.0
EG-14501,Cairo,Madinaty,115.0,2.0,3.0,1.0,2028,Broker,Pool,Installments,Finished,Unfurnished,Yes,No,3.79,White,24470000.0
EG-14502,Cairo,Shubra,108.0,2.0,1.0,1.0,2022,Broker,Street,Cash,Finished,Furnished,Yes,Yes,1.48,Brown,3810000.0
EG-14503,Cairo,New Cairo,350.0,,4.0,3.0,2024,Broker,Street,Cash,Unfinished,Unfurnished,Yes,Yes,5.46,Off-White,17137000.0
EG-14504,Cairo,Sheikh Zayed,210.0,4.0,3.0,4.0,2025,Broker,Garden,Cash,Unfinished,Furnished,No,Yes,4.19,Grey,19267000.0
EG-14505,Cairo,Heliopolis,91.0,2.0,1.0,2.0,2027,Broker,Street,Installments,Finished,Unfurnished,No,No,7.72,Beige,7358000.0
EG-14506,Cairo,Ain Shams,97.0,2.0,1.0,3.0,2023,Broker,Street,Cash,Finished,Unfurnished,Yes,Yes,14.69,White,2923000.0
EG-14507,Cairo,Nasr City,200.0,3.0,2.0,4.0,2006,Broker,Street,Cash,Finished,Unfurnished,No,No,1.95,Brown,5314000.0
EG-14508,Cairo,Heliopolis,116.0,3.0,2.0,1.0,2025,Broker,Pool,Cash,Finished,Unfurnished,Yes,No,5.65,Beige,6806000.0
EG-14509,Cairo,Ain Shams,62.0,1.0,1.0,1.0,2027,Broker,Street,Installments,Finished,Unfurnished,Yes,Yes,13.99,Beige,2977000.0
EG-14510,Cairo,Maadi,200.0,3.0,2.0,5.0,1980,Broker,Garden,Cash,Finished,Unfurnished,No,No,13.17,Brown,5121000.0
EG-14511,Cairo,Madinaty,200.0,3.0,3.0,2.0,2018,Broker,Pool,Cash,Finished,Unfurnished,Yes,No,5.97,Beige,10024000.0
EG-14512,Cairo,6th of October,195.0,3.0,2.0,4.0,2026,Broker,Street,Cash,Finished,Furnished,Yes,No,10.51,White,4226000.0
EG-14513,Cairo,New Cairo,184.0,3.0,3.0,2.0,2020,Broker,Pool,Cash,Finished,Unfurnished,Yes,No,1.41,White,7597000.0
EG-14514,Cairo,6th of October,38.0,1.0,1.0,4.0,2027,Broker,Street,Installments,Finished,Unfurnished,No,No,10.72,Beige,2077000.0
EG-14515,Cairo,Al-Haram,150.0,3.0,1.0,3.0,2024,Broker,Other,Cash,Finished,Furnished,No,Yes,14.6,Grey,2324000.0
EG-14516,Cairo,Shubra,61.0,1.0,1.0,3.0,2027,Broker,Street,Installments,Finished,Unfurnished,Yes,No,8.11,Beige,3317000.0
EG-14517,Cairo,Heliopolis,200.0,3.0,2.0,4.0,2022,Broker,Garden,Cash,Finished,Furnished,Yes,No,7.53,Grey,5174000.0
EG-14518,Cairo,Maadi,68.0,1.0,1.0,2.0,2027,Broker,Street,Installments,Finished,Unfurnished,No,Yes,2.89,Beige,5193000.0
EG-14519,Cairo,Nasr City,116.0,3.0,2.0,1.0,2018,Broker,Street,Cash,Finished,Unfurnished,Yes,Yes,9.54,Off-White,6615000.0
EG-14520,Cairo,6th of October,142.0,3.0,1.0,4.0,2026,Broker,Other,Installments,Unfinished,Furnished,Yes,No,8.9,White,3945000.0
EG-14521,Cairo,Nasr City,,3.0,2.0,2.0,2025,Broker,Other,Cash,Finished,Furnished,Yes,Yes,9.81,Beige,3342000.0
EG-14522,Cairo,New Cairo,225.0,5.0,3.0,1.0,2010,Broker,Pool,Cash,Finished,Unfurnished,No,No,0.49,White,12802000.0
EG-14523,Cairo,Nasr City,130.0,3.0,2.0,4.0,2026,Broker,Street,Cash,Finished,Unfurnished,No,Yes,8.28,Brown,5256000.0
EG-14524,Cairo,New Cairo,131.0,3.0,2.0,1.0,2025,Broker,Pool,Cash,Finished,Unfurnished,No,No,8.96,Off-White,7425000.0
EG-14525,Cairo,Shubra,76.0,2.0,1.0,1.0,2027,Broker,Street,Installments,Finished,Unfurnished,No,Yes,3.19,Grey,3321000.0
EG-14526,Cairo,Maadi,133.0,2.0,1.0,3.0,2019,Broker,Pool,Cash,Finished,Furnished,Yes,No,3.2,Brown,15453000.0
EG-14527,Cairo,6th of October,,2.0,1.0,1.0,2026,Broker,Street,Cash,Finished,Furnished,Yes,Yes,4.22,Off-White,3320000.0
EG-14528,Cairo,Al-Haram,64.0,1.0,1.0,1.0,2027,Broker,Street,Installments,Finished,Unfurnished,No,No,10.7,Brown,2841000.0
EG-14529,Cairo,New Cairo,144.0,2.0,2.0,3.0,2025,Broker,Garden,Cash,Finished,Unfurnished,Yes,Yes,9.13,White,14133000.0
EG-14530,Cairo,New Cairo,175.0,3.0,3.0,1.0,2025,Broker,Pool,Cash,Finished,Unfurnished,No,No,12.7,Off-White,10754000.0
EG-14531,Cairo,Sheikh Zayed,167.0,3.0,3.0,1.0,2025,Broker,Street,Installments,Finished,Unfurnished,Yes,Yes,4.51,Brown,10024000.0
EG-14532,Cairo,Nasr City,80.0,2.0,1.0,7.0,2011,Private Owner,Street,Cash,Finished,Furnished,Yes,Yes,13.69,Grey,2083000.0
EG-14533,Cairo,Maadi,183.0,3.0,3.0,2.0,2026,Broker,Street,Cash,Finished,Unfurnished,No,Yes,11.18,Off-White,5973000.0
EG-14534,Cairo,Shubra,70.0,,1.0,2.0,2016,Broker,Street,Cash,Finished,Furnished,Yes,No,5.99,Off-White,2430000.0
EG-14535,Cairo,Maadi,220.0,3.0,3.0,2.0,2025,Broker,Street,Cash,Unfinished,Furnished,Yes,No,1.52,Brown,4903000.0
EG-14536,Cairo,Maadi,99.0,2.0,1.0,3.0,2028,Broker,Garden,Installments,Finished,Furnished,Yes,Yes,3.93,Beige,13571000.0
EG-14537,Cairo,New Cairo,210.0,3.0,3.0,3.0,2014,Developer,Street,Cash,Finished,Furnished,No,No,14.36,Grey,8921000.0
EG-14538,Cairo,Heliopolis,220.0,3.0,3.0,2.0,2025,Broker,Garden,Cash,Unfinished,Furnished,Yes,No,4.72,Grey,5197000.0
EG-14539,Cairo,6th of October,170.0,3.0,3.0,3.0,2022,Broker,Other,Cash,Unfinished,Unfurnished,Yes,Yes,5.02,Brown,5671000.0
EG-14540,Cairo,Shubra,120.0,2.0,1.0,1.0,2000,Broker,Street,Cash,Finished,Unfurnished,Yes,No,2.92,White,3484000.0
EG-14541,Cairo,Nasr City,140.0,3.0,2.0,2.0,2025,Broker,Street,Cash,Finished,Furnished,Yes,Yes,12.12,White,6531000.0
EG-14542,Cairo,6th of October,140.0,3.0,1.0,2.0,2025,Broker,Other,Cash,Finished,Unfurnished,No,Yes,4.21,Beige,3056000.0
EG-14543,Cairo,Maadi,210.0,3.0,2.0,4.0,2018,Broker,Lake,Cash,Finished,Unfurnished,Yes,No,5.02,Beige,11184000.0
EG-14544,Cairo,Madinaty,134.0,3.0,2.0,2.0,2025,Broker,Garden,Cash,Finished,Furnished,No,Yes,6.27,Brown,8623000.0
EG-14545,Cairo,Shubra,105.0,2.0,1.0,4.0,2024,Broker,Street,Installments,Unfinished,Unfurnished,No,Yes,6.56,White,1667000.0
EG-14546,Cairo,New Cairo,202.0,3.0,3.0,1.0,2023,Developer,Pool,Cash,Unfinished,Furnished,Yes,No,6.23,Grey,9875000.0
EG-14547,Cairo,Ain Shams,140.0,3.0,1.0,9.0,2013,Broker,Street,Cash,Unfinished,Furnished,No,No,7.61,White,1570000.0
EG-14548,Cairo,Ain Shams,80.0,2.0,1.0,3.0,2019,Broker,Street,Cash,Finished,Unfurnished,No,Yes,12.24,Brown,1394000.0
EG-14549,Cairo,New Cairo,200.0,3.0,3.0,1.0,2017,Broker,Garden,Cash,Finished,Furnished,No,Yes,12.31,White,8399000.0
EG-14550,Cairo,Al-Haram,140.0,,1.0,2.0,2025,Broker,Street,Cash,Unfinished,Unfurnished,Yes,No,11.99,Off-White,3327000.0
EG-14551,Cairo,Shubra,180.0,3.0,2.0,7.0,2013,Broker,Street,Cash,Finished,Furnished,Yes,No,1.61,Brown,3116000.0
EG-14552,Cairo,Al-Haram,132.0,2.0,2.0,1.0,2026,Broker,Other,Cash,Unfinished,Unfurnished,Yes,No,12.02,Off-White,3494000.0
EG-14553,Cairo,Ain Shams,81.0,1.0,1.0,5.0,2026,Broker,Street,Cash,Unfinished,Unfurnished,Yes,Yes,1.89,Brown,2356000.0
EG-14554,Cairo,Shubra,160.0,3.0,2.0,5.0,2019,Broker,Street,Cash,Finished,Furnished,No,No,1.96,Grey,3076000.0
EG-14555,Cairo,Ain Shams,133.0,3.0,2.0,3.0,2027,Broker,Street,Installments,Unfinished,Unfurnished,No,Yes,14.22,Brown,2517000.0
EG-14556,Cairo,Ain Shams,140.0,,1.0,9.0,2013,Broker,Street,Cash,Unfinished,Unfurnished,No,No,12.31,Brown,1480000.0
EG-14557,Cairo,Heliopolis,182.0,3.0,3.0,2.0,2026,Broker,Pool,Cash,Unfinished,Unfurnished,No,Yes,8.33,Brown,4853000.0
EG-14558,Cairo,Nasr City,96.0,2.0,,4.0,2020,Broker,Street,Cash,Finished,Unfurnished,No,No,13.14,Brown,4734000.0
EG-14559,Cairo,Sheikh Zayed,144.0,2.0,2.0,4.0,2020,Broker,Garden,Installments,Unfinished,Furnished,Yes,Yes,14.84,Beige,15251000.0
EG-14560,Cairo,New Cairo,140.0,2.0,2.0,1.0,2021,Broker,Garden,Installments,Unfinished,Unfurnished,No,No,9.2,Off-White,9736000.0
EG-14561,Cairo,Sheikh Zayed,197.0,4.0,3.0,1.0,2023,Broker,Garden,Cash,Finished,Furnished,No,Yes,9.23,Brown,7839000.0
EG-14562,Cairo,Sheikh Zayed,220.0,3.0,3.0,6.0,2020,Broker,Pool,Cash,Finished,Furnished,Yes,Yes,11.34,Brown,10961000.0
EG-14563,Cairo,Al-Haram,120.0,2.0,2.0,4.0,2026,Broker,Street,Cash,Unfinished,Furnished,No,No,3.56,Beige,3403000.0
EG-14564,Cairo,Sheikh Zayed,275.0,3.0,2.0,,2002,Broker,Garden,Cash,Finished,Unfurnished,No,Yes,2.59,White,11080000.0
EG-14565,Cairo,Heliopolis,165.0,3.0,2.0,1.0,2025,Broker,Pool,Cash,Finished,Unfurnished,No,Yes,11.42,Beige,5170000.0
EG-14566,Cairo,Maadi,154.0,3.0,2.0,2.0,2029,Broker,Street,Installments,Unfinished,Furnished,Yes,Yes,5.24,Beige,5716000.0
EG-14567,Cairo,Maadi,220.0,3.0,3.0,3.0,2017,Broker,Street,Cash,Finished,Furnished,No,Yes,2.11,Beige,4807000.0
EG-14568,Cairo,Maadi,100.0,2.0,1.0,2.0,2018,Broker,Pool,Cash,Finished,Furnished,Yes,Yes,4.79,Brown,5250000.0
EG-14569,Cairo,Nasr City,140.0,3.0,3.0,1.0,2024,Broker,Street,Installments,Unfinished,Furnished,Yes,Yes,5.44,Beige,5548000.0
EG-14570,Cairo,Al-Haram,133.0,3.0,2.0,0.0,2025,Broker,Street,Installments,Unfinished,Unfurnished,Yes,No,14.48,Beige,3416000.0
EG-14571,Cairo,Heliopolis,,2.0,2.0,2.0,2027,Broker,Garden,Installments,Unfinished,Furnished,Yes,No,10.5,Beige,6255000.0
EG-14572,Cairo,Heliopolis,243.0,,3.0,1.0,2025,Broker,Pool,Installments,Unfinished,Furnished,Yes,Yes,8.01,Brown,7361000.0
EG-14573,Cairo,Maadi,130.0,2.0,2.0,1.0,2020,Broker,Pool,Cash,Finished,Unfurnished,No,Yes,14.54,Grey,6331000.0
EG-14574,Cairo,Maadi,200.0,3.0,3.0,10.0,2025,Broker,Garden,Cash,Finished,Unfurnished,Yes,No,13.56,Grey,6859000.0
EG-14575,Cairo,Maadi,103.0,2.0,2.0,3.0,2026,Broker,Lake,Cash,Finished,Unfurnished,No,Yes,7.73,White,5578000.0
EG-14576,Cairo,Heliopolis,140.0,2.0,1.0,4.0,2025,Broker,Garden,Installments,Unfinished,Unfurnished,Yes,Yes,13.59,Brown,3996000.0
EG-14577,Cairo,Al-Haram,200.0,3.0,2.0,4.0,2025,Broker,Street,Cash,Finished,Furnished,Yes,Yes,6.12,Beige,5029000.0
EG-14578,Cairo,Sheikh Zayed,122.0,2.0,2.0,1.0,2026,Broker,Garden,Installments,Unfinished,Unfurnished,No,Yes,3.53,Beige,8125000.0
EG-14579,Cairo,6th of October,,2.0,1.0,3.0,2007,Broker,Street,Cash,Finished,Furnished,No,Yes,3.57,Beige,2113000.0
EG-14580,Cairo,Heliopolis,144.0,2.0,3.0,1.0,2025,Broker,Garden,Cash,Unfinished,Unfurnished,No,No,9.97,Grey,9744000.0
EG-14581,Cairo,Ain Shams,173.0,3.0,3.0,2.0,2025,Broker,Street,Installments,Unfinished,Unfurnished,Yes,Yes,7.57,Beige,3191000.0
EG-14582,Cairo,Nasr City,100.0,2.0,1.0,1.0,2001,Broker,Street,Cash,Finished,Unfurnished,Yes,No,9.92,Beige,2887000.0
EG-14583,Cairo,Shubra,110.0,2.0,1.0,3.0,2025,Broker,Street,Cash,Finished,Unfurnished,No,No,10.32,Grey,3092000.0
EG-14584,Cairo,Maadi,150.0,2.0,1.0,2.0,2025,Broker,Lake,Cash,Finished,Unfurnished,Yes,No,0.43,Beige,4474000.0
EG-14585,Cairo,Nasr City,134.0,2.0,1.0,9.0,2025,Broker,Street,Cash,Finished,Furnished,Yes,Yes,0.91,White,3810000.0
EG-14586,Cairo,Madinaty,159.0,3.0,3.0,3.0,2025,Broker,Street,Cash,Finished,Unfurnished,Yes,Yes,8.04,Off-White,8000000.0
EG-14587,Cairo,Heliopolis,225.0,3.0,3.0,2.0,2025,Broker,Pool,Cash,Unfinished,Unfurnished,Yes,Yes,2.95,White,6055000.0
EG-14588,Cairo,6th of October,156.0,3.0,3.0,5.0,2027,Broker,Street,Installments,Unfinished,Furnished,Yes,Yes,9.52,Brown,6810000.0
EG-14589,Cairo,6th of October,300.0,3.0,3.0,6.0,2025,Broker,Street,Cash,Finished,Unfurnished,Yes,No,8.33,White,5575000.0
EG-14590,Cairo,Al-Haram,158.0,3.0,3.0,2.0,2025,Broker,Street,Cash,Unfinished,Unfurnished,Yes,Yes,8.83,White,6331000.0
EG-14591,Cairo,Sheikh Zayed,175.0,3.0,3.0,1.0,2012,Broker,Pool,Cash,Finished,Furnished,No,No,4.61,Grey,11412000.0
EG-14592,Cairo,Ain Shams,140.0,3.0,3.0,2.0,2027,Broker,Street,Installments,Unfinished,Unfurnished,Yes,No,9.63,Brown,3154000.0
EG-14593,Cairo,Al-Haram,123.0,3.0,3.0,3.0,2028,Broker,Other,Installments,Unfinished,Unfurnished,No,No,12.46,White,2268000.0
EG-14594,Cairo,Madinaty,163.0,3.0,3.0,1.0,2027,Broker,Pool,Installments,Finished,Furnished,Yes,Yes,14.97,Off-White,11302000.0
EG-14595,Cairo,6th of October,100.0,2.0,2.0,2.0,2025,Broker,Other,Cash,Finished,Unfurnished,Yes,No,12.59,White,3969000.0
EG-14596,Cairo,Al-Haram,130.0,2.0,2.0,12.0,2020,Broker,Other,Cash,Finished,Unfurnished,Yes,No,8.41,Beige,5748000.0
EG-14597,Cairo,Al-Haram,80.0,2.0,1.0,3.0,2007,Broker,Other,Cash,Finished,Unfurnished,No,Yes,2.98,Grey,1825000.0
EG-14598,Cairo,Maadi,149.0,3.0,3.0,3.0,2026,Broker,Garden,Installments,Finished,Unfurnished,No,Yes,10.25,Beige,9263000.0
EG-14599,Cairo,Nasr City,150.0,3.0,2.0,3.0,2024,Broker,Street,Cash,Finished,Furnished,No,Yes,14.07,Brown,3116000.0
EG-14600,Cairo,Al-Haram,120.0,2.0,1.0,1.0,2018,Broker,Street,Installments,Finished,Furnished,No,Yes,3.26,Brown,2154000.0
EG-14601,Cairo,6th of October,180.0,3.0,3.0,1.0,2025,Broker,Street,Cash,Unfinished,Furnished,No,Yes,3.91,Grey,4413000.0
EG-14602,Cairo,Ain Shams,130.0,3.0,1.0,4.0,2014,Developer,Street,Cash,Finished,Furnished,No,Yes,2.32,White,2747000.0
EG-14603,Cairo,Madinaty,155.0,3.0,3.0,1.0,2015,Broker,Pool,Cash,Finished,Unfurnished,Yes,Yes,11.08,Brown,7936000.0
EG-14604,Cairo,Maadi,162.0,2.0,3.0,4.0,2015,Broker,Garden,Cash,Unfinished,Unfurnished,Yes,No,6.16,Off-White,11754000.0
EG-14605,Cairo,Nasr City,160.0,3.0,2.0,,2022,Broker,Other,Cash,Finished,Unfurnished,Yes,Yes,1.03,Grey,4230000.0
EG-14606,Cairo,Shubra,80.0,2.0,1.0,4.0,2020,Broker,Street,Cash,Finished,Unfurnished,No,No,13.14,Beige,1498000.0
EG-14607,Cairo,Heliopolis,162.0,3.0,3.0,0.0,2025,Broker,Garden,Cash,Unfinished,Furnished,Yes,Yes,8.41,Off-White,5569000.0
EG-14608,Cairo,Madinaty,175.0,3.0,3.0,1.0,2025,Broker,Pool,Cash,Finished,Unfurnished,No,No,5.03,Grey,8193000.0
EG-14609,Cairo,Sheikh Zayed,170.0,3.0,2.0,1.0,2025,Broker,Garden,Cash,Finished,Unfurnished,Yes,Yes,5.23,Off-White,10872000.0
EG-14610,Cairo,6th of October,200.0,3.0,2.0,2.0,2019,Broker,Street,Installments,Unfinished,Unfurnished,Yes,No,4.42,Grey,3245000.0
EG-14611,Cairo,Al-Haram,223.0,3.0,3.0,1.0,2025,Broker,Other,Cash,Unfinished,Unfurnished,Yes,Yes,6.89,Beige,5235000.0
EG-14612,Cairo,Heliopolis,107.0,,1.0,5.0,2019,Broker,Pool,Cash,Finished,Unfurnished,Yes,Yes,5.12,White,5871000.0
EG-14613,Cairo,Al-Haram,220.0,3.0,3.0,1.0,2025,Broker,Street,Cash,Finished,Unfurnished,Yes,No,8.26,Grey,4480000.0
EG-14614,Cairo,Al-Haram,170.0,3.0,2.0,2.0,2026,Broker,Other,Installments,Finished,Unfurnished,Yes,No,11.63,Brown,3337000.0
EG-14615,Cairo,Shubra,150.0,3.0,2.0,3.0,2024,Broker,Street,Cash,Finished,Unfurnished,Yes,Yes,10.15,Beige,3026000.0
EG-14616,Cairo,New Cairo,149.0,3.0,3.0,3.0,2025,Broker,Pool,Installments,Finished,Furnished,No,No,4.49,Beige,9953000.0
EG-14617,Cairo,Heliopolis,94.0,2.0,1.0,1.0,2025,Broker,Street,Installments,Unfinished,Unfurnished,Yes,Yes,7.98,Off-White,3666000.0
EG-14618,Cairo,Al-Haram,208.0,3.0,3.0,2.0,2025,Broker,Street,Cash,Unfinished,Furnished,Yes,Yes,12.62,Brown,6264000.0
EG-14619,Cairo,Heliopolis,220.0,3.0,3.0,1.0,2020,Broker,Pool,Cash,Finished,Furnished,Yes,No,1.12,Off-White,5039000.0
EG-14620,Cairo,6th of October,106.0,2.0,2.0,1.0,2028,Broker,Street,Installments,Unfinished,Furnished,No,Yes,1.27,Beige,5589000.0
EG-14621,Cairo,New Cairo,148.0,2.0,2.0,1.0,2028,Broker,Garden,Installments,Finished,Furnished,Yes,Yes,8.39,Grey,14010000.0
EG-14622,Cairo,Maadi,128.0,2.0,3.0,2.0,2027,Broker,Pool,Installments,Finished,Unfurnished,No,Yes,9.62,Brown,4504000.0
EG-14623,Cairo,6th of October,100.0,2.0,1.0,5.0,2025,Broker,Street,Cash,Finished,Unfurnished,Yes,Yes,3.25,Beige,5538000.0
EG-14624,Cairo,New Cairo,167.0,3.0,2.0,2.0,2025,Broker,Pool,Cash,Finished,Unfurnished,No,Yes,11.2,Brown,12135000.0
EG-14625,Cairo,Al-Haram,130.0,3.0,2.0,2.0,2025,Broker,Other,Cash,Finished,Furnished,Yes,Yes,9.73,Grey,6484000.0
EG-14626,Cairo,6th of October,208.0,3.0,3.0,2.0,2025,Broker,Other,Cash,Unfinished,Furnished,Yes,No,13.86,White,5572000.0
EG-14627,Cairo,Al-Haram,105.0,2.0,1.0,4.0,2025,Cash,Other,Cash,Finished,Unfurnished,No,Yes,2.62,Off-White,2372000.0
EG-14628,Cairo,Sheikh Zayed,200.0,3.0,2.0,1.0,2026,Broker,Pool,Cash,Finished,Furnished,No,Yes,11.3,Off-White,7839000.0
EG-14629,Cairo,6th of October,160.0,3.0,2.0,2.0,2025,Broker,Street,Installments,Finished,Unfurnished,No,No,1.35,Beige,5749000.0
EG-14630,Cairo,New Cairo,148.0,,2.0,2.0,2027,Broker,Garden,Installments,Unfinished,Unfurnished,No,Yes,8.52,Beige,7266000.0
EG-14631,Cairo,Sheikh Zayed,270.0,4.0,4.0,4.0,2015,Broker,Garden,Cash,Finished,Unfurnished,Yes,Yes,8.32,Grey,32615000.0
EG-14632,Cairo,Heliopolis,150.0,3.0,2.0,7.0,2000,Broker,Garden,Cash,Finished,Unfurnished,Yes,No,5.89,Beige,4485000.0
EG-14633,Cairo,Nasr City,200.0,3.0,2.0,,2002,Broker,Street,Cash,Finished,Unfurnished,Yes,No,12.68,Beige,4480000.0
EG-14634,Cairo,6th of October,300.0,3.0,3.0,6.0,2025,Broker,Street,Cash,Finished,Furnished,Yes,Yes,0.17,Beige,6095000.0
EG-14635,Cairo,Heliopolis,164.0,3.0,3.0,,2027,Broker,Street,Installments,Unfinished,Unfurnished,Yes,No,7.85,Brown,10395000.0
EG-14636,Cairo,New Cairo,,3.0,3.0,2.0,2026,Broker,Pool,Installments,Unfinished,Unfurnished,Yes,No,3.34,Brown,7311000.0
EG-14637,Cairo,Nasr City,113.0,2.0,2.0,3.0,2026,Broker,Street,Cash,Unfinished,Unfurnished,No,No,11.18,White,2332000.0
EG-14638,Cairo,Ain Shams,170.0,,3.0,2.0,2025,Broker,Street,Installments,Unfinished,Furnished,Yes,Yes,0.74,Brown,3203000.0
EG-14639,Cairo,Heliopolis,200.0,3.0,2.0,1.0,2026,Broker,Garden,Cash,Finished,Unfurnished,Yes,Yes,12.49,Off-White,7610000.0
EG-14640,Cairo,Ain Shams,233.0,3.0,2.0,3.0,2025,Broker,Street,Cash,Unfinished,Unfurnished,Yes,Yes,12.59,White,3332000.0
EG-14641,Cairo,Maadi,82.0,2.0,1.0,2.0,2025,Broker,Street,Cash,Finished,Furnished,Yes,No,12.51,Beige,4226000.0
EG-14642,Cairo,Heliopolis,235.0,3.0,1.0,13.0,2000,Broker,Garden,Cash,Finished,Unfurnished,Yes,No,2.37,Off-White,6859000.0
EG-14643,Cairo,New Cairo,200.0,3.0,,2.0,2019,Broker,Pool,Cash,Finished,Unfurnished,Yes,No,9.49,White,22159000.0
EG-14644,Cairo,Maadi,125.0,3.0,2.0,3.0,2001,Broker,Garden,Cash,Finished,Unfurnished,No,Yes,0.31,White,5276000.0
EG-14645,Cairo,Maadi,149.0,3.0,3.0,3.0,2025,Broker,Lake,Cash,Finished,Unfurnished,Yes,Yes,12.73,Off-White,10304000.0
EG-14646,Cairo,Ain Shams,136.0,3.0,2.0,2.0,2015,Broker,Street,Cash,Finished,Unfurnished,Yes,Yes,10.87,White,3590000.0
EG-14647,Cairo,Shubra,180.0,3.0,2.0,7.0,2013,Broker,Street,Cash,Finished,Unfurnished,Yes,No,8.01,Off-White,2937000.0
EG-14648,Cairo,Sheikh Zayed,130.0,2.0,2.0,0.0,2020,Broker,Garden,Installments,Finished,Unfurnished,Yes,Yes,10.99,White,10604000.0
EG-14649,Cairo,Ain Shams,140.0,3.0,2.0,4.0,2023,Broker,Other,Cash,Finished,Furnished,Yes,No,1.51,White,2663000.0
EG-14650,Cairo,Heliopolis,112.0,2.0,3.0,1.0,2026,Broker,Pool,Cash,Unfinished,Unfurnished,Yes,No,7.98,White,10955000.0
EG-14651,Cairo,New Cairo,163.0,2.0,2.0,2.0,2026,Broker,Pool,Installments,Finished,Unfurnished,Yes,Yes,4.44,Off-White,12942000.0
EG-14652,Cairo,Sheikh Zayed,175.0,3.0,3.0,3.0,2025,Broker,Street,Cash,Finished,Unfurnished,No,Yes,14.59,White,8163000.0
EG-14653,Cairo,6th of October,319.0,3.0,3.0,2.0,2025,Broker,Street,Cash,Unfinished,Furnished,No,Yes,12.87,Brown,6374000.0
EG-14654,Cairo,Shubra,171.0,3.0,3.0,1.0,2025,Broker,Other,Cash,Finished,Furnished,Yes,No,11.03,Brown,3292000.0
EG-14655,Cairo,New Cairo,250.0,3.0,3.0,2.0,2025,Broker,Garden,Cash,Finished,Unfurnished,No,Yes,14.01,Brown,14245000.0
EG-14656,Cairo,Sheikh Zayed,108.0,2.0,2.0,2.0,2029,Broker,Pool,Installments,Finished,Unfurnished,Yes,Yes,5.27,Brown,8156000.0
EG-14657,Cairo,Sheikh Zayed,200.0,3.0,3.0,2.0,2019,Broker,Garden,Cash,Finished,Furnished,Yes,No,13.52,Brown,23516000.0
EG-14658,Cairo,Shubra,85.0,2.0,1.0,2.0,2028,Broker,Street,Installments,Unfinished,Furnished,Yes,Yes,4.95,Beige,3745000.0
EG-14659,Cairo,Maadi,108.0,2.0,1.0,1.0,2025,Broker,Lake,Cash,Finished,Unfurnished,No,Yes,11.02,White,5858000.0
EG-14660,Cairo,Heliopolis,223.0,3.0,3.0,1.0,2025,Broker,Pool,Cash,Unfinished,Unfurnished,Yes,No,11.07,Grey,5877000.0
EG-14661,Cairo,New Cairo,215.0,3.0,2.0,0.0,2023,Broker,Garden,Cash,Finished,Unfurnished,No,No,0.37,Beige,8193000.0
EG-14662,Cairo,New Cairo,370.0,4.0,4.0,1.0,2021,Broker,Garden,Cash,Unfinished,Unfurnished,No,Yes,5.48,Off-White,11264000.0
EG-14663,Cairo,Maadi,150.0,3.0,1.0,3.0,1998,Broker,Pool,Cash,Finished,Furnished,No,Yes,0.39,Beige,4479000.0
EG-14664,Cairo,Maadi,188.0,3.0,3.0,2.0,2009,Broker,Street,Cash,Finished,Unfurnished,Yes,No,14.96,Grey,5575000.0
EG-14665,Cairo,Al-Haram,90.0,2.0,1.0,1.0,2025,Broker,Street,Cash,Finished,Unfurnished,Yes,No,1.92,Beige,3086000.0
EG-14666,Cairo,6th of October,124.0,2.0,2.0,3.0,2025,Broker,Other,Cash,Finished,Unfurnished,Yes,Yes,8.19,White,5170000.0
EG-14667,Cairo,Shubra,108.0,2.0,,2.0,2025,Broker,Other,Cash,Finished,Furnished,No,No,11.88,Brown,2772000.0
EG-14668,Cairo,Heliopolis,130.0,3.0,3.0,0.0,2028,Broker,Pool,Installments,Unfinished,Furnished,No,No,3.1,White,6401000.0
EG-14669,Cairo,Maadi,131.0,3.0,2.0,1.0,2026,Broker,Lake,Installments,Unfinished,Unfurnished,No,Yes,7.33,Beige,6121000.0
EG-14670,Cairo,Sheikh Zayed,153.0,2.0,2.0,4.0,2015,Broker,Street,Cash,Finished,Unfurnished,Yes,Yes,9.15,Grey,13333000.0
EG-14671,Cairo,Shubra,105.0,2.0,1.0,1.0,2025,Broker,Street,Cash,Unfinished,Unfurnished,Yes,No,2.49,Off-White,1848000.0
EG-14672,Cairo,Al-Haram,197.0,3.0,3.0,3.0,2027,Broker,Street,Installments,Unfinished,Unfurnished,Yes,Yes,11.7,White,4393000.0
EG-14673,Cairo,6th of October,135.0,3.0,2.0,3.0,2026,Broker,Street,Installments,Unfinished,Unfurnished,No,No,4.56,Grey,2952000.0
EG-14674,Cairo,Shubra,175.0,3.0,2.0,1.0,2025,Broker,Street,Cash,Unfinished,Unfurnished,No,No,3.24,Off-White,3318000.0
EG-14675,Cairo,Al-Haram,280.0,5.0,3.0,5.0,2020,Broker,Other,Cash,Unfinished,Unfurnished,Yes,No,8.42,Brown,5420000.0
EG-14676,Cairo,Sheikh Zayed,78.0,2.0,1.0,0.0,2025,Broker,Garden,Cash,Finished,Unfurnished,Yes,Yes,6.21,White,7828000.0
EG-14677,Cairo,6th of October,165.0,3.0,3.0,2.0,2025,Broker,Other,Cash,Unfinished,Unfurnished,No,No,13.81,White,4110000.0
EG-14678,Cairo,Nasr City,160.0,3.0,2.0,4.0,2006,Broker,Other,Cash,Finished,Furnished,Yes,Yes,13.21,Brown,5487000.0
EG-14679,Cairo,Nasr City,319.0,3.0,3.0,1.0,2025,Broker,Street,Cash,Unfinished,Unfurnished,No,Yes,7.3,Brown,6006000.0
EG-14680,Cairo,Ain Shams,135.0,3.0,2.0,3.0,2015,Broker,Street,Cash,Finished,Unfurnished,Yes,Yes,5.45,Beige,3436000.0
EG-14681,Cairo,Shubra,150.0,3.0,2.0,1.0,2025,Broker,Street,Cash,Finished,Unfurnished,Yes,No,4.95,Off-White,3733000.0
EG-14682,Cairo,Maadi,131.0,3.0,2.0,1.0,2026,Broker,Lake,Installments,Unfinished,Unfurnished,No,Yes,4.09,Grey,6121000.0
EG-14683,Cairo,Nasr City,116.0,3.0,2.0,1.0,2020,Broker,Street,Cash,Finished,Unfurnished,No,No,8.21,Brown,6232000.0
EG-14684,Cairo,Nasr City,100.0,2.0,1.0,3.0,2008,Broker,Other,Cash,Finished,Unfurnished,Yes,Yes,12.09,Beige,4089000.0
EG-14685,Cairo,Madinaty,308.0,3.0,3.0,2.0,2025,Broker,Pool,Cash,Unfinished,Furnished,No,No,4.73,Off-White,9282000.0
EG-14686,Cairo,Nasr City,195.0,3.0,3.0,1.0,2026,Developer,Street,Installments,Unfinished,Furnished,No,Yes,2.93,Off-White,4290000.0
EG-14687,Cairo,Shubra,135.0,3.0,1.0,1.0,2023,Broker,Street,Cash,Finished,Unfurnished,Yes,Yes,7.18,White,2718000.0
EG-14688,Cairo,6th of October,103.0,2.0,2.0,2.0,2019,Broker,Other,Installments,Finished,Furnished,No,No,1.13,Beige,4803000.0
EG-14689,Cairo,Heliopolis,78.0,1.0,1.0,2.0,2026,Broker,Garden,Installments,Finished,Furnished,No,Yes,10.55,Beige,7689000.0
EG-14690,Cairo,Ain Shams,105.0,2.0,2.0,4.0,2025,Broker,Other,Cash,Finished,Unfurnished,Yes,Yes,7.82,White,2538000.0
EG-14691,Cairo,Shubra,,3.0,2.0,1.0,2025,Broker,Street,Cash,Unfinished,Unfurnished,No,No,7.5,Grey,3498000.0
EG-14692,Cairo,Maadi,180.0,3.0,2.0,4.0,2016,Broker,Garden,Installments,Finished,Furnished,Yes,No,4.58,Brown,6007000.0
EG-14693,Cairo,Maadi,148.0,2.0,2.0,3.0,2026,Broker,Lake,Installments,Finished,Furnished,Yes,Yes,13.58,White,14142000.0
EG-14694,Cairo,Al-Haram,124.0,3.0,2.0,3.0,2014,Broker,Street,Cash,Finished,Furnished,No,No,1.45,Brown,6152000.0
EG-14695,Cairo,Maadi,150.0,3.0,1.0,14.0,1989,Broker,Garden,Cash,Finished,Unfurnished,Yes,No,13.06,Beige,4854000.0
EG-14696,Cairo,Sheikh Zayed,211.0,3.0,3.0,1.0,2009,Broker,Garden,Cash,Finished,Furnished,No,Yes,5.71,White,11758000.0
EG-14697,Cairo,Al-Haram,78.0,2.0,1.0,,2019,Broker,Street,Cash,Finished,Unfurnished,Yes,Yes,13.22,Grey,4615000.0
EG-14698,Cairo,Sheikh Zayed,230.0,3.0,3.0,6.0,1990,Broker,Pool,Cash,Finished,Unfurnished,No,Yes,10.96,Brown,8969000.0
EG-14699,Cairo,Al-Haram,40.0,1.0,1.0,1.0,2028,Broker,Street,Installments,Finished,Furnished,No,Yes,1.65,Brown,1443000.0
EG-14700,Cairo,Maadi,159.0,3.0,2.0,3.0,2027,Broker,Street,Installments,Finished,Furnished,No,Yes,12.49,Brown,17781000.0
EG-14701,Cairo,Nasr City,126.0,3.0,2.0,3.0,2028,Broker,Street,Cash,Unfinished,Unfurnished,No,Yes,10.26,Beige,3688000.0
EG-14702,Cairo,Heliopolis,150.0,3.0,2.0,7.0,1980,Broker,Pool,Cash,Finished,Furnished,Yes,Yes,0.58,Brown,4961000.0
EG-14703,Cairo,Ain Shams,155.0,3.0,2.0,3.0,2001,Broker,Other,Cash,Finished,Unfurnished,Yes,Yes,2.09,Off-White,2679000.0
EG-14704,Cairo,New Cairo,100.0,3.0,2.0,3.0,2020,Broker,Street,Cash,Finished,Unfurnished,No,Yes,9.57,Brown,6968000.0
EG-14705,Cairo,Al-Haram,156.0,2.0,2.0,6.0,2024,Broker,Other,Cash,Unfinished,Unfurnished,No,Yes,9.97,Beige,3303000.0
EG-14706,Cairo,Heliopolis,160.0,3.0,2.0,1.0,2025,Broker,Garden,Cash,Finished,Furnished,Yes,No,11.23,White,5039000.0
EG-14707,Cairo,New Cairo,102.0,2.0,1.0,5.0,2028,Broker,Pool,Installments,Unfinished,Unfurnished,No,No,10.83,Brown,6760000.0
EG-14708,Cairo,Sheikh Zayed,158.0,3.0,2.0,1.0,2024,Broker,Pool,Cash,Finished,Furnished,Yes,Yes,9.93,Brown,11422000.0
EG-14709,Cairo,Madinaty,185.0,3.0,2.0,6.0,2020,Broker,Garden,Installments,Unfinished,Furnished,No,Yes,11.52,White,8111000.0
EG-14710,Cairo,Sheikh Zayed,218.0,3.0,,2.0,2000,Broker,Street,Cash,Finished,Furnished,Yes,No,8.67,Off-White,8980000.0
EG-14711,Cairo,6th of October,143.0,3.0,2.0,9.0,2017,Broker,Street,Installments,Unfinished,Unfurnished,Yes,No,3.99,Beige,1397000.0
EG-14712,Cairo,New Cairo,236.0,3.0,3.0,12.0,2025,Developer,Garden,Cash,Finished,Unfurnished,Yes,Yes,13.69,White,12059000.0
EG-14713,Cairo,Al-Haram,96.0,2.0,,4.0,2019,Broker,Street,Cash,Finished,Furnished,Yes,Yes,0.37,Beige,5660000.0
EG-14714,Cairo,Al-Haram,175.0,3.0,2.0,15.0,2010,Broker,Other,Cash,Finished,Unfurnished,Yes,Yes,5.56,White,5640000.0
EG-14715,Cairo,Al-Haram,145.0,,2.0,6.0,2025,Broker,Street,Installments,Finished,Furnished,Yes,No,10.96,Grey,6492000.0
EG-14716,Cairo,Sheikh Zayed,148.0,3.0,2.0,1.0,2025,Broker,Garden,Installments,Unfinished,Unfurnished,Yes,No,6.46,Off-White,7506000.0
EG-14717,Cairo,Sheikh Zayed,164.0,3.0,3.0,3.0,2027,Broker,Garden,Installments,Finished,Furnished,No,No,0.47,Grey,12933000.0
EG-14718,Cairo,Heliopolis,180.0,3.0,2.0,2.0,2022,Broker,Garden,Cash,Finished,Furnished,Yes,Yes,1.08,White,8653000.0
EG-14719,Cairo,6th of October,230.0,3.0,3.0,1.0,2025,Broker,Other,Cash,Finished,Unfurnished,Yes,No,9.76,White,4106000.0
EG-14720,Cairo,New Cairo,260.0,4.0,3.0,5.0,2023,Broker,Pool,Cash,Unfinished,Furnished,No,Yes,14.48,Beige,11351000.0
EG-14721,Cairo,Sheikh Zayed,190.0,3.0,3.0,5.0,2025,Broker,Pool,Installments,Finished,Furnished,No,No,8.32,White,8556000.0
EG-14722,Cairo,Heliopolis,96.0,3.0,2.0,3.0,2025,Broker,Street,Cash,Finished,Unfurnished,Yes,Yes,7.65,Beige,4821000.0
EG-14723,Cairo,Sheikh Zayed,221.0,4.0,3.0,1.0,2028,Broker,Pool,Installments,Finished,Unfurnished,No,Yes,4.84,Beige,16364000.0
EG-14724,Cairo,6th of October,235.0,3.0,4.0,,2011,Broker,Street,Cash,Finished,Unfurnished,No,Yes,3.92,White,5475000.0
EG-14725,Cairo,Ain Shams,143.0,3.0,2.0,9.0,2017,Broker,Other,Installments,Unfinished,Unfurnished,No,No,0.41,Beige,1243000.0
EG-14726,Cairo,Ain Shams,150.0,3.0,2.0,9.0,2016,Broker,Street,Cash,Finished,Unfurnished,No,No,4.17,Off-White,2705000.0
EG-14727,Cairo,Maadi,71.0,1.0,1.0,4.0,2027,Installments,Lake,Installments,Finished,Furnished,No,Yes,6.79,Grey,5088000.0
EG-14728,Cairo,6th of October,200.0,3.0,2.0,1.0,2025,Broker,Street,Cash,Finished,Furnished,Yes,Yes,3.05,White,4136000.0
EG-14729,Cairo,Al-Haram,180.0,4.0,2.0,0.0,2011,Broker,Other,Cash,Finished,Furnished,No,Yes,1.4,Beige,3873000.0
EG-14730,Cairo,6th of October,175.0,3.0,3.0,2.0,2000,Broker,Other,Cash,Unfinished,Furnished,No,Yes,10.79,Beige,4404000.0
EG-14731,Cairo,Al-Haram,235.0,3.0,3.0,9.0,2005,Broker,Other,Cash,Finished,Unfurnished,Yes,Yes,13.43,Beige,5170000.0
EG-14732,Cairo,Heliopolis,145.0,3.0,2.0,9.0,2017,Broker,Pool,Cash,Finished,Furnished,Yes,Yes,14.06,Beige,4846000.0
EG-14733,Cairo,Nasr City,116.0,3.0,1.0,5.0,2000,Broker,Other,Cash,Finished,Unfurnished,Yes,Yes,9.31,Off-White,3854000.0
EG-14734,Cairo,Nasr City,155.0,3.0,1.0,3.0,2006,Broker,Other,Cash,Finished,Furnished,No,No,0.89,White,5450000.0
EG-14735,Cairo,New Cairo,158.0,3.0,2.0,2.0,2024,Broker,Garden,Installments,Unfinished,Unfurnished,Yes,No,11.14,White,12419000.0
EG-14736,Cairo,Maadi,205.0,3.0,3.0,7.0,2010,Broker,Garden,Cash,Finished,Unfurnished,No,Yes,1.74,Off-White,6859000.0
EG-14737,Cairo,Al-Haram,125.0,2.0,1.0,12.0,2006,Broker,Street,Cash,Finished,Unfurnished,No,Yes,10.08,Off-White,2887000.0
EG-14738,Cairo,Heliopolis,165.0,3.0,2.0,6.0,1995,Broker,Pool,Cash,Finished,Furnished,Yes,Yes,11.71,Off-White,6115000.0
EG-14739,Cairo,Al-Haram,70.0,1.0,1.0,2.0,2027,Broker,Street,Installments,Finished,Unfurnished,No,Yes,10.92,White,3738000.0
EG-14740,Cairo,Ain Shams,52.0,1.0,1.0,3.0,2027,Broker,Street,Installments,Finished,Unfurnished,Yes,No,14.28,Brown,2272000.0
EG-14741,Cairo,Maadi,180.0,4.0,2.0,0.0,2011,Broker,Lake,Cash,Finished,Unfurnished,Yes,No,11.1,Grey,4261000.0
EG-14742,Cairo,Ain Shams,108.0,2.0,1.0,7.0,2025,Broker,Street,Cash,Finished,Unfurnished,Yes,Yes,10.43,Off-White,3436000.0
EG-14743,Cairo,Heliopolis,116.0,3.0,1.0,5.0,2000,Broker,Street,Cash,Finished,Unfurnished,Yes,No,4.0,Off-White,4081000.0
EG-14744,Cairo,Heliopolis,240.0,4.0,3.0,3.0,2023,Broker,Street,Cash,Finished,Furnished,Yes,No,13.88,White,11621000.0
EG-14745,Cairo,Sheikh Zayed,173.0,3.0,2.0,2.0,2025,Broker,Pool,Cash,Finished,Furnished,No,Yes,2.78,White,10414000.0
EG-14746,Cairo,Ain Shams,54.0,1.0,1.0,1.0,2027,Broker,Other,Installments,Finished,Unfurnished,No,No,13.58,Grey,2799000.0
EG-14747,Cairo,Sheikh Zayed,200.0,3.0,3.0,4.0,2025,Broker,Pool,Cash,Unfinished,Unfurnished,No,Yes,4.76,Beige,11479000.0
EG-14748,Cairo,New Cairo,161.0,3.0,2.0,3.0,2021,Broker,Garden,Cash,Finished,Furnished,No,Yes,2.04,White,8399000.0
EG-14749,Cairo,Ain Shams,170.0,3.0,3.0,2.0,2025,Broker,Street,Installments,Unfinished,Furnished,Yes,No,12.42,Grey,3319000.0
EG-14750,Cairo,Al-Haram,160.0,3.0,3.0,1.0,2025,Broker,Street,Cash,Unfinished,Furnished,Yes,No,0.14,White,4413000.0
EG-14751,Cairo,Maadi,290.0,,3.0,1.0,2025,Broker,Lake,Cash,Finished,Unfurnished,No,Yes,12.5,White,11930000.0
EG-14752,Cairo,New Cairo,220.0,4.0,3.0,1.0,2025,Broker,Pool,Cash,Finished,Furnished,No,Yes,4.01,White,11758000.0
EG-14753,Cairo,Sheikh Zayed,250.0,3.0,3.0,3.0,2025,Broker,Pool,Cash,Finished,Furnished,Yes,No,13.28,Brown,13998000.0
EG-14754,Cairo,Heliopolis,200.0,3.0,3.0,2.0,2025,Broker,Garden,Cash,Finished,Unfurnished,No,Yes,10.4,Brown,5065000.0
EG-14755,Cairo,Maadi,213.0,3.0,3.0,8.0,2000,Broker,Pool,Cash,Finished,Unfurnished,No,No,10.03,Off-White,6913000.0
EG-14756,Cairo,New Cairo,140.0,2.0,2.0,3.0,2025,Broker,Pool,Cash,Finished,Unfurnished,No,Yes,5.54,Brown,18466000.0
EG-14757,Cairo,Heliopolis,110.0,2.0,1.0,1.0,2027,Broker,Garden,Installments,Unfinished,Unfurnished,No,Yes,0.99,Grey,3821000.0
EG-14758,Cairo,Maadi,174.0,3.0,2.0,5.0,2027,Broker,Garden,Installments,Finished,Unfurnished,Yes,Yes,12.47,White,8801000.0
EG-14759,Cairo,New Cairo,62.0,2.0,1.0,5.0,2030,Broker,Pool,Installments,Finished,Unfurnished,No,No,2.65,Brown,7432000.0
EG-14760,Cairo,New Cairo,183.0,3.0,,1.0,2015,Broker,Garden,Cash,Finished,Furnished,Yes,Yes,5.65,White,10384000.0
EG-14761,Cairo,Al-Haram,168.0,3.0,2.0,2.0,2025,Broker,Street,Cash,Finished,Unfurnished,No,Yes,9.05,Beige,6271000.0
EG-14762,Cairo,Madinaty,225.0,3.0,3.0,0.0,2025,Broker,Pool,Cash,Unfinished,Unfurnished,Yes,Yes,7.29,Off-White,7569000.0
EG-14763,Cairo,Nasr City,145.0,3.0,3.0,3.0,2028,Broker,Other,Installments,Unfinished,Furnished,Yes,Yes,3.06,Brown,4059000.0
EG-14764,Cairo,New Cairo,270.0,3.0,3.0,6.0,2000,Broker,Pool,Cash,Finished,Furnished,Yes,Yes,2.2,White,9345000.0
EG-14765,Cairo,Al-Haram,130.0,3.0,2.0,3.0,2025,Broker,Other,Cash,Finished,Furnished,Yes,Yes,1.94,Beige,3292000.0
EG-14766,Cairo,Maadi,380.0,4.0,2.0,1.0,2025,Broker,Street,Cash,Finished,Furnished,Yes,Yes,12.96,Off-White,13061000.0
EG-14767,Cairo,Ain Shams,171.0,3.0,3.0,1.0,2025,Broker,Street,Cash,Finished,Furnished,No,Yes,0.57,Off-White,3433000.0
EG-14768,Cairo,Ain Shams,104.0,2.0,1.0,2.0,2028,Broker,Street,Installments,Unfinished,Furnished,Yes,No,14.66,Beige,2869000.0
EG-14769,Cairo,Al-Haram,110.0,2.0,1.0,1.0,2027,Broker,Street,Installments,Unfinished,Furnished,Yes,Yes,3.06,Brown,3942000.0
EG-14770,Cairo,Ain Shams,120.0,3.0,,8.0,1997,Broker,Street,Cash,Finished,Unfurnished,Yes,Yes,1.74,Brown,3282000.0
EG-14771,Cairo,Nasr City,181.0,3.0,3.0,3.0,2028,Broker,Street,Installments,Unfinished,Furnished,No,Yes,8.7,White,4501000.0
EG-14772,Cairo,Al-Haram,158.0,3.0,3.0,2.0,2028,Broker,Street,Installments,Unfinished,Unfurnished,Yes,Yes,1.29,Grey,4548000.0
EG-14773,Cairo,Nasr City,164.0,,2.0,12.0,2026,Broker,Street,Installments,Finished,Unfurnished,Yes,No,9.08,White,6210000.0
EG-14774,Cairo,Shubra,,3.0,2.0,3.0,2025,Broker,Other,Cash,Finished,Unfurnished,Yes,No,12.77,White,3011000.0
EG-14775,Cairo,New Cairo,200.0,,2.0,2.0,2025,Broker,Pool,Cash,Finished,Unfurnished,No,Yes,0.81,White,8125000.0
EG-14776,Cairo,Sheikh Zayed,170.0,3.0,3.0,3.0,2025,Broker,Street,Installments,Finished,Unfurnished,No,No,12.02,Beige,18661000.0
EG-14777,Cairo,Sheikh Zayed,265.0,3.0,3.0,2.0,2025,Broker,Garden,Cash,Finished,Unfurnished,Yes,No,5.98,Off-White,7597000.0
EG-14778,Cairo,Maadi,114.0,2.0,2.0,2.0,2028,Broker,Pool,Installments,Unfinished,Furnished,Yes,No,2.48,Off-White,5221000.0
EG-14779,Cairo,6th of October,139.0,3.0,2.0,3.0,2028,Broker,Street,Installments,Unfinished,Unfurnished,No,No,2.72,Grey,5511000.0
EG-14780,Cairo,6th of October,220.0,3.0,,11.0,2025,Broker,Street,Cash,Unfinished,Unfurnished,Yes,Yes,13.79,Brown,5522000.0
EG-14781,Cairo,Heliopolis,131.0,2.0,2.0,,2028,Broker,Pool,Installments,Unfinished,Furnished,No,No,1.75,White,6101000.0
EG-14782,Cairo,Maadi,220.0,4.0,3.0,4.0,2024,Broker,Street,Cash,Finished,Unfurnished,Yes,No,13.02,Beige,4579000.0
EG-14783,Cairo,Sheikh Zayed,149.0,3.0,3.0,3.0,2025,Broker,Pool,Installments,Finished,Unfurnished,Yes,Yes,8.21,Beige,9956000.0
EG-14784,Cairo,Nasr City,130.0,3.0,2.0,2.0,2025,Broker,Street,Cash,Finished,Furnished,Yes,Yes,0.68,White,7075000.0
EG-14785,Cairo,Maadi,164.0,3.0,3.0,1.0,2027,Broker,Lake,Installments,Finished,Unfurnished,No,No,7.02,Beige,10475000.0
EG-14786,Cairo,New Cairo,260.0,3.0,3.0,7.0,2025,Broker,Pool,Cash,Finished,Furnished,Yes,Yes,12.28,Beige,10961000.0
EG-14787,Cairo,Al-Haram,195.0,3.0,3.0,3.0,2025,Broker,Street,Cash,Unfinished,Furnished,Yes,No,10.92,White,6374000.0
EG-14788,Cairo,6th of October,181.0,3.0,3.0,3.0,2028,Broker,Street,Installments,Unfinished,Furnished,No,Yes,7.38,Grey,4328000.0
EG-14789,Cairo,Al-Haram,240.0,4.0,3.0,4.0,2024,Broker,Street,Cash,Finished,Unfurnished,Yes,Yes,12.91,Beige,4872000.0
EG-14790,Cairo,Al-Haram,145.0,3.0,3.0,3.0,2025,Broker,Other,Installments,Unfinished,Unfurnished,Yes,No,1.89,Off-White,4395000.0
EG-14791,Cairo,New Cairo,175.0,3.0,3.0,3.0,2025,Broker,Pool,Cash,Finished,Unfurnished,Yes,No,13.66,Off-White,8653000.0
EG-14792,Cairo,Al-Haram,86.0,2.0,1.0,4.0,2020,Broker,Street,Cash,Finished,Unfurnished,No,Yes,12.71,Off-White,2190000.0
EG-14793,Cairo,Madinaty,225.0,3.0,3.0,5.0,2020,Broker,Street,Cash,Finished,Furnished,No,No,10.65,White,7690000.0
EG-14794,Cairo,Heliopolis,155.0,2.0,2.0,5.0,1999,Broker,Pool,Cash,Finished,Furnished,No,Yes,12.29,Off-White,5375000.0
EG-14795,Cairo,Ain Shams,120.0,2.0,2.0,4.0,2001,Broker,Street,Cash,Finished,Unfurnished,Yes,Yes,8.2,Brown,3077000.0
EG-14796,Cairo,Ain Shams,220.0,3.0,2.0,4.0,2023,Broker,Street,Cash,Finished,Unfurnished,Yes,Yes,10.16,Beige,3744000.0
EG-14797,Cairo,Nasr City,220.0,4.0,3.0,4.0,2024,Broker,Street,Cash,Finished,Unfurnished,No,Yes,8.45,Grey,4579000.0
EG-14798,Cairo,Al-Haram,123.0,3.0,3.0,4.0,2027,Broker,Street,Installments,Unfinished,Furnished,Yes,Yes,5.4,Off-White,3030000.0
EG-14799,Cairo,New Cairo,270.0,4.0,3.0,5.0,2020,Broker,Pool,Cash,Unfinished,Unfurnished,Yes,No,8.58,White,13223000.0
EG-14800,Cairo,6th of October,185.0,3.0,2.0,3.0,2025,Broker,Street,Installments,Unfinished,Furnished,No,No,3.94,Grey,2061000.0
EG-14801,Cairo,Sheikh Zayed,175.0,3.0,3.0,3.0,2025,Broker,Garden,Cash,Finished,Furnished,Yes,Yes,6.66,White,12114000.0
EG-14802,Cairo,Al-Haram,240.0,4.0,3.0,4.0,2024,Broker,Street,Cash,Finished,Unfurnished,No,No,4.28,Grey,4589000.0
EG-14803,Cairo,Al-Haram,150.0,3.0,1.0,3.0,2020,Broker,Other,Cash,Finished,Unfurnished,Yes,No,1.93,Grey,2190000.0
EG-14804,Cairo,6th of October,220.0,4.0,3.0,4.0,2024,Broker,Street,Cash,Finished,Furnished,No,Yes,4.9,Beige,4860000.0
EG-14805,Cairo,Madinaty,102.0,2.0,2.0,3.0,2025,Broker,Street,Cash,Finished,Unfurnished,Yes,Yes,12.79,Grey,7949000.0
EG-14806,Cairo,Sheikh Zayed,129.0,2.0,3.0,2.0,2027,Broker,Street,Installments,Finished,Unfurnished,Yes,No,5.78,Brown,7057000.0
EG-14807,Cairo,Maadi,150.0,3.0,1.0,4.0,2026,Broker,Lake,Cash,Finished,Furnished,No,No,11.25,Brown,4498000.0
EG-14808,Cairo,Sheikh Zayed,149.0,3.0,3.0,0.0,2025,Broker,Garden,Cash,Finished,Unfurnished,No,No,2.71,Brown,11152000.0
EG-14809,Cairo,Maadi,125.0,2.0,3.0,1.0,2025,Broker,Street,Installments,Unfinished,Furnished,No,Yes,6.42,White,4543000.0
EG-14810,Cairo,Maadi,125.0,,2.0,3.0,2025,Broker,Street,Installments,Unfinished,Unfurnished,Yes,No,1.81,Beige,8055000.0
EG-14811,Cairo,New Cairo,154.0,3.0,3.0,4.0,2025,Broker,Pool,Cash,Finished,Unfurnished,Yes,No,2.17,White,11080000.0
EG-14812,Cairo,Al-Haram,240.0,4.0,3.0,4.0,2020,Broker,Other,Cash,Finished,Furnished,No,No,9.3,Off-White,4464000.0
EG-14813,Cairo,Sheikh Zayed,149.0,3.0,3.0,3.0,2025,Broker,Garden,Installments,Finished,Unfurnished,Yes,Yes,9.15,Brown,9544000.0
EG-14814,Cairo,Sheikh Zayed,167.0,3.0,3.0,1.0,2027,Broker,Garden,Installments,Finished,Furnished,No,Yes,3.28,Beige,12656000.0
EG-14815,Cairo,Nasr City,120.0,2.0,2.0,5.0,2025,Broker,Street,Installments,Unfinished,Unfurnished,Yes,Yes,7.17,Brown,4592000.0
EG-14816,Cairo,Heliopolis,140.0,3.0,3.0,1.0,2025,Broker,Pool,Installments,Unfinished,Unfurnished,Yes,Yes,12.96,Beige,5542000.0
EG-14817,Cairo,Sheikh Zayed,154.0,3.0,3.0,4.0,2025,Broker,Garden,Cash,Finished,Furnished,No,Yes,2.7,White,11758000.0
EG-14818,Cairo,Al-Haram,97.0,3.0,1.0,,2020,Broker,Street,Cash,Finished,Furnished,Yes,No,0.39,White,2483000.0
EG-14819,Cairo,Shubra,130.0,3.0,1.0,2.0,2026,Broker,Street,Cash,Finished,Unfurnished,No,Yes,9.81,Brown,3584000.0
EG-14820,Cairo,New Cairo,170.0,3.0,2.0,1.0,2025,Broker,Pool,Cash,Finished,Unfurnished,Yes,Yes,0.9,Grey,10872000.0
EG-14821,Cairo,6th of October,180.0,3.0,2.0,3.0,2025,Broker,Other,Cash,Finished,Unfurnished,No,Yes,14.7,Beige,5930000.0
EG-14822,Cairo,Maadi,170.0,3.0,3.0,1.0,2025,Broker,Street,Installments,Finished,Unfurnished,Yes,Yes,9.18,Off-White,7183000.0
EG-14823,Cairo,Nasr City,140.0,3.0,3.0,0.0,2000,Broker,Street,Cash,Finished,Unfurnished,Yes,Yes,7.11,Grey,3897000.0
EG-14824,Cairo,Nasr City,130.0,3.0,2.0,2.0,2025,Broker,Street,Cash,Unfinished,Unfurnished,No,Yes,6.51,White,6006000.0
EG-14825,Cairo,Maadi,230.0,3.0,3.0,2.0,2025,Broker,Garden,Cash,Finished,Furnished,No,No,8.64,Beige,7608000.0
EG-14826,Cairo,6th of October,162.0,3.0,2.0,4.0,2024,Broker,Street,Installments,Unfinished,Unfurnished,No,No,1.45,Grey,2843000.0
EG-14827,Cairo,New Cairo,217.0,3.0,3.0,4.0,2025,Broker,Garden,Cash,Finished,Unfurnished,No,Yes,13.96,Off-White,20049000.0
EG-14828,Cairo,Shubra,90.0,2.0,1.0,2.0,2010,Broker,Street,Installments,Finished,Unfurnished,No,No,9.42,Grey,1970000.0
EG-14829,Cairo,Al-Haram,125.0,2.0,,4.0,2025,Broker,Other,Installments,Unfinished,Unfurnished,Yes,Yes,2.84,Off-White,3002000.0
EG-14830,Cairo,Sheikh Zayed,193.0,3.0,3.0,2.0,2020,Broker,Street,Cash,Finished,Unfurnished,Yes,No,8.48,White,11747000.0
EG-14831,Cairo,Shubra,132.0,2.0,1.0,1.0,2026,Broker,Street,Cash,Unfinished,Unfurnished,No,No,2.09,Beige,2377000.0
EG-14832,Cairo,6th of October,125.0,3.0,2.0,3.0,2000,Broker,Street,Cash,Finished,Unfurnished,No,Yes,0.36,White,4977000.0
EG-14833,Cairo,New Cairo,167.0,3.0,3.0,1.0,2026,Broker,Garden,Installments,Finished,Unfurnished,No,Yes,9.49,Beige,10313000.0
EG-14834,Cairo,Al-Haram,175.0,3.0,2.0,1.0,2025,Broker,Street,Cash,Unfinished,Unfurnished,No,Yes,9.76,Grey,5452000.0
EG-14835,Cairo,New Cairo,215.0,3.0,3.0,3.0,2026,Broker,Pool,Installments,Unfinished,Unfurnished,No,Yes,8.8,White,17196000.0
EG-14836,Cairo,Al-Haram,145.0,3.0,1.0,4.0,2025,Broker,Street,Cash,Finished,Furnished,Yes,No,2.83,Beige,3486000.0
EG-14837,Cairo,Maadi,208.0,3.0,4.0,2.0,2025,Broker,Lake,Cash,Finished,Unfurnished,No,Yes,9.09,Off-White,24499000.0
EG-14838,Cairo,Sheikh Zayed,345.0,3.0,4.0,12.0,2025,Developer,Street,Cash,Finished,Unfurnished,Yes,Yes,0.94,Beige,30769000.0
EG-14839,Cairo,Shubra,175.0,3.0,3.0,4.0,2024,Broker,Street,Installments,Unfinished,Unfurnished,Yes,Yes,9.18,White,3111000.0
EG-14840,Cairo,6th of October,176.0,3.0,3.0,1.0,2025,Broker,Other,Cash,Unfinished,Unfurnished,Yes,Yes,8.35,White,5009000.0
EG-14841,Cairo,Nasr City,152.0,3.0,2.0,1.0,2025,Broker,Other,Cash,Unfinished,Furnished,No,Yes,9.86,Grey,2696000.0
EG-14842,Cairo,Nasr City,130.0,2.0,2.0,12.0,2020,Broker,Other,Cash,Finished,Unfurnished,No,Yes,13.44,Off-White,5748000.0
EG-14843,Cairo,Sheikh Zayed,,3.0,3.0,2.0,2025,Broker,Garden,Cash,Finished,Unfurnished,No,No,12.77,Beige,12802000.0
EG-14844,Cairo,Sheikh Zayed,140.0,2.0,2.0,2.0,2025,Broker,Garden,Cash,Finished,Unfurnished,Yes,Yes,14.71,White,21676000.0
EG-14845,Cairo,Heliopolis,140.0,3.0,3.0,1.0,2006,Broker,Garden,Cash,Finished,Unfurnished,Yes,No,14.65,Beige,5804000.0
EG-14846,Cairo,New Cairo,156.0,2.0,3.0,2.0,2018,Broker,Garden,Cash,Finished,Furnished,Yes,No,11.61,Brown,10638000.0
EG-14847,Cairo,Maadi,161.0,2.0,2.0,2.0,2025,Broker,Garden,Cash,Finished,Unfurnished,Yes,Yes,14.35,Off-White,16308000.0
EG-14848,Cairo,New Cairo,264.0,3.0,3.0,2.0,2025,Broker,Pool,Cash,Finished,Unfurnished,Yes,Yes,13.02,Off-White,11633000.0
EG-14849,Cairo,Heliopolis,220.0,3.0,3.0,6.0,2020,Broker,Pool,Cash,Finished,Unfurnished,Yes,Yes,10.94,Brown,10328000.0
EG-14850,Cairo,Al-Haram,132.0,3.0,2.0,1.0,2026,Broker,Street,Installments,Unfinished,Unfurnished,Yes,No,1.22,Off-White,2498000.0
EG-14851,Cairo,Sheikh Zayed,240.0,4.0,3.0,9.0,1998,Broker,Street,Cash,Finished,Furnished,Yes,Yes,0.83,Brown,10340000.0
EG-14852,Cairo,Sheikh Zayed,145.0,2.0,2.0,2.0,2019,Broker,Garden,Cash,Unfinished,Furnished,Yes,Yes,12.58,Beige,13387000.0
EG-14853,Cairo,New Cairo,450.0,4.0,2.0,8.0,1992,Broker,Garden,Cash,Finished,Unfurnished,No,No,7.4,Brown,9218000.0
EG-14854,Cairo,Ain Shams,175.0,3.0,2.0,3.0,2025,Broker,Street,Cash,Finished,Furnished,No,No,12.24,Grey,2645000.0
EG-14855,Cairo,Maadi,195.0,4.0,3.0,10.0,2019,Broker,Street,Cash,Finished,Unfurnished,No,No,4.76,Brown,7585000.0
EG-14856,Cairo,Maadi,178.0,3.0,2.0,2.0,2017,Broker,Garden,Cash,Finished,Unfurnished,No,Yes,6.02,Beige,11291000.0
EG-14857,Cairo,Heliopolis,140.0,2.0,2.0,2.0,2025,Broker,Garden,Cash,Finished,Unfurnished,Yes,Yes,10.53,Off-White,20656000.0
EG-14858,Cairo,6th of October,240.0,3.0,3.0,12.0,2025,Broker,Street,Cash,Finished,Unfurnished,No,No,13.74,Grey,6039000.0
EG-14859,Cairo,Heliopolis,170.0,2.0,3.0,2.0,2025,Broker,Garden,Cash,Finished,Unfurnished,No,Yes,1.41,Brown,22159000.0
EG-14860,Cairo,Heliopolis,200.0,3.0,2.0,5.0,1980,Broker,Garden,Cash,Finished,Unfurnished,Yes,Yes,12.94,Beige,5436000.0
EG-14861,Cairo,Madinaty,240.0,3.0,3.0,5.0,2020,Broker,Pool,Cash,Unfinished,Unfurnished,No,No,11.92,Grey,7605000.0
EG-14862,Cairo,Maadi,167.0,3.0,3.0,1.0,2026,Broker,Lake,Installments,Finished,Furnished,Yes,No,4.8,Grey,11047000.0
EG-14863,Cairo,Al-Haram,105.0,2.0,1.0,4.0,2024,Broker,Street,Installments,Unfinished,Furnished,Yes,No,5.39,Grey,1769000.0
EG-14864,Cairo,Heliopolis,290.0,4.0,3.0,,2020,Broker,Pool,Cash,Finished,Unfurnished,No,Yes,0.79,Brown,10024000.0
EG-14865,Cairo,Nasr City,150.0,3.0,3.0,2.0,2021,Broker,Other,Cash,Finished,Unfurnished,No,No,0.33,Beige,4870000.0
EG-14866,Cairo,Shubra,134.0,2.0,2.0,5.0,2025,Broker,Other,Cash,Finished,Furnished,No,Yes,7.21,Beige,3679000.0
EG-14867,Cairo,Sheikh Zayed,140.0,2.0,2.0,2.0,2025,Broker,Garden,Cash,Finished,Unfurnished,Yes,Yes,1.52,Beige,20656000.0
EG-14868,Cairo,Al-Haram,194.0,3.0,3.0,1.0,2027,Developer,Street,Installments,Unfinished,Unfurnished,Yes,No,2.99,White,3986000.0
EG-14869,Cairo,Sheikh Zayed,167.0,3.0,3.0,1.0,2025,Broker,Garden,Installments,Finished,Unfurnished,Yes,No,12.72,Off-White,10313000.0
EG-14870,Cairo,Al-Haram,103.0,2.0,2.0,4.0,2017,Broker,Street,Cash,Finished,Furnished,No,Yes,8.61,Beige,5810000.0
EG-14871,Cairo,Sheikh Zayed,178.0,3.0,2.0,2.0,2017,Broker,Pool,Cash,Finished,Furnished,No,Yes,9.54,White,11982000.0
EG-14872,Cairo,Al-Haram,96.0,2.0,2.0,,2017,Broker,Street,Cash,Finished,Unfurnished,No,Yes,2.89,White,4679000.0
EG-14873,Cairo,Maadi,173.0,3.0,3.0,4.0,2025,Broker,Garden,Cash,Finished,Furnished,Yes,Yes,12.45,Grey,9807000.0
EG-14874,Cairo,6th of October,165.0,3.0,,3.0,2000,Broker,Street,Cash,Unfinished,Unfurnished,Yes,No,13.03,Off-White,4435000.0
EG-14875,Cairo,Madinaty,196.0,3.0,3.0,3.0,2025,Broker,Garden,Cash,Finished,Unfurnished,Yes,Yes,7.9,Grey,8154000.0
EG-14876,Cairo,Nasr City,133.0,3.0,3.0,2.0,2028,Broker,Street,Installments,Unfinished,Unfurnished,Yes,No,13.7,Off-White,3716000.0
EG-14877,Cairo,Heliopolis,129.0,2.0,2.0,5.0,2029,Broker,Garden,Installments,Unfinished,Unfurnished,Yes,Yes,12.69,Grey,6197000.0
EG-14878,Cairo,Ain Shams,110.0,2.0,2.0,3.0,2028,Broker,Street,Installments,Unfinished,Unfurnished,No,Yes,11.0,Brown,2028000.0
EG-14879,Cairo,Heliopolis,140.0,,2.0,1.0,2020,Broker,Pool,Cash,Finished,Furnished,Yes,Yes,11.04,Off-White,7961000.0
EG-14880,Cairo,Sheikh Zayed,165.0,3.0,3.0,2.0,2025,Broker,Pool,Cash,Finished,Furnished,No,Yes,1.67,White,9406000.0
EG-14881,Cairo,Madinaty,178.0,3.0,3.0,5.0,2025,Broker,Pool,Cash,Finished,Unfurnished,Yes,Yes,4.14,White,9241000.0
EG-14882,Cairo,Maadi,140.0,2.0,2.0,2.0,2025,Broker,Garden,Cash,Finished,Unfurnished,Yes,Yes,1.1,Off-White,20656000.0
EG-14883,Cairo,Al-Haram,156.0,3.0,2.0,4.0,2025,Broker,Street,Installments,Unfinished,Unfurnished,No,Yes,0.23,Grey,3973000.0
EG-14884,Cairo,Al-Haram,170.0,3.0,3.0,2.0,2025,Broker,Street,Installments,Unfinished,Unfurnished,Yes,No,2.46,Brown,2929000.0
EG-14885,Cairo,Heliopolis,280.0,3.0,2.0,3.0,1980,Broker,Pool,Cash,Finished,Unfurnished,No,Yes,13.22,Brown,11607000.0
EG-14886,Cairo,Heliopolis,210.0,3.0,3.0,3.0,2020,Broker,Garden,Installments,Unfinished,Furnished,No,Yes,3.67,Beige,8090000.0
EG-14887,Cairo,Nasr City,103.0,2.0,2.0,4.0,2025,Broker,Street,Cash,Finished,Furnished,No,Yes,14.56,Off-White,5810000.0
EG-14888,Cairo,Shubra,140.0,3.0,1.0,4.0,2002,Broker,Street,Cash,Finished,Furnished,Yes,Yes,9.0,Brown,2939000.0
EG-14889,Cairo,Heliopolis,210.0,3.0,2.0,1.0,2025,Broker,Street,Cash,Unfinished,Unfurnished,Yes,No,3.64,Grey,4343000.0
EG-14890,Cairo,New Cairo,235.0,3.0,3.0,2.0,2020,Broker,Street,Cash,Finished,Unfurnished,Yes,No,7.51,Grey,9955000.0
EG-14891,Cairo,Shubra,170.0,3.0,3.0,2.0,2025,Broker,Street,Installments,Unfinished,Unfurnished,No,Yes,3.36,White,2929000.0
EG-14892,Cairo,6th of October,170.0,3.0,2.0,3.0,2014,Broker,Other,Cash,Finished,Unfurnished,No,Yes,14.76,Brown,4379000.0
EG-14893,Cairo,Madinaty,211.0,3.0,3.0,4.0,2025,Broker,Pool,Cash,Finished,Unfurnished,Yes,Yes,12.72,Brown,10437000.0
EG-14894,Cairo,Al-Haram,152.0,3.0,2.0,1.0,2025,Broker,Street,Cash,Unfinished,Furnished,Yes,Yes,0.49,Grey,3233000.0
EG-14895,Cairo,Heliopolis,69.0,1.0,2.0,1.0,2028,Broker,Garden,Installments,Unfinished,Unfurnished,Yes,Yes,14.22,White,5136000.0
EG-14896,Cairo,Sheikh Zayed,300.0,3.0,3.0,11.0,2025,Broker,Street,Cash,Finished,Unfurnished,Yes,Yes,10.84,Brown,12308000.0
EG-14897,Cairo,Maadi,206.0,3.0,2.0,1.0,2025,Broker,Lake,Cash,Unfinished,Unfurnished,No,No,1.33,Grey,5518000.0
EG-14898,Cairo,6th of October,240.0,4.0,2.0,11.0,2025,Broker,Other,Cash,Finished,Unfurnished,Yes,Yes,10.09,White,6345000.0
EG-14899,Cairo,Sheikh Zayed,235.0,3.0,2.0,1.0,2025,Broker,Garden,Cash,Finished,Furnished,Yes,No,9.74,White,7839000.0
EG-14900,Cairo,Maadi,130.0,3.0,1.0,1.0,2013,Broker,Garden,Cash,Finished,Furnished,Yes,Yes,3.36,Grey,4615000.0
EG-14901,Cairo,Maadi,220.0,3.0,3.0,3.0,2025,Broker,Garden,Cash,Finished,Unfurnished,Yes,No,11.4,White,8758000.0
EG-14902,Cairo,Ain Shams,160.0,3.0,2.0,3.0,2024,Broker,Street,Installments,Unfinished,Unfurnished,Yes,Yes,1.4,White,1950000.0
EG-14903,Cairo,Maadi,140.0,3.0,2.0,2.0,2025,Broker,Lake,Cash,Finished,Furnished,Yes,Yes,7.39,Beige,5474000.0
EG-14904,Cairo,New Cairo,200.0,3.0,,1.0,2025,Broker,Garden,Cash,Finished,Furnished,No,Yes,0.25,White,9518000.0
EG-14905,Cairo,Shubra,125.0,3.0,2.0,3.0,2025,Broker,Street,Cash,Unfinished,Unfurnished,No,Yes,14.53,Brown,1478000.0
EG-14906,Cairo,Ain Shams,180.0,3.0,2.0,7.0,2013,Broker,Street,Cash,Finished,Unfurnished,Yes,Yes,11.3,White,3026000.0
EG-14907,Cairo,6th of October,103.0,2.0,2.0,2.0,2029,Broker,Street,Installments,Unfinished,Furnished,Yes,Yes,2.47,Brown,3350000.0
EG-14908,Cairo,Nasr City,96.0,2.0,2.0,3.0,2019,Broker,Other,Cash,Finished,Unfurnished,No,Yes,5.19,Grey,4835000.0
EG-14909,Cairo,Al-Haram,157.0,3.0,3.0,1.0,2027,Developer,Street,Installments,Unfinished,Unfurnished,Yes,Yes,2.49,White,3571000.0
EG-14910,Cairo,Heliopolis,170.0,2.0,2.0,,2025,Broker,Garden,Installments,Unfinished,Unfurnished,Yes,Yes,11.52,Grey,7028000.0
EG-14911,Cairo,Heliopolis,169.0,3.0,2.0,3.0,2026,Broker,Garden,Installments,Finished,Unfurnished,Yes,Yes,0.98,Off-White,9112000.0
EG-14912,Cairo,Nasr City,265.0,3.0,2.0,2.0,2025,Broker,Street,Cash,Finished,Unfurnished,Yes,No,12.62,White,5973000.0
EG-14913,Cairo,Maadi,240.0,3.0,3.0,2.0,2025,Broker,Pool,Cash,Finished,Furnished,Yes,Yes,14.14,Grey,8653000.0
EG-14914,Cairo,Ain Shams,180.0,3.0,2.0,7.0,2013,Broker,Other,Cash,Finished,Unfurnished,Yes,No,10.18,Off-White,2691000.0
EG-14915,Cairo,Maadi,174.0,4.0,3.0,2.0,2028,Broker,Garden,Installments,Unfinished,Unfurnished,Yes,Yes,3.27,Brown,6004000.0
EG-14916,Cairo,Nasr City,180.0,3.0,2.0,1.0,2025,Cash,Street,Cash,Finished,Unfurnished,No,No,5.47,Brown,3865000.0
EG-14917,Cairo,Nasr City,220.0,3.0,3.0,6.0,2024,Broker,Other,Cash,Unfinished,Unfurnished,Yes,Yes,7.21,Brown,5759000.0
EG-14918,Cairo,6th of October,161.0,3.0,2.0,2.0,2025,Broker,Other,Cash,Finished,Furnished,No,Yes,9.11,Brown,2759000.0
EG-14919,Cairo,Al-Haram,70.0,2.0,1.0,,2000,Broker,Other,Cash,Finished,Furnished,No,Yes,10.06,Brown,2905000.0
EG-14920,Cairo,Nasr City,140.0,3.0,2.0,3.0,2025,Broker,Other,Cash,Finished,Unfurnished,No,No,8.36,Beige,2745000.0
EG-14921,Cairo,Sheikh Zayed,225.0,,3.0,3.0,2025,Broker,Pool,Cash,Finished,Furnished,No,No,5.33,Grey,8152000.0
EG-14922,Cairo,Heliopolis,94.0,2.0,1.0,2.0,2024,Broker,Garden,Installments,Finished,Unfurnished,Yes,No,13.37,Off-White,4631000.0
EG-14923,Cairo,New Cairo,200.0,4.0,3.0,1.0,2025,Broker,Pool,Cash,Finished,Unfurnished,No,No,1.31,Off-White,10242000.0
EG-14924,Cairo,Ain Shams,90.0,3.0,1.0,1.0,2015,Broker,Street,Cash,Finished,Unfurnished,No,No,7.05,White,1836000.0
EG-14925,Cairo,Madinaty,165.0,3.0,3.0,1.0,2018,Broker,Pool,Cash,Finished,Unfurnished,Yes,Yes,11.66,Grey,7882000.0
EG-14926,Cairo,Maadi,180.0,3.0,2.0,3.0,2023,Broker,Garden,Cash,Finished,Unfurnished,Yes,No,1.01,Beige,6331000.0
EG-14927,Cairo,Heliopolis,190.0,3.0,2.0,2.0,2025,Broker,Garden,Cash,Finished,Unfurnished,Yes,Yes,10.61,Beige,8371000.0
EG-14928,Cairo,Sheikh Zayed,135.0,2.0,3.0,2.0,2024,Broker,Garden,Cash,Finished,Unfurnished,No,No,12.31,Grey,11266000.0
EG-14929,Cairo,6th of October,176.0,3.0,3.0,1.0,2024,Broker,Street,Cash,Finished,Unfurnished,Yes,Yes,9.95,Brown,6923000.0
EG-14930,Cairo,6th of October,180.0,3.0,2.0,1.0,2019,Broker,Street,Cash,Finished,Furnished,Yes,Yes,0.29,Brown,3701000.0
EG-14931,Cairo,Al-Haram,130.0,3.0,2.0,1.0,2025,Broker,Street,Cash,Finished,Unfurnished,No,Yes,2.78,Grey,3982000.0
EG-14932,Cairo,New Cairo,245.0,3.0,3.0,3.0,2018,Broker,Street,Cash,Finished,Unfurnished,Yes,Yes,5.2,Off-White,12821000.0
EG-14933,Cairo,Sheikh Zayed,250.0,3.0,3.0,2.0,2020,Broker,Street,Installments,Unfinished,Unfurnished,No,No,3.58,Brown,8310000.0
EG-14934,Cairo,Maadi,150.0,,2.0,2.0,2025,Broker,Garden,Cash,Finished,Unfurnished,Yes,Yes,14.44,White,5436000.0
EG-14935,Cairo,6th of October,149.0,3.0,3.0,4.0,2025,Broker,Street,Installments,Finished,Unfurnished,Yes,No,9.81,Beige,6603000.0
EG-14936,Cairo,Sheikh Zayed,122.0,2.0,2.0,2.0,2024,Broker,Garden,Cash,Finished,Unfurnished,Yes,Yes,4.52,Brown,10328000.0
EG-14937,Cairo,New Cairo,134.0,3.0,2.0,2.0,2024,Broker,Pool,Cash,Finished,Unfurnished,No,No,13.95,Off-White,8705000.0
EG-14938,Cairo,Sheikh Zayed,,3.0,3.0,5.0,2020,Broker,Garden,Installments,Unfinished,Furnished,No,No,11.13,Brown,9161000.0
EG-14939,Cairo,Maadi,143.0,2.0,2.0,0.0,2025,Broker,Garden,Installments,Unfinished,Furnished,Yes,Yes,4.34,Brown,5014000.0
EG-14940,Cairo,Al-Haram,150.0,3.0,2.0,2.0,2025,Broker,Other,Cash,Finished,Furnished,Yes,No,5.75,Beige,4841000.0
EG-14941,Cairo,Sheikh Zayed,245.0,4.0,4.0,3.0,2016,Broker,Pool,Cash,Finished,Unfurnished,No,Yes,3.07,White,13190000.0
EG-14942,Cairo,Madinaty,245.0,3.0,4.0,3.0,2015,Broker,Garden,Cash,Finished,Unfurnished,No,Yes,14.57,White,13190000.0
EG-14943,Cairo,New Cairo,170.0,3.0,3.0,6.0,2018,Broker,Garden,Cash,Finished,Unfurnished,Yes,Yes,7.81,Off-White,8371000.0
EG-14944,Cairo,Ain Shams,155.0,3.0,2.0,2.0,2025,Broker,Street,Cash,Unfinished,Unfurnished,No,No,13.45,Grey,2960000.0
EG-14945,Cairo,Heliopolis,170.0,3.0,3.0,0.0,2024,Broker,Garden,Cash,Finished,Unfurnished,No,Yes,5.26,Grey,7386000.0
EG-14946,Cairo,Maadi,124.0,2.0,2.0,1.0,2025,Broker,Street,Cash,Finished,Unfurnished,Yes,Yes,12.93,Grey,4410000.0
EG-14947,Cairo,Madinaty,152.0,3.0,3.0,2.0,2025,Broker,Pool,Installments,Unfinished,Furnished,Yes,Yes,0.9,Off-White,12929000.0
EG-14948,Cairo,New Cairo,231.0,4.0,4.0,2.0,2023,Broker,Pool,Cash,Finished,Unfurnished,Yes,Yes,14.73,Brown,10328000.0
EG-14949,Cairo,Maadi,223.0,3.0,3.0,5.0,2025,Broker,Garden,Cash,Unfinished,Unfurnished,No,No,13.69,White,5989000.0
EG-14950,Cairo,Nasr City,245.0,3.0,2.0,1.0,2020,Broker,Street,Cash,Unfinished,Furnished,Yes,Yes,5.51,White,6062000.0
EG-14951,Cairo,Madinaty,176.0,3.0,3.0,4.0,2025,Broker,Garden,Cash,Unfinished,Furnished,No,Yes,11.64,Brown,8108000.0
EG-14952,Cairo,Al-Haram,205.0,3.0,3.0,1.0,2026,Developer,Street,Installments,Unfinished,Unfurnished,No,Yes,11.31,White,4651000.0
EG-14953,Cairo,Maadi,176.0,3.0,,13.0,2027,Broker,Garden,Installments,Finished,Unfurnished,No,Yes,13.53,White,9963000.0
EG-14954,Cairo,Maadi,163.0,3.0,1.0,13.0,2027,Broker,Lake,Installments,Finished,Unfurnished,Yes,No,4.68,Grey,9483000.0
EG-14955,Cairo,Sheikh Zayed,229.0,3.0,1.0,12.0,2027,Broker,Street,Installments,Finished,Unfurnished,No,Yes,7.04,Grey,11117000.0
EG-14956,Cairo,Nasr City,165.0,3.0,2.0,4.0,2025,Broker,Street,Cash,Unfinished,Unfurnished,Yes,No,12.99,Beige,3003000.0
EG-14957,Cairo,Shubra,106.0,2.0,2.0,5.0,2026,Broker,Street,Installments,Unfinished,Furnished,Yes,Yes,11.7,Beige,2455000.0
EG-14958,Cairo,Maadi,,3.0,3.0,2.0,2025,Broker,Lake,Cash,Unfinished,Unfurnished,No,Yes,5.96,White,3881000.0
EG-14959,Cairo,Nasr City,170.0,4.0,3.0,2.0,2024,Broker,Street,Cash,Unfinished,Furnished,No,No,12.7,Grey,3902000.0
EG-14960,Cairo,New Cairo,200.0,3.0,3.0,,2019,Broker,Garden,Cash,Finished,Unfurnished,Yes,No,0.8,Beige,10552000.0
EG-14961,Cairo,Heliopolis,184.0,4.0,3.0,3.0,2028,Broker,Garden,Installments,Unfinished,Furnished,Yes,No,11.75,Beige,6749000.0
EG-14962,Cairo,Nasr City,175.0,3.0,,1.0,2025,Broker,Street,Cash,Finished,Unfurnished,Yes,Yes,3.18,Grey,5949000.0
EG-14963,Cairo,Heliopolis,163.0,2.0,,2.0,2027,Broker,Pool,Installments,Finished,Unfurnished,No,Yes,4.36,Beige,12562000.0
EG-14964,Cairo,Ain Shams,110.0,3.0,1.0,13.0,2015,Broker,Street,Cash,Finished,Unfurnished,No,No,7.45,Brown,3768000.0
EG-14965,Cairo,Maadi,158.0,3.0,3.0,3.0,2028,Broker,Lake,Installments,Unfinished,Unfurnished,Yes,Yes,6.8,Brown,13082000.0
EG-14966,Cairo,New Cairo,143.0,3.0,2.0,5.0,2025,Broker,Pool,Cash,Finished,Furnished,No,Yes,7.86,Grey,8063000.0
EG-14967,Cairo,Ain Shams,123.0,3.0,3.0,3.0,2027,Broker,Street,Installments,Unfinished,Furnished,No,Yes,8.22,Grey,2941000.0
EG-14968,Cairo,New Cairo,168.0,3.0,2.0,2.0,2020,Broker,Street,Cash,Finished,Furnished,Yes,Yes,5.04,Beige,10884000.0
EG-14969,Cairo,Nasr City,166.0,3.0,3.0,3.0,2025,Broker,Street,Installments,Unfinished,Unfurnished,No,Yes,2.71,White,3995000.0
EG-14970,Cairo,New Cairo,147.0,2.0,2.0,2.0,2025,Broker,Garden,Cash,Unfinished,Unfurnished,Yes,No,11.55,Off-White,9991000.0
EG-14971,Cairo,Al-Haram,124.0,2.0,1.0,1.0,2029,Broker,Street,Installments,Unfinished,Unfurnished,No,Yes,6.06,Brown,4414000.0
EG-14972,Cairo,Maadi,120.0,2.0,2.0,2.0,2025,Broker,Garden,Cash,Unfinished,Unfurnished,Yes,No,7.64,Brown,4799000.0
EG-14973,Cairo,Heliopolis,,3.0,2.0,4.0,2022,Broker,Garden,Cash,Finished,Furnished,No,Yes,9.71,Grey,4479000.0
EG-14974,Cairo,6th of October,115.0,2.0,2.0,18.0,2010,Broker,Other,Cash,Finished,Unfurnished,Yes,Yes,13.65,White,3196000.0
EG-14975,Cairo,Al-Haram,120.0,3.0,1.0,15.0,2015,Broker,Street,Cash,Finished,Unfurnished,Yes,Yes,10.64,Grey,3692000.0
EG-14976,Cairo,Al-Haram,140.0,3.0,2.0,7.0,2025,Broker,Other,Cash,Unfinished,Unfurnished,Yes,Yes,0.78,Beige,1920000.0
EG-14977,Cairo,Ain Shams,115.0,2.0,1.0,3.0,2000,Broker,Street,Cash,Finished,Unfurnished,No,Yes,12.59,White,3633000.0
EG-14978,Cairo,6th of October,65.0,2.0,1.0,3.0,2010,Broker,Street,Cash,Finished,Unfurnished,Yes,No,14.84,Beige,2190000.0
EG-14979,Cairo,Sheikh Zayed,,3.0,3.0,2.0,2026,Broker,Pool,Installments,Unfinished,Unfurnished,No,No,7.14,Brown,15300000.0
EG-14980,Cairo,Heliopolis,135.0,3.0,2.0,2.0,2029,Broker,Pool,Installments,Unfinished,Unfurnished,Yes,Yes,14.55,Grey,5798000.0
EG-14981,Cairo,Ain Shams,135.0,3.0,1.0,2.0,2022,Broker,Street,Cash,Finished,Unfurnished,No,Yes,8.26,Grey,2638000.0
EG-14982,Cairo,Shubra,126.0,2.0,1.0,5.0,2025,Broker,Other,Cash,Finished,Unfurnished,Yes,Yes,6.95,Off-White,3384000.0
EG-14983,Cairo,6th of October,130.0,3.0,2.0,0.0,2028,Broker,Street,Installments,Unfinished,Unfurnished,Yes,Yes,5.04,White,6040000.0
EG-14984,Cairo,6th of October,90.0,2.0,2.0,3.0,2025,Broker,Other,Cash,Finished,Unfurnished,Yes,No,9.9,Brown,4197000.0
EG-14985,Cairo,Maadi,170.0,3.0,2.0,8.0,2025,Broker,Street,Cash,Finished,Furnished,Yes,Yes,3.52,Off-White,6313000.0
EG-14986,Cairo,Ain Shams,76.0,2.0,1.0,0.0,2000,Broker,Other,Cash,Finished,Unfurnished,No,Yes,1.66,Off-White,1825000.0
EG-14987,Cairo,Maadi,168.0,3.0,2.0,1.0,2025,Broker,Street,Cash,Finished,Unfurnished,No,No,0.51,Grey,7246000.0
EG-14988,Cairo,Al-Haram,120.0,2.0,1.0,2.0,2003,Broker,Street,Cash,Finished,Unfurnished,Yes,Yes,4.46,White,2974000.0
EG-14989,Cairo,Sheikh Zayed,200.0,3.0,1.0,10.0,2025,Broker,Garden,Cash,Finished,Unfurnished,No,Yes,6.0,Grey,7597000.0
EG-14990,Cairo,Al-Haram,200.0,3.0,2.0,9.0,1999,Broker,Street,Cash,Finished,Unfurnished,Yes,Yes,8.33,White,4718000.0
EG-14991,Cairo,Sheikh Zayed,180.0,3.0,3.0,0.0,2028,Broker,Garden,Installments,Unfinished,Furnished,Yes,Yes,4.46,Off-White,9046000.0
EG-14992,Cairo,Al-Haram,195.0,3.0,3.0,1.0,2028,Developer,Street,Installments,Unfinished,Unfurnished,Yes,No,14.76,Beige,4398000.0
EG-14993,Cairo,Heliopolis,124.0,,2.0,2.0,2026,Broker,Garden,Cash,Finished,Unfurnished,Yes,Yes,4.45,Brown,5979000.0
EG-14994,Cairo,Nasr City,231.0,3.0,3.0,1.0,2025,Broker,Other,Installments,Unfinished,Unfurnished,No,Yes,6.67,Off-White,4961000.0
EG-14995,Cairo,Al-Haram,120.0,2.0,2.0,,2025,Broker,Other,Installments,Unfinished,Furnished,No,Yes,1.64,Grey,4334000.0
EG-14996,Cairo,6th of October,100.0,2.0,1.0,,2017,Broker,Street,Cash,Finished,Unfurnished,Yes,Yes,3.98,Brown,1262000.0
EG-14997,Cairo,Al-Haram,125.0,2.0,2.0,2.0,2023,Broker,Street,Cash,Finished,Unfurnished,No,Yes,0.82,Off-White,3086000.0
EG-14998,Cairo,New Cairo,169.0,3.0,2.0,2.0,2025,Broker,Pool,Cash,Unfinished,Unfurnished,No,No,8.44,White,8081000.0
EG-14999,Cairo,Nasr City,167.0,3.0,3.0,4.0,2006,Broker,Street,Cash,Finished,Unfurnished,Yes,Yes,11.29,Grey,5744000.0
EG-15000,Cairo,Al-Haram,209.0,3.0,,1.0,2026,Developer,Street,Installments,Unfinished,Furnished,Yes,No,3.02,Off-White,4698000.0
